"ref_id","ref_name","function_unit_name"
3064,"market for consumer electronics, mobile device, smartphone",unit
788,"consumer electronics production, mobile device, smartphone",unit
2460,"market for battery cell, Li-ion, NMC811",kg
5657,"market for transport, freight, lorry with refrigeration machine, 3.5-7.5 ton, EURO3, R134a refrigerant, freezing",metric ton*km
8551,"treatment of spent nuclear fuel, conditioning",kg
742,"concrete production, 30MPa, for building construction, for interior use, with cement ZN/D, with 50% RC-C aggregates",kg
2820,"market for cable, three-conductor cable",m
8503,"treatment of sewage sludge, 97% water, WWT-SLF, refinery sludge, landfarming",kg
4672,"market for pulpwood, hardwood, measured as solid wood under bark",m3
223,"assembly of generator and motor, auxilliaries and energy use, heat and power co-generation unit, 160kW electrical",unit
4660,market for propionic acid,kg
3489,"market for furnace, wood chips, average storage area, 50kW",unit
7283,"soybean production, organic",kg
3873,"market for leachate, SLF, waste asphalt",m3
8929,"treatment of waste polyvinylchloride, sanitary landfill",kWh
1422,"fodder loading, by self-loading trailer",m3
3515,"market for generator, 200kW electrical",unit
6773,"pipeline construction, petroleum, offshore",km
3831,"market for land tenure, arable land, measured as carbon net primary productivity, forest, intensive",kg
8811,"treatment of waste paperboard, unsorted, sorting",kg
5739,"market for transport, passenger car, small size, petrol, EURO 3",km
1946,"land already in use, perennial cropland to forest, intensive",kg
6384,"natural gas production, liquefied",m3
6414,"natural gas, high pressure, import from LY",m3
2921,"market for cement, Portland",kg
3981,"market for machine operation, diesel, >= 74.57 kW, low load factor",hour
5152,"market for sewage sludge, 75% water, WWT, WW from liquid crystal production",kg
3628,"market for heat and power co-generation unit, 200kW electrical, components for heat only",unit
6234,market group for maize grain,kg
4907,"market for residues, MSWI[F], waste polypropylene",kg
1201,"electronic component machinery production, unspecified",unit
8735,"treatment of waste glass, municipal incineration FAE",MJ
3471,"market for furnace, logs, 30kW",unit
2449,"market for basic oxygen furnace secondary metallurgy slag, for recovery",kg
189,"anchovy, capture by steel purse seiner and landing whole, fresh",kg
5686,"market for transport, freight, lorry with refrigeration machine, 7.5-16 ton, EURO6, carbon dioxide, liquid refri(...)_15",metric ton*km
5371,"market for soybean, organic",kg
2326,market for aluminium melting furnace,unit
7264,"solder production, paste, Sn63Pb37, for electronics industry",kg
7239,"sodium silicate production, spray powder, 80%",kg
8290,"treatment of residues, MSWI[F]-WWT, WW from potato starch production, residual material landfill",kg
3715,"market for ilmenite, 54% titanium dioxide",kg
2024,"limestone and gypsum application, by spreader",ha
8981,"treatment of waste, from silicon wafer production, underground deposit",kg
8458,"treatment of sewage sludge, 75% water, WWT, WW from particle board production, sanitary landfill",kWh
3965,"market for low voltage system, for Li-ion battery",kg
1652,"heat and power co-generation unit construction, organic Rankine cycle, 1400kW thermal, components for electricity only",unit
5655,"market for transport, freight, lorry with reefer, freezing",metric ton*km
2394,"market for application of plant protection product, by field sprayer",ha
349,"blast furnace dust, for recovery to generic market for supplementary cementitious materials",kg
3958,"market for lorry with refrigeration machine, R134a as refrigerant, 16 metric ton",unit
6692,"petrol, unleaded, burned in machinery",MJ
671,"coffee green bean production, arabica, not irrigated",kg
4529,"market for polyester resin, unsaturated",kg
7046,"refractory production, basic, packed",kg
2667,"market for bottom ash, MSWI[F], lignite ash",kg
5791,market for ultrafiltration module,unit
5795,market for uranium enrichment centrifuge facility,unit
4522,market for pollutant from rail ballast,kg
5931,"market for venting of argon, crude, liquid",kg
1954,"landed anchovy by-catch, fresh to generic market for marine fish",kg
4773,"market for residues, MSWI, residue from mechanical treatment, IT accessory",kg
553,"cement production, CP III",kg
9245,"wood preservation, spray tunnel/deluging, water-based preservative, outdoor use, no ground contact",kg
7135,"selective coating, copper sheet, physical vapour deposition",m2
583,"chemical production, inorganic",kg
1727,"heat production, softwood chips from forest, at furnace 1000kW",MJ
4552,market for polystyrene foam slab for perimeter insulation,kg
4347,"market for packaging glass, white",kg
5926,"market for ventilation system, central, 1 x 720 m3/h, steel ducts, with earth tube heat exchanger",unit
4896,"market for residues, MSWI[F], waste expanded polystyrene",kg
1249,ethanol production from sweet sorghum,kg
8159,"treatment of residues, MSWI, waste polyvinylchloride, residual material landfill",kg
4640,"market for printed wiring board, surface mounted, unspecified, Pb containing",kg
6178,"market for wooden board factory, cement bonded boards",unit
7888,"treatment of bottom ash, MSWI[F], used LCD module, slag compartment",kg
3647,"market for heat and power co-generation unit, organic Rankine cycle, 3MW electrical",unit
9248,"wood preservative production, creosote",kg
183,ammonium thiocyanate production,kg
6174,"market for wood preservative, water-based, indoor use, occasionally wet",kg
9033,trimethyl borate production,kg
2642,"market for bottom ash, MSWI-WWT-SLF, waste graphical paper",kg
6141,"market for wood cladding, softwood",m2
9028,triclopyr production,kg
7308,"steel milling, small parts",kg
8368,"treatment of sewage sludge, 70% water, WWT, WW from plywood production, municipal incineration",MJ
8815,"treatment of waste plastic plaster, collection for final disposal",kg
8416,"treatment of sewage sludge, 70% water, WWT-SLF, waste paperboard, municipal incineration",kWh
4494,market for planting tree,unit
3848,"market for laser machining, metal, with CO2-laser, 4000W power",hour
7082,rye production,kg
6019,market for waste polyvinylchloride,kg
1799,"hydrochloric acid production, from the reaction of hydrogen with chlorine",kg
3416,"market for fishmeal, 63-65% protein",kg
8537,"treatment of sludge, NaCl electrolysis Hg, residual material landfill",kg
677,"coke production, wet quenching",kg
4925,"market for residues, MSWI[F]-WWT, WW from black chrome coating",kg
8037,"treatment of leachate, SLF, waste packaging paper, wastewater treatment",m3
3301,market for erbium oxide,kg
3493,"market for furnace, wood chips, softwood storage area, 1000kW",unit
2076,"machine operation, diesel, >= 18.64 kW and < 74.57 kW, steady-state",hour
6618,"packaging glass production, white, without cullet",kg
1718,"heat production, natural gas, at boiler condensing modulating >100kW",MJ
4713,market for raw sewage sludge,kg
8433,"treatment of sewage sludge, 70% water, WWT-SLF, waste polyvinylchloride, municipal incineration FAE",kg
5045,"market for sawnwood, lath, hardwood, dried (u=20%), planed",m3
7052,refrigerator production,unit
346,"bitumen seal production, VA4",kg
3146,"market for deep drawing, steel, 650 kN press, automode",kg
6175,"market for wood preservative, water-based, outdoor use, no ground contact",kg
7309,"steel production, chromium steel 18/8, hot rolled",kg
1643,"heat and power co-generation unit construction, 50kW electrical, common components for heat+electricity",unit
3999,"market for maintenance, bicycle",unit
7115,"sawnwood production, softwood, dried (u=20%), planed",m3
2165,mancozeb production,kg
976,"electric parts production, heat and power co-generation unit, 160kW electrical",unit
4604,"market for poultry manure, dried",kg
604,chlorodifluoromethane production,kg
5388,"market for spiral-seam duct, steel, DN 400",m
6451,"nickel mine operation and benefication to nickel concentrate, 7% Ni",kg
7143,"sewer grid construction, 4.7E10l/year, 583 km",km
7421,tebuconazole production,kg
4682,"market for purse seiner, steel",kg
8618,"treatment of used exhaust air valve, in-wall housing, plastic/steel, DN 125",unit
4249,"market for nuclear waste storage, final repository for high level radioactive waste",unit
5541,"market for tilapia feed, 24-28% protein",kg
8343,"treatment of sewage sludge, 70% water, WWT, WW from LCD backlight production, municipal incineration FAE",kg
1042,"electricity voltage transformation from high to medium voltage, aluminium industry",kWh
2344,"market for aluminium scrap, post-consumer, prepared for melting",kg
4353,"market for packing, fibre cement product",kg
5970,market for waste foundry sand,kg
7393,"synthetic gas production, from wood, at fixed bed gasifier",m3
803,"converter production, for electric passenger car",kg
14,"2,5-dimethylhexane-2,5-dihydroperoxide production",kg
8426,"treatment of sewage sludge, 70% water, WWT-SLF, waste polypropylene, municipal incineration",kWh
8321,"treatment of residues, MSWI[F]-WWT[R], WW from anaerobic digestion of whey, residual material landfill",kg
1726,"heat production, propane, at industrial furnace >100kW",MJ
5403,market for steel in car shredder residue,kg
5576,market for titanium tetrachloride,kg
4387,"market for pea seed, organic, for sowing",kg
8345,"treatment of sewage sludge, 70% water, WWT, WW from LCD production, municipal incineration FAE",MJ
7567,"transport, freight, lorry 7.5-16 metric ton, EURO3",metric ton*km
3563,"market for grass seed, Swiss integrated production, for sowing",kg
4767,"market for residues, MSWI, copper in car shredder residue",kg
7096,sand-lime brick production,kg
2577,"market for bottom ash, MSWI, waste graphical paper",kg
3884,"market for leachate, SLF, waste plastic, mixture",m3
7178,"single-Si wafer production, for electronics",m2
7464,"tillage, harrowing, by offset disc harrow",ha
7063,"resorcinol production, hydroperoxidation of meta-diisopropylbenzene",kg
7578,"transport, freight, lorry >32 metric ton, unregulated",metric ton*km
5009,market for sanitary landfill facility,unit
8310,"treatment of residues, MSWI[F]-WWT-SLF, waste paperboard, residual material landfill",kg
7904,"treatment of bottom ash, MSWI[F], waste polyethylene, slag compartment",kg
7377,sulfuryl chloride production,kg
1334,"fava bean production, organic",kg
2367,"market for anaerobic digestion plant, agriculture, with methane recovery",unit
3111,"market for cottonseed, organic, for sowing",kg
4215,market for neodymium oxide,kg
7347,"suction, sawdust",kg
992,"electricity production, hydro, reservoir, alpine region, renewable energy products",kWh
382,"brass drilling, computer numerical controlled",kg
2228,"market for N,N-dimethylformamide",kg
3285,"market for elevator, hydraulic",unit
3875,"market for leachate, SLF, waste emulsion paint",m3
797,"containerboard production, unspecified",kWh
6135,"market for wood chipping, forwarder with terrain chipper, in forest",hour
3684,"market for high voltage system, for Li-ion battery",kg
9212,"window frame production, wood, U=1.5 W/m2K",kg
2327,market for aluminium oxide factory,unit
1646,"heat and power co-generation unit construction, 6400kW thermal, building",unit
5028,"market for sawnwood, beam, softwood, dried (u=20%), planed",m3
2990,"market for cladding, crossbar-pole, aluminium",m2
8762,"treatment of waste gypsum plasterboard, collection for final disposal",kg
7144,"sewer grid construction, 5E9l/year, 110 km",km
8416,"treatment of sewage sludge, 70% water, WWT-SLF, waste paperboard, municipal incineration",MJ
1147,"electricity, high voltage, import from PY",kWh
6140,"market for wood chips, wet, measured as dry mass",kg
1045,electricity voltage transformation from medium to low voltage,kWh
639,clay to generic market for supplementary cementitious materials,kg
5105,"market for sewage sludge, 70% water, WWT, condensate from light oil boiler",kg
5650,"market for transport, freight, lorry >32 metric ton, EURO4",metric ton*km
8731,"treatment of waste glass sheet, collection for final disposal",kg
7865,"treatment of bottom ash, MSWI[F], coating from waste CRT display, slag compartment",kg
4034,"market for maintenance, transmission network, electricity, high voltage direct current aerial line",km*year
8000,"treatment of fly ash and scrubber sludge, hazardous waste incineration, with energy recovery",kg
29,"BTX production, from reformate, average",kg
8067,"treatment of municipal solid waste, municipal incineration FAE",kWh
8134,"treatment of residues, MSWI, residue from mechanical treatment, laser printer, residual material landfill",kg
255,"barley grain, feed production, organic",kg
8176,"treatment of residues, MSWI-WWT, WW from black chrome coating, residual material landfill",kg
903,dimethyl hexanediol production,kg
7344,styrene production,kg
4795,"market for residues, MSWI, waste plastic, consumer electronics",kg
6413,"natural gas, high pressure, import from KZ",m3
4700,"market for railway track, for high-speed train",m*year
9280,"zinc coating, pieces",m2
630,citric acid production,MJ
5805,"market for uranium, enriched 3.9%, in fuel element for light water reactor",kg
1980,"lath, softwood, raw, kiln drying to u=10%",m3
8070,"treatment of municipal solid waste, open dump, hyperarid infiltration class (-250mm)",kg
4000,"market for maintenance, bulk carrier, for dry goods",unit
7004,"pyrolysis fuel gas to generic market for residual hydrocarbon mix, from steam cracking operations",kg
3879,"market for leachate, SLF, waste newspaper",m3
2468,"market for battery, Li-ion, NMC811, rechargeable, prismatic",kg
3472,"market for furnace, logs, 6kW",unit
8606,"treatment of used desktop computer, mechanical treatment",kg
6052,market for wastewater from ground granulated blast furnace slag production,m3
3233,"market for dust collector, electrostatic precipitator, for domestic use",unit
4595,"market for potato seed, Swiss integrated production, for setting",kg
8903,"treatment of waste polyurethane seal, collection for final disposal",kg
315,benzyl alcohol production,kg
6459,nitrobenzene production,kg
2929,"market for cement, type IP",kg
6841,"polyethylene production, high density, granulate",kg
8953,"treatment of waste textile, soiled, municipal incineration",kg
8795,"treatment of waste paper, unsorted, sorting",kg
787,"construction work, heat and power co-generation unit, 160kW electrical",unit
7750,"treatment of bottom ash, MSWI, coating from waste CRT display, slag compartment",kg
6822,plywood production,kg
7296,stalk shredding,ha
4469,"market for photovoltaic slanted-roof installation, 3kWp, single-Si, panel, mounted, on roof",unit
6409,"natural gas, high pressure, import from HU",m3
1658,"heat and power co-generation, hard coal",MJ
4777,"market for residues, MSWI, residue from mechanical treatment, laptop computer",kg
8719,"treatment of waste emulsion paint, inert material landfill",kg
1460,"furnace production, pellets, 25kW",unit
5529,"market for thermal spraying, atmospheric plasma spray, tungsten carbide-cobalt, on carbon steel substrate",m2
4602,"market for potato, organic",kg
7413,"tap water production, seawater reverse osmosis, ultrafiltration pretreatment, baseline module, single stage",kg
1962,"laser machining, metal, with CO2-laser, 3200W power",hour
4127,market for methylcyclohexane,kg
3497,"market for furnace, wood chips, with silo, 300kW",unit
4109,"market for metallization paste, front side",kg
4380,"market for particleboard, cement bonded",m3
1505,glass tube factory construction,unit
3281,market for electronics scrap,kg
6681,perlite quarry operation,kg
4741,market for refrigerator,unit
2172,manganese sulfate production,kg
2123,"maintenance, refrigeration machine",unit
556,"cement production, Portland",kg
170,amine oxides production,kg
6959,"printing ink production, rotogravure, product in 55% toluene solution state",kg
9275,ytterbium oxide to generic market for mischmetal,kg
8772,"treatment of waste mineral wool, inert material landfill",kg
8169,"treatment of residues, MSWI, zinc in car shredder residue, residual material landfill",kg
5989,market for waste paint on metal,kg
6221,"market group for heat, district or industrial, natural gas",MJ
8098,"treatment of residue from TiO2 production, chloride process, residual material landfill",kg
121,"aluminium around steel bi-metal wire production, 3.67 mm external diameter",m
2661,"market for bottom ash, MSWI[F], biowaste",kg
2028,limestone quarry operation,kg
8478,"treatment of sewage sludge, 97% water, WWT, WW from black chrome coating, landfarming",kg
9218,"wood chipping, terrain chipper, diesel",hour
5991,market for waste paint on wood,kg
1010,"electricity production, photovoltaic, 3kWp facade installation, multi-Si, laminated, integrated",kWh
8393,"treatment of sewage sludge, 70% water, WWT-SLF, refinery sludge, municipal incineration FAE",kWh
8506,"treatment of sewage sludge, 97% water, WWT-SLF, sludge from pulp and paper production, landfarming",kg
8874,"treatment of waste polypropylene, municipal incineration FAE",kg
94,"aircraft production, belly-freight aircraft, very short haul",unit
5666,"market for transport, freight, lorry with refrigeration machine, 3.5-7.5 ton, EURO5, carbon dioxide, liquid refri(...)_3",metric ton*km
4338,market for p-nitrotoluene,kg
6998,"purse seiner maintenance, wood",kg
7114,"sawnwood production, softwood, dried (u=10%), planed",m3
4879,"market for residues, MSWI[F], residue from mechanical treatment, CRT display",kg
5716,"market for transport, passenger car, large size, diesel, EURO 5",km
7055,"residential sewer grid construction, 0.087 km",km
1607,"hardwood forestry, eucalyptus ssp., sustainable forest management",m3
6395,"natural gas, high pressure, import from AE",m3
1431,"forwarder production, with terrain chipper",unit
7675,"transport, passenger car, medium size, petrol, EURO 3",km
3100,market for core board,kg
3072,"market for contouring, brass",kg
1177,"electricity, high voltage, nuclear, import from France",kWh
6507,nutrient supply from potassium chloride sludge,kg
9059,"uranium fuel element production, enriched 3.8%, for light water reactor",kg
5760,"market for tree seedling, for planting",unit
7860,"treatment of bottom ash, MSWI-WWT-SLF[W], waste plastic, consumer electronics, slag compartment, wet class",kg
4941,"market for residues, MSWI[F]-WWT, rainwater mineral oil storage",kg
5390,market for spoil from hard coal mining,kg
1553,"gravel production, crushed",kg
6071,"market for wastewater treatment facility, capacity 1E9l/year",unit
1667,"heat and power co-generation, natural gas, conventional power plant, 100MW electrical",MJ
438,"cable production, unspecified",kg
7662,"transport, passenger car, large size, natural gas, EURO 3",km
4662,market for propylene,kg
1373,"fibreboard production, soft, from wet & dry processes",kg
8813,"treatment of waste plaster-cardboard sandwich, recycling",kg
7626,"transport, freight, sea, tanker for liquid goods other than petroleum and liquefied natural gas",metric ton*km
1839,"impact extrusion of steel, hot, initial warming",kg
6862,"polystyrene foam slab production, 45% recycled",kg
713,"concrete production, 20MPa, for building construction, with cement, Portland",m3
880,dichloromethane production,kg
3566,"market for grass silage, organic",kg
758,"concrete production, 35MPa, with cement, CEM II/B",m3
7555,"transport, freight, lorry 16-32 metric ton, EURO6",metric ton*km
435,"cable production, printer cable, without plugs",m
6697,petroleum coke to generic market for coke,MJ
913,dimethyldichlorosilane production,kg
5328,"market for sodium silicate, spray powder, 80%",kg
2459,"market for battery cell, Li-ion, NMC111",kg
7095,sand to generic market for inert filler,kg
2920,"market for cement, CP V RS",kg
8949,"treatment of waste sealing sheet, polyethylene, municipal incineration",kg
3823,market for keyboard,unit
8553,"treatment of spent oxychlor catalyst, hazardous waste incineration",kg
2646,"market for bottom ash, MSWI-WWT-SLF, waste paperboard",kg
1117,"electricity, high voltage, import from IE",kWh
7416,"tap water production, ultrafiltration treatment",kg
7380,"sunflower seed production, for sowing",kg
307,bentonite quarry operation,kg
5891,"market for used silencer steel, DN 125",unit
1151,"electricity, high voltage, import from RME",kWh
388,"brass turning, primarily dressing, conventional",kg
3269,"market for electrode, positive, LaNi5",kg
8423,"treatment of sewage sludge, 70% water, WWT-SLF, waste polyethylene terephthalate, municipal incineration FAE",kg
8124,"treatment of residues, MSWI, digester sludge, residual material landfill",kg
8109,"treatment of residue from mechanical treatment, laptop computer, municipal incineration",MJ
2952,"market for chipper, mobile, diesel",unit
2314,"market for aluminium alloy, AlMg3",kg
756,"concrete production, 35MPa, for building construction, with cement, CP-II-F",m3
5200,"market for sewage sludge, 97% water, WWT-SLF, refinery sludge",kg
6524,"nylon 6-6 production, glass-filled",kg
8851,"treatment of waste polyethylene terephthalate, sanitary landfill",kWh
6997,"purse seiner maintenance, steel",kg
5984,"market for waste natural gas, sweet",MJ
5521,"market for textile, kenaf",kg
7916,"treatment of bottom ash, MSWI[F], waste wood pole, chrome preserved, slag compartment",kg
9174,"welding, arc, aluminium",m
4779,"market for residues, MSWI, residue from shredder fraction from manual dismantling",kg
3729,"market for impact extrusion of steel, cold, 5 strokes",kg
2994,market for clay plaster,kg
7620,"transport, freight, sea, bulk carrier for dry goods",metric ton*km
8461,"treatment of sewage sludge, 75% water, WWT, WW from potato starch production, sanitary landfill",kg
3865,"market for leachate, SLF, inert waste",m3
7561,"transport, freight, lorry 3.5-7.5 metric ton, EURO4",metric ton*km
8734,"treatment of waste glass, municipal incineration",MJ
7411,"tap water production, seawater reverse osmosis, conventional pretreatment, enhance module, single stage",kg
6935,precious metal refinery construction,unit
15,"2,6-di-tert-butylphenol production",kg
8201,"treatment of residues, MSWI-WWT-SLF, refinery sludge, residual material landfill",kg
370,"board, hardwood, raw, air drying to u=20%",m3
1140,"electricity, high voltage, import from NI",kWh
8464,"treatment of sewage sludge, 75% water, WWT, WW from vegetable oil refinery, sanitary landfill",MJ
120,"aluminium around steel bi-metal stranded cable production, 3x3.67mm external diameter wire",m
5982,"market for waste mixed aggregates, from demolition",kg
8834,"treatment of waste plastic, mixture, open dump, very wet infiltration class (1000mm)",kg
1423,fodder yeast to generic market for protein feed,MJ
2137,maize chop to generic market for energy feed,MJ
7253,"softwood forestry, spruce, sustainable forest management",kg
6465,"non-ionic surfactant production, fatty acid derivate",kg
5166,"market for sewage sludge, 75% water, WWT, rainwater mineral oil storage",kg
5552,"market for tillage, harrowing, by rotary harrow",ha
2075,"machine operation, diesel, >= 18.64 kW and < 74.57 kW, low load factor",hour
3444,market for foaming agent,kg
416,burnt shale production,kg
8486,"treatment of sewage sludge, 97% water, WWT, WW from medium density board production, landfarming",kg
7202,"sodium chloride production, powder",kg
3523,"market for glass cullet, from used cathode ray tube panels",kg
1413,flyash brick production,kg
2281,"market for air filter, decentralized unit, 180-250 m3/h",unit
4616,"market for power sawing, without catalytic converter",hour
6485,nutrient supply from ammonium chloride,kg
6400,"natural gas, high pressure, import from CA",m3
4450,"market for photovoltaic mounting system, for facade installation",m2
2077,"machine operation, diesel, >= 18.64 kW and < 74.57 kW, underground mining",hour
2082,"machine operation, diesel, >= 74.57 kW, underground mining",hour
7024,"rare earth element mine operation and beneficiation, ion adsorption clays",kg
8362,"treatment of sewage sludge, 70% water, WWT, WW from maize starch production, municipal incineration",kg
5902,"market for used triple glazing, U<0.5W/m2K",m2
2011,lignite briquettes production,MJ
238,barge production,unit
1542,"grass production, organic, intensive",kg
8512,"treatment of sewage sludge, 97% water, WWT-SLF, waste graphical paper, landfarming",kg
3130,"market for damaged clay roof tile, glazed",kg
7726,treatment of automobile catalyst,kg
5108,"market for sewage sludge, 70% water, WWT-SLF, hard coal ash",kg
3935,"market for linseed seed, for sowing",kg
579,"cheese production, soft, from cow milk",kg
5163,"market for sewage sludge, 75% water, WWT, WW, average",kg
2038,"liquid crystal display production, unmounted, mobile device",kg
8048,"treatment of leachate, SLF, waste wood, untreated, wastewater treatment",m3
4056,market for maleic hydrazide,kg
5662,"market for transport, freight, lorry with refrigeration machine, 3.5-7.5 ton, EURO4, carbon dioxide, liquid refr(...)_10",metric ton*km
368,"blower and heat exchange unit production, central, 600-1200 m3/h",unit
7131,selective catalytic reduction of nitrogen oxides,kg
3451,market for forestry harvester,unit
2597,"market for bottom ash, MSWI, waste wire plastic",kg
1319,"fattening of heifers for beef production, feedlot",kg
5302,"market for sodium dithionite, anhydrous",kg
5914,market for vegetable oil esterification facility,unit
3765,"market for inert waste, for final disposal",kg
1291,"evaporation of natural gas, import from NG",m3
7340,strontium carbonate production,kg
8575,treatment of tallow to esterquat,kg
7490,"titanium sponge production, from titanium tetrachloride",kg
8424,"treatment of sewage sludge, 70% water, WWT-SLF, waste polyethylene, municipal incineration",MJ
3593,market for hard coal ash,kg
3308,"market for ethanol, without water, in 99.7% solution state, from ethylene",kg
6918,"poultry manure, fresh, Recycled Content cut-off",kg
9168,"wax production, for lost-wax metal casting",kg
337,"biomethane, low pressure burned in solid oxide fuel cell, with micro gas turbine, 180kWe, future",MJ
1066,"electricity, high voltage, import from BA",kWh
2729,"market for bottom ash, MSWI[F]-WWT, WW from plywood production",kg
2596,"market for bottom ash, MSWI, waste vapour barrier, flame-retarded",kg
288,"battery production, Na-NiCl, rechargeable",kg
7949,"treatment of bottom ash, MSWI[F]-WWT-SLF, waste graphical paper, slag compartment",kg
854,"debarking, hardwood, azobe",m3
6349,"miscanthus rhizome production, for planting",unit
4322,"market for organic nitrogen fertiliser, as N",kg
2647,"market for bottom ash, MSWI-WWT-SLF, waste plastic plaster",kg
6571,"operation, computer, laptop, videoconference",hour
5194,"market for sewage sludge, 97% water, WWT, heat carrier liquid, 40% C3H8O2",kg
402,"building construction, hall",m2
7218,"sodium metasilicate pentahydrate production, 58% active substance, powder",kg
8603,"treatment of used cathode ray tube display, manual dismantling",kg
2548,"market for bottom ash, MSWI, copper in car shredder residue",kg
646,"clear-cutting, primary forest to arable land, forest, intensive",kg
9147,"wastewater treatment facility construction, capacity 1.6E8l/year",unit
500,"catalytic converter production, three-way, mini CHP plant",unit
8411,"treatment of sewage sludge, 70% water, WWT-SLF, waste gypsum, municipal incineration FAE",kg
4555,"market for polystyrene scrap, post-consumer",kg
8103,"treatment of residue from mechanical treatment, cathode ray tube display, municipal incineration",kg
6421,"natural gas, high pressure, import from PE",m3
8153,"treatment of residues, MSWI, waste plastic, mixture, residual material landfill",kg
4550,"market for polypropylene, granulate",kg
1172,"electricity, high voltage, import from VN",kWh
4770,"market for residues, MSWI, municipal solid waste",kg
4144,"market for mine infrastructure, open cast, hard coal",unit
7038,red kidney bean production,kg
1659,"heat and power co-generation, lignite",kWh
6398,"natural gas, high pressure, import from BE",m3
1445,"fuel cell production, stack solid oxide, 125kW electrical, future",unit
3956,"market for long liner maintenance, steel",kg
7205,sodium cumenesulphonate production,kg
7040,"reefer production, intermodal shipping container, 40-foot, high-cube, R134a as refrigerant",unit
6770,"pipeline construction, natural gas, long distance, low capacity, onshore",km
8779,"treatment of waste newspaper, sanitary landfill",MJ
2351,"market for aluminium, primary, liquid",kg
8984,"treatment of wastewater from ammonium paratungstate production, wastewater treatment",m3
4363,"market for palm kernel oil, crude",kg
4937,"market for residues, MSWI[F]-WWT, WW from wafer fabrication",kg
7031,"recultivation, bentonite mine",m2
2931,"market for cement, type IS",kg
5701,"market for transport, helicopter",hour
1376,"fibreboard production, soft, without adhesives",m3
4712,"market for rare earth tailings, from bastnaesite and monazite ore",kg
434,"cable production, network cable, category 5, without plugs",m
2039,"liquid manure spreading, by vacuum tanker",m3
8658,"treatment of used refrigerant R134a, venting",kg
8138,"treatment of residues, MSWI, spent cation exchange resin from potable water production, residual material landfill",kg
1221,"energy saving, from ventilation system, 6 x 120 m3/h, polyethylene ducts",MJ
6142,market for wood pellet factory,unit
1855,"inductor production, ring core choke type",kg
7014,rape meal to generic market for protein feed,kg
2845,market for captan,kg
496,castor bean production,kg
2057,"long liner construction, steel",kg
1690,"heat production, coal tar, at industrial furnace 1MW",MJ
8459,"treatment of sewage sludge, 75% water, WWT, WW from pig iron production, sanitary landfill",MJ
8365,"treatment of sewage sludge, 70% water, WWT, WW from particle board production, municipal incineration",kWh
6627,"packing, lime product",kg
5535,market for thermoforming of plastic sheets,kg
1679,"heat production, at hard coal industrial furnace 1-10MW",MJ
790,"container production, for collection of post-consumer waste plastic for recycling",unit
1520,glued solid timber production,kg
7320,"steel turning, primarily roughing, conventional",kg
4503,"market for planting, by ridge planter",ha
5490,"market for swine for slaughtering, live weight",kg
2400,"market for asbestos, chrysotile type",kg
2339,"market for aluminium removed by turning, primarily dressing, conventional",kg
7455,"tilapia production, extensive aquaculture, in pond",kg
499,"catalytic converter production, three-way, 19.1l",unit
8216,"treatment of residues, MSWI-WWT-SLF, waste plastic, mixture, residual material landfill",kg
7862,"treatment of bottom ash, MSWI-WWT[U], WW from lorry production, slag compartment",kg
5292,market for sodium arsenide,kg
3009,market for cobalt,kg
4755,"market for residue from mechanical treatment, desktop computer",kg
728,"concrete production, 25MPa, for building construction, for interior use, with cement ZN/D, with <30% RC-M aggregates",m3
8583,"treatment of used Ni-metal hydride battery, pyrometallurgical treatment",kg
2477,market for benzal chloride,kg
1371,"fibre-reinforced concrete production, steel",m3
3197,"market for diode, glass-, for through-hole mounting",kg
7551,"transport, freight, lorry 16-32 metric ton, EURO2",metric ton*km
3481,"market for furnace, logs, softwood storage area, 6kW",unit
204,"anodising, aluminium sheet",m2
1670,"heat and power co-generation, wood chips, 2000 kW",MJ
8429,"treatment of sewage sludge, 70% water, WWT-SLF, waste polystyrene, municipal incineration FAE",MJ
280,"battery cell production, Li-ion, NMC811",kg
5483,"market for supply air inlet, steel/SS, DN 75",unit
3157,market for diazine-compound,kg
6990,pump station construction,unit
6957,"printer production, laser, colour",unit
5919,"market for ventilation control and wiring, decentralized unit",unit
2826,"market for cadmium sulfide, semiconductor-grade",kg
8821,"treatment of waste plastic, consumer electronics, municipal incineration",kWh
6915,potato starch production,kg
5137,"market for sewage sludge, 70% water, WWT-SLF[W], waste plastic, consumer electronics",kg
5352,"market for solder, paste, Sn95.5Ag3.9Cu0.6, for electronics industry",kg
8858,"treatment of waste polyethylene, municipal incineration",MJ
1430,forwarder production,unit
4691,market for pyrolysis fuel gas,kg
1867,"inorganic phosphorus, as P2O5 to generic market for organo-mineral phosphorus, as P2O5",kg
865,"deep drawing, steel, 650 kN press, single stroke",kg
8360,"treatment of sewage sludge, 70% water, WWT, WW from liquid crystal production, municipal incineration",MJ
7591,"transport, freight, lorry with refrigeration machine, 3.5-7.5 ton, EURO5, carbon dioxide, liquid refrigerant, cooling",metric ton*km
7452,three and five layered board production,m3
3810,market for isohexane,kg
7266,solid bleached and unbleached board carton production,kg
4432,"market for photovoltaic cell, multi-Si wafer",m2
508,"catch crop growing, ryegrass-Egyptian&Persian clover-mixture, August-October, organic fertiliser 30 kg N, one cut",kg
2224,"market for LDPE in waste fresh milk carton (chilled), post-industrial",kg
7844,"treatment of bottom ash, MSWI-WWT-SLF, waste glass, slag compartment",kg
9290,zirconium oxide production,kg
8232,"treatment of residues, MSWI[F], lead in car shredder residue, residual material landfill",kg
4002,"market for maintenance, container ship",unit
3133,market for decabromodiphenyl ether,kg
1728,"heat production, softwood chips from forest, at furnace 1000kW, state-of-the-art 2014",MJ
2840,"market for capacitor, electrolyte type, < 2cm height",kg
4241,"market for nuclear fuel element, for pressure water reactor, UO2 4.2% & MOX",kg
2858,"market for carton board box production, with offset printing",kg
9023,triazine-compound production,kg
293,"beam, hardwood, raw, air drying to u=20%",m3
5659,"market for transport, freight, lorry with refrigeration machine, 3.5-7.5 ton, EURO3, carbon dioxide, liquid refri(...)_1",metric ton*km
4843,"market for residues, MSWI-WWT-SLF, lignite ash",kg
4258,market for o-chlorobenzaldehyde,kg
1456,"furnace production, logs, softwood storage area, 30kW",unit
6288,"metallization paste production, back side, aluminium",kg
3623,"market for heat and power co-generation unit, 1MW electrical, components for electricity only",unit
1406,floating hexagonal metal cage for aquaculture 6 m construction and maintenance,m
5282,market for sludge from steel rolling,kg
8372,"treatment of sewage sludge, 70% water, WWT, WW from soft fibreboard production, municipal incineration",MJ
2440,"market for barley seed, Swiss integrated production, for sowing",kg
404,"building construction, hall, wood construction",m2
1389,"fish residues, Recycled Content cut-off",kg
3277,"market for electronic component machinery, unspecified",unit
9219,"wood chips production, hardwood, at sawmill",kg
2541,market for boron trifluoride,kg
6256,market group for waste polystyrene,kg
1069,"electricity, high voltage, import from BR-North-eastern grid",kWh
3443,"market for foam glass, electricity from renewable energy products",kg
2458,"market for battery cell, Li-ion, NCA",kg
4129,market for methylene diphenyl diisocyanate,kg
5532,"market for thermal storage system, solar thermal parabolic trough, 50 MW",unit
8743,"treatment of waste glass, unsanitary landfill, dry infiltration class (100mm)",kg
1475,"furnace production, wood chips, with silo, 50kW",unit
5641,"market for transport, freight, lorry 7.5-16 metric ton, EURO2",metric ton*km
8379,"treatment of sewage sludge, 70% water, WWT, WW, average, municipal incineration",MJ
1366,"fibre production, viscose",kg
817,"copper collector foil production, for Li-ion battery",kg
6207,market for zirconium tetrachloride,kg
7908,"treatment of bottom ash, MSWI[F], waste polyvinylchloride, slag compartment",kg
4025,"market for maintenance, solid oxide fuel cell, with micro gas turbine, 180kW electrical, future",unit
3706,"market for hydrogen, gaseous, low pressure",kg
9196,"willow stem cutting production, for planting",unit
8023,"treatment of leachate, SLF, lignite ash, wastewater treatment",m3
1207,"electrorefining of copper, anode",kg
3609,"market for harvesting, use of harvesting cart",kg
1367,"fibre, flax, short, scutched to generic market for silky fibres",kg
8496,"treatment of sewage sludge, 97% water, WWT, condensate from light oil boiler, landfarming",kg
860,"deep drawing, steel, 3500 kN press, automode",kg
6347,"mint seedling production, for planting",unit
8090,"treatment of raw sewage sludge, municipal incineration FAE",kWh
974,"electric motor production, vehicle",kg
7731,"treatment of basic oxygen furnace secondary metallurgy slag, residual material landfill",kg
3556,market for goods wagon,unit
7504,"toner production, black, powder",kg
1321,"fatty acid production, from palm kernel oil",kg
6035,"market for waste wood, untreated",kg
6018,market for waste polyurethane seal,kg
5015,"market for sawlog and veneer log, hardwood, measured as solid wood under bark",m3
2970,market for chlorotoluron,kg
3459,market for fraction 7 from naphtha separation,kg
2471,"market for battery, lead acid, rechargeable, stationary",kg
748,"concrete production, 30MPa, for drilled piles, with cement, CEM II/A",m3
2096,magnetite production,kg
2886,"market for cathode, NMC811, for Li-ion battery",kg
3179,market for dimethyl ether,kg
6360,"mounting, surface mount technology, Pb-containing solder",m2
9052,"unreinforced concrete production, 15MPa, with cement, CEM II/A",m3
6578,"operation, housing system, pig, electricity from renewable energy products",unit
3003,market for coal slurry,kg
3492,"market for furnace, wood chips, hardwood storage area, 50kW",unit
8208,"treatment of residues, MSWI-WWT-SLF, waste emulsion paint, residual material landfill",kg
8781,"treatment of waste packaging paper, municipal incineration FAE",MJ
3311,market for ethephon,kg
5675,"market for transport, freight, lorry with refrigeration machine, 7.5-16 ton, EURO3, carbon dioxide, liquid refrig(...)_4",metric ton*km
1059,"electricity, high voltage, hydro, run-of-river, import from France",kWh
4394,market for peat moss,m3
2455,"market for batch dyeing, fibre, cotton",kg
8565,"treatment of steel in car shredder residue, municipal incineration FAE",kg
3316,market for ethyl acetate,kg
3605,"market for harvesting, by potato harvester",ha
493,"casting, brass",kg
4851,"market for residues, MSWI-WWT-SLF, waste bitumen",kg
8962,"treatment of waste wood, untreated, municipal incineration",MJ
8370,"treatment of sewage sludge, 70% water, WWT, WW from potato starch production, municipal incineration",kg
4990,"market for rye grain, Swiss integrated production",kg
124,"aluminium collector foil production, for Li-ion battery",kg
8654,"treatment of used refrigerant R12, final disposal",kg
1700,"heat production, hardwood chips from forest, at furnace 50kW, state-of-the-art 2014",MJ
4848,"market for residues, MSWI-WWT-SLF, sludge from pulp and paper production",kg
5307,market for sodium hydrogen sulfate,kg
6448,neodymium oxide to generic market for mischmetal,kg
8637,"treatment of used liquid crystal display, mechanical treatment",kg
7111,"sawnwood production, hardwood, dried (u=20%), planed",m3
6806,plaster mixing,kg
7355,"sugarcane processing, modern annexed plant",kWh
7442,"thermal plaster production, outdoor",kg
7528,"transport, freight train, steam",metric ton*km
8689,"treatment of waste bitumen sheet, municipal incineration",kWh
1057,"electricity, high voltage, hydro, reservoir, import from France",kWh
8585,"treatment of used air filter, central unit, 600 m3/h",unit
2220,market for Distiller's Dried Grains with Solubles,kg
1814,iceberg lettuce production,kg
4910,"market for residues, MSWI[F], waste polyvinylchloride",kg
676,"coke production, dry quenching",kg
8012,"treatment of hazardous waste, hazardous waste incineration",kg
6894,"potassium chloride sludge, Recycled Content cut-off",kg
5485,market for sweet corn,kg
4016,"market for maintenance, lorry 40 metric ton",unit
2363,market for ammonium paratungstate,kg
8802,"treatment of waste paperboard, open dump, moist infiltration class (300mm)",kg
6263,"mattress production, polyurethane foam",unit
8714,"treatment of waste emulsion paint on wall, collection for final disposal",kg
3023,"market for coffee, green bean",kg
5499,"market for tallow, unrefined",kg
4920,"market for residues, MSWI[F], zinc in car shredder residue",kg
2049,lithium hexafluorophosphate production,kg
3631,"market for heat and power co-generation unit, 200kW electrical, diesel SCR, components for heat only",unit
8906,"treatment of waste polyurethane, municipal incineration",kWh
8542,"treatment of spent anion exchange resin from potable water production, municipal incineration",kWh
7799,"treatment of bottom ash, MSWI, waste vapour barrier, flame-retarded, slag compartment",kg
2420,market for bale loading,unit
468,"carbon disulfide production, from natural gas",kg
2933,"market for cement, type general use",kg
2493,market for bicycle,unit
8598,"treatment of used blower and heat exchange unit, decentralized, 180-250 m3/h",unit
4871,"market for residues, MSWI-WWT[U], WW from lorry production",kg
2592,"market for bottom ash, MSWI, waste rubber, unspecified",kg
6780,"planing, beam, softwood, u=10%",m3
8994,"treatment of wastewater from liquid crystal display backlight production, wastewater treatment",m3
479,"cast iron drilling, computer numerical controlled",kg
1898,"iron scrap, sorted, pressed, Recycled Content cut-off",kg
1953,"land use change, perennial crop",ha
2003,"light olefins production, from methanol-to-olefins conversion, ethylene-to-propylene ratio of 0.67",kg
8942,"treatment of waste reinforced plasterboard, recycling",kg
6775,"pitch despergents production, in paper production",kg
808,"cooling energy production, at -15 °C, R-134a compression refrigeration system 1 MW",MJ
8711,"treatment of waste concrete, not reinforced, sorting plant",kg
6660,"particleboard production, uncoated, average glue mix",MJ
383,"brass drilling, conventional",kg
3841,"market for landed hake, fresh",kg
6378,napropamide production,kg
7699,"transport, pipeline, offshore, long distance, natural gas",metric ton*km
1573,"hafnium sponge production, from hafnium tetrachloride",kg
4624,market for printed paper,kg
9097,ventilation components factory construction,unit
702,"compressed air production, 800 kPa gauge, <30kW, optimized generation",m3
2806,"market for buttermilk, from cow milk",kg
8386,"treatment of sewage sludge, 70% water, WWT, rainwater mineral oil storage, municipal incineration FAE",kg
1429,"formic acid production, methyl formate route",kg
6699,petroleum refinery construction,unit
8656,"treatment of used refrigerant R134a, final disposal",kg
3240,"market for electric arc furnace secondary metallurgy slag, for recovery",kg
3691,"market for hot water tank, 600l",unit
2216,market for 4-tert-butyltoluene,kg
9233,"wood preservation, dipping/immersion, water-based preservative, indoor use, dry",kg
39,"NMC111 oxide production, for Li-ion battery",kg
8922,"treatment of waste polyvinylchloride, municipal incineration FAE",kg
3334,market for evacuated tube collector,m2
8780,"treatment of waste packaging paper, municipal incineration",MJ
800,"contouring, bronze",kg
5193,"market for sewage sludge, 97% water, WWT, condensate from light oil boiler",kg
6855,"polymethyl methacrylate production, sheet",kg
8882,"treatment of waste polypropylene, unsanitary landfill, dry infiltration class (100mm)",kg
4881,"market for residues, MSWI[F], residue from mechanical treatment, LCD",kg
8634,"treatment of used liquid crystal display module, municipal incineration",kWh
1076,"electricity, high voltage, import from CA-BC",kWh
6659,"particleboard production, cement bonded",m3
7705,"transport, tram",person*km
7422,technical wood drying facility construction,unit
8859,"treatment of waste polyethylene, municipal incineration FAE",MJ
2611,"market for bottom ash, MSWI-WWT, WW from glass production",kg
6679,"pentanols production, hydroformylation of butene",kg
1091,"electricity, high voltage, import from CN-NCGC",kWh
4515,"market for plug, inlet and outlet, for computer cable",unit
8822,"treatment of waste plastic, consumer electronics, municipal incineration FAE",MJ
3052,"market for concrete, 30-32MPa",m3
5339,"market for soil pH raising agent, as CaCO3",kg
6039,"market for waste, electrical and electronic cables",kg
272,"basic oxygen furnace sludge, for recovery to generic market for supplementary cementitious materials",kg
3502,"market for furrowing, sugarcane",ha
8426,"treatment of sewage sludge, 70% water, WWT-SLF, waste polypropylene, municipal incineration",MJ
733,"concrete production, 25MPa, for building construction, with cement, CEM III/A",m3
6522,"nylon 6 production, glass-filled",kg
1565,"greenhouse construction, glass walls and roof, plastic tubes",m2*year
5354,"market for solid manure loading and spreading, by hydraulic loader and spreader",kg
436,"cable production, ribbon cable, 20-pin, with plugs",kg
4815,"market for residues, MSWI-WWT, WW from GGBFS production",kg
8204,"treatment of residues, MSWI-WWT-SLF, sludge from pulp and paper production, residual material landfill",kg
1187,"electricity, medium voltage, municipal waste incineration, import from Germany",kWh
1332,fava bean production,kg
5648,"market for transport, freight, lorry >32 metric ton, EURO2",metric ton*km
2191,market for 1-butanol,kg
8189,"treatment of residues, MSWI-WWT, WW from soft fibreboard production, residual material landfill",kg
4870,"market for residues, MSWI-WWT[R], WW from anaerobic digestion of whey",kg
13,"2,4-dinitrotoluene production",kg
2158,"maize silage production, organic",kg
43,NPK (26-15-15) fertiliser production,kg
6295,"methanol production, biomass gasification",kg
7961,"treatment of bottom ash, MSWI[F]-WWT-SLF, waste polyvinylchloride, slag compartment",kg
1815,ilmenite - magnetite mine operation,kg
7160,"silencer production, steel, DN 125",unit
6603,orthophthalic acid based unsaturated polyester resin production,kg
6162,"market for wood preservation, spray tunnel/deluging, water-based, indoor use, dry",kg
1294,"evaporation of natural gas, import from PE",m3
4958,"market for residues, MSWI[F]-WWT-SLF, waste polyethylene terephthalate",kg
874,desulfurisation of lignite flue gas,kg
8057,"treatment of lignite ash, sanitary landfill",MJ
2916,"market for cement, CP II-F",kg
51,"acetic acid production, butane oxidation",kg
3392,"market for fibre, polyester",kg
5912,market for vanilla,kg
7341,strontium mine operation and beneficiation,kg
1923,"kaolin to generic market for refractory material, acid",kg
6147,"market for wood preservation facility, oscillating pressure method",unit
8707,"treatment of waste concrete gravel, sorting plant",kg
1415,foam glass production,kg
8690,"treatment of waste bitumen sheet, municipal incineration FAE",kg
2320,"market for aluminium collector foil, for Li-ion battery",kg
9224,"wood pellets, burned in stirling heat and power co-generation unit, 3kW electrical, future",kWh
8453,"treatment of sewage sludge, 75% water, WWT, WW from grass refinery, sanitary landfill",MJ
3866,"market for leachate, SLF, lignite ash",m3
1932,lactic acid production,kg
7349,"suction, shavings, softwood",kg
1581,hard coal mine operation,kg
153,"aluminium turning, average, computer numerical controlled",kg
8960,"treatment of waste wood pole, chrome preserved, municipal incineration FAE",MJ
8149,"treatment of residues, MSWI, waste paint, residual material landfill",kg
5598,"market for transformer, low voltage use",kg
8162,"treatment of residues, MSWI, waste sealing sheet, polyethylene, residual material landfill",kg
7680,"transport, passenger car, small size, diesel, EURO 5",km
3172,"market for diesel-electric generating set, 18.5kW",unit
8090,"treatment of raw sewage sludge, municipal incineration FAE",MJ
4500,"market for planting, by drill",ha
7186,small pelagic fish to generic market for marine fish,kg
5380,market for spent catalytic converter for cars,kg
6051,market for wastewater from grass refinery,m3
7325,stone groundwood pulp production,kg
5260,"market for silicon, multi-Si, casted",kg
7212,sodium formate production,kg
8487,"treatment of sewage sludge, 97% water, WWT, WW from particle board production, landfarming",kg
8113,"treatment of residue from mechanical treatment, liquid crystal display, municipal incineration",kWh
4456,"market for photovoltaic panel, multi-Si wafer",m2
4954,"market for residues, MSWI[F]-WWT-SLF, waste paperboard",kg
1763,"heat, non-market, at cogen 160kWe Jakobsberg, allocation exergy",MJ
9250,"wood preservative production, organic salts, Cr-free, outdoor use, ground contact",kg
7867,"treatment of bottom ash, MSWI[F], digester sludge, slag compartment",kg
8107,"treatment of residue from mechanical treatment, industrial device, municipal incineration",kWh
7066,"rice production, basmati",kg
6812,plastic processing factory construction,unit
5051,"market for sawnwood, lath, softwood, raw, dried (u=20%)",m3
6107,"market for wheat seed, for sowing",kg
2254,market for acetonitrile,kg
8177,"treatment of residues, MSWI-WWT, WW from ceramic production, residual material landfill",kg
4817,"market for residues, MSWI-WWT, WW from LCD production",kg
1020,"electricity production, photovoltaic, 3kWp slanted-roof installation, multi-Si, laminated, integrated",kWh
381,boron trifluoride production,kg
69,acrylonitrile-butadiene-styrene copolymer production,kg
1492,"generator production, mini CHP plant",unit
2063,"lorry production, with refrigeration machine, carbon dioxide, liquid as refrigerant, 16 metric ton",unit
3842,"market for landed tuna, frozen, EPO",kg
336,"biomethane, low pressure burned in solid oxide fuel cell 125kWe, future",MJ
7451,thionyl chloride production,kg
4819,"market for residues, MSWI-WWT, WW from ammonium paratungstate production",kg
4235,"market for non-sulfidic overburden, off-site",kg
4627,"market for printed wiring board mounting facility, surface mounting line",unit
7685,"transport, passenger car, small size, petrol, EURO 4",km
8114,"treatment of residue from mechanical treatment, liquid crystal display, municipal incineration FAE",MJ
1733,"heat production, softwood chips from forest, at furnace 50kW",MJ
8233,"treatment of residues, MSWI[F], municipal solid waste, residual material landfill",kg
1816,imidazole production,kg
8742,"treatment of waste glass, sanitary landfill",kg
3151,"market for degreasing, metal part in alkaline bath",m2
4116,"market for methanol, from biomass",kg
4135,market for milking,kg
8301,"treatment of residues, MSWI[F]-WWT-SLF, sludge from pulp and paper production, residual material landfill",kg
557,"cement production, Portland SR3",kg
6380,natural gas liquids production,kg
1914,isophthalic acid based unsaturated polyester resin production,kg
4970,"market for resistor, wirewound, through-hole mounting",kg
8898,"treatment of waste polystyrene, unsanitary landfill, hyperarid infiltration class (-250mm)",kg
3555,"market for gold-silver, ingot",kg
652,clinker production,m3
647,"clear-cutting, primary forest to arable land, pasture, man made",kg
56,acetone cyanohydrin production,kg
8078,"treatment of municipal solid waste, unsanitary landfill, very wet infiltration class (1000mm)",kg
4464,"market for photovoltaic slanted-roof installation, 3kWp, multi-Si, laminated, integrated, on roof",unit
8438,"treatment of sewage sludge, 70% water, WWT-SLF[W], waste plastic, consumer electronics, municipal incineration",kg
3173,market for diethanolamine,kg
8764,"treatment of waste gypsum plasterboard, sorting plant",kg
3134,market for decarbonising waste,kg
147,"aluminium production, primary, liquid, prebake",kg
1195,"electrolyte production, KOH, LiOH additive",kg
6277,metal working factory construction,unit
5470,market for sulfur dichloride,kg
9150,"wastewater treatment facility construction, lagoon, capacity 1.1E10l/year",unit
6569,"operation, computer, laptop, video mode",hour
4297,"market for operation, computer, laptop, 68% active work, electricity from renewable energy products",hour
2617,"market for bottom ash, MSWI-WWT, WW from particle board production",kg
3616,market for hazardous waste incineration facility,unit
7802,"treatment of bottom ash, MSWI, waste wood, untreated, slag compartment",kg
450,calcined clay to generic market for supplementary cementitious materials,kg
2238,market for NPK (15-15-15) fertiliser,kg
7338,"strawberry seedling production, in unheated greenhouse, for planting",unit
8596,"treatment of used blower and heat exchange unit, Twl-700",unit
6940,"printed wiring board mounting facility construction, through-hole mounting line",unit
611,chlorotoluron production,kg
4133,"market for micro gas turbine, 100kW electrical",unit
3202,market for dishwasher,unit
7601,"transport, freight, lorry with refrigeration machine, 7.5-16 ton, EURO4, R134a refrigerant, cooling",metric ton*km
7609,"transport, freight, lorry with refrigeration machine, 7.5-16 ton, EURO6, R134a refrigerant, cooling",metric ton*km
6329,"mine construction, open cast, ilmenite from hard-rock ore",unit
3195,"market for diode, auxilliaries and energy use",kg
1238,esterification of soybean oil,kg
2426,market for barge tanker,unit
3725,"market for impact extrusion of steel, cold, 1 strokes",kg
3005,market for coal tar,kg
4359,"market for palm date, conditioned and dried, organic",kg
3786,"market for inverter, 2.5kW",unit
205,anthranilic acid production,kg
1192,"electrolysis of magnesium chloride, from hafnium sponge production",kg
8767,"treatment of waste mineral oil, hazardous waste incineration",kg
7611,"transport, freight, lorry with refrigeration machine, 7.5-16 ton, EURO6, carbon dioxide, liquid refrigerant, cooling",metric ton*km
8369,"treatment of sewage sludge, 70% water, WWT, WW from plywood production, municipal incineration FAE",MJ
6948,"printed wiring board production, mounted mainboard, desktop computer, Pb free",kg
6798,"planting, by drill",ha
4524,market for polyaluminium chloride,kg
2893,market for cellulose fibre,kg
9200,"wind power plant construction, 800kW, moving parts",unit
4245,"market for nuclear power plant, pressure water reactor, 1000MW",unit
4549,market for polyphenylene sulfide,kg
2311,market for alpha-naphthol,kg
4931,"market for residues, MSWI[F]-WWT, WW from maize starch production",kg
1104,"electricity, high voltage, import from EG",kWh
6070,"market for wastewater treatment facility, capacity 1.6E8l/year",unit
1144,"electricity, high voltage, import from PA",kWh
2674,"market for bottom ash, MSWI[F], residue from mechanical treatment, industrial device",kg
416,burnt shale production,kWh
6161,"market for wood preservation, spray tunnel/deluging, organic solvent-based, outdoor use, no ground contact",kg
8706,"treatment of waste concrete gravel, recycling",kg
1027,"electricity production, photovoltaic, 3kWp slanted-roof installation, single-Si, panel, mounted, renewable energy produc",kWh
3813,market for isopropanol,kg
2656,"market for bottom ash, MSWI-WWT-SLF, wood ash mixture, pure",kg
3640,"market for heat and power co-generation unit, 6400kW thermal, components for electricity only",unit
5072,"market for selective coat, aluminium sheet, nickel pigmented aluminium oxide",m2
8100,"treatment of residue from cooling tower, sanitary landfill",kg
4228,"market for nitrogen, liquid",kg
7623,"transport, freight, sea, container ship with reefer, freezing",metric ton*km
3183,market for dimethyl sulfate,kg
1947,"land already in use, perennial cropland to pasture, man made",kg
5210,"market for sewage sludge, 97% water, WWT-SLF, waste gypsum",kg
8523,"treatment of sewage sludge, 97% water, WWT-SLF, waste polystyrene, landfarming",kg
229,"auxiliary heating unit production, electric, 5kW",unit
5038,"market for sawnwood, board, softwood, raw, dried (u=20%)",m3
6169,"market for wood preservative, organic salt, Cr-free",kg
6999,pyrazole production,kg
3564,"market for grass seed, organic, for sowing",kg
1974,laterite quarry operation,kg
2607,"market for bottom ash, MSWI-WWT, WW from ammonium paratungstate production",kg
1746,"heat production, wood chips from industry, at furnace 50kW, state-of-the-art 2014",MJ
8531,"treatment of shredder fraction from manual dismantling, shredding",kg
4934,"market for residues, MSWI[F]-WWT, WW from potato starch production",kg
6781,"planing, beam, softwood, u=20%",kg
9102,"ventilation duct production, steel, 100x50 mm",m
8371,"treatment of sewage sludge, 70% water, WWT, WW from potato starch production, municipal incineration FAE",kg
4657,market for propanal,kg
6073,"market for wastewater, average",m3
6300,methyl acrylate production,kg
7150,"shavings, softwood, measured as dry mass to generic market for residual wood, dry",m3
1786,hot water tank factory construction,unit
2442,"market for barley seed, organic, for sowing",kg
6877,"polyurethane production, flexible foam, TDI-based, low density",kg
5169,"market for sewage sludge, 97% water, WWT, WW from CRT production",kg
8822,"treatment of waste plastic, consumer electronics, municipal incineration FAE",kWh
4405,"market for petrol, low-sulfur",kg
8294,"treatment of residues, MSWI[F]-WWT, WW, average, residual material landfill",kg
2149,"maize grain, feed to generic market for energy feed",kg
7944,"treatment of bottom ash, MSWI[F]-WWT-SLF, sludge from pulp and paper production, slag compartment",kg
1407,fluazifop-butyl production,kg
5908,"market for used window frame, plastic",m2
5232,"market for sewer grid, 4.7E10l/year, 583 km",km
7929,"treatment of bottom ash, MSWI[F]-WWT, WW from liquid crystal production, slag compartment",kg
7406,"tap water production, conventional treatment",kg
2323,market for aluminium hydroxide,kg
8774,"treatment of waste mineral wool, sorting plant",kg
838,"cover plaster production, mineral",kg
4966,"market for residues, MSWI[F]-WWT[U], WW from lorry production",kg
1251,ethanol production from wood,kWh
2745,"market for bottom ash, MSWI[F]-WWT-SLF, waste emulsion paint",kg
6232,market group for light fuel oil,kg
7923,"treatment of bottom ash, MSWI[F]-WWT, WW from PV cell production, slag compartment",kg
3452,"market for forging, steel",kg
6399,"natural gas, high pressure, import from BO",m3
8500,"treatment of sewage sludge, 97% water, WWT-SLF, inert waste, landfarming",kg
3286,market for enamelling,m2
7774,"treatment of bottom ash, MSWI, waste bitumen sheet, slag compartment",kg
8346,"treatment of sewage sludge, 70% water, WWT, WW from PV cell production, municipal incineration",kg
1605,"hardwood forestry, birch, sustainable forest management",m3
2875,"market for casting, bronze",kg
7654,"transport, passenger car with internal combustion engine",km
4723,market for red kidney bean,kg
3289,"market for energy feed, gross",MJ
306,bentonite quarry construction,unit
8991,"treatment of wastewater from grass refinery, wastewater treatment",MJ
6104,"market for wheat grain, feed, organic",kg
5148,"market for sewage sludge, 75% water, WWT, WW from concrete production",kg
584,"chemical production, organic",kg
5824,market for used air filter in exhaust air valve,unit
6828,polybutadiene production,kg
8443,"treatment of sewage sludge, 75% water, WWT, WW from CRT production, sanitary landfill",MJ
675,coke production,MJ
4751,"market for residue from TiO2 production, sulfate process",kg
4273,"market for offshore well, oil/gas",m
2247,"market for acetamide-anillide-compound, unspecified",kg
5798,market for uranium mill,unit
3123,market for cyanuric chloride,kg
8993,"treatment of wastewater from hard fibreboard production, wastewater treatment",m3
6275,mercury production,kg
3198,market for dioxane,kg
7235,sodium pyrophosphate production,kg
4092,market for mepiquat chloride,kg
8751,"treatment of waste graphical paper, open dump, dry infiltration class (100mm)",kg
4807,"market for residues, MSWI, waste sealing sheet, polyvinylchloride",kg
979,"electricity production, coal, aluminium industry",kWh
2804,"market for butene, mixed",kg
5561,"market for tillage, subsoiling, by subsoiler plow",ha
7648,"transport, passenger aircraft, all distances to generic market for transport, passenger aircraft, unspecified",person*km
6388,natural gas venting from petroleum/natural gas production,m3
8549,"treatment of spent cation exchange resin from potable water production, municipal incineration",kg
2959,"market for chlorine, liquid",kg
7409,"tap water production, microstrainer treatment",kg
7854,"treatment of bottom ash, MSWI-WWT-SLF, waste polypropylene, slag compartment",kg
5951,market for waste brick,kg
7431,tetrafluoroethylene production,kg
7812,"treatment of bottom ash, MSWI-WWT, WW from ceramic production, slag compartment",kg
7921,"treatment of bottom ash, MSWI[F]-WWT, WW from LCD backlight production, slag compartment",kg
9022,"trellis system construction, wooden poles, soft wood, tar impregnated",ha
4816,"market for residues, MSWI-WWT, WW from LCD backlight production",kg
8962,"treatment of waste wood, untreated, municipal incineration",kg
1437,"frit production, for cathode ray tube display",kg
375,"board, softwood, raw, kiln drying to u=20%",m3
344,"bitumen seal production, Alu80",kg
1662,"heat and power co-generation, natural gas, 1MW electrical, lean burn",MJ
2796,"market for bulk carrier, for dry goods",unit
5727,"market for transport, passenger car, medium size, natural gas, EURO 3",km
5361,market for sowing,ha
5214,"market for sewage sludge, 97% water, WWT-SLF, waste paperboard",kg
730,"concrete production, 25MPa, for building construction, with cement, CEM II/A",m3
1564,"greenhouse construction, glass walls and roof, metal tubes",m2*year
6186,"market for yarn, silk",kg
5770,market for triethylene glycol,kg
5364,market for soybean meal,kg
7522,"transmission network construction, electricity, high voltage direct current subsea cable",km
1550,"grass silage production, Swiss integrated production, intensive",kg
4128,market for methylcyclopentane,kg
1087,"electricity, high voltage, import from CL",kWh
9208,"wind turbine network connection construction, 750kW, onshore",unit
3622,"market for heat and power co-generation unit, 1MW electrical, common components for heat+electricity",unit
1759,"heat storage production, 2000l",unit
5002,market for salt tailing from potash mine,kg
2739,"market for bottom ash, MSWI[F]-WWT-SLF, refinery sludge",kg
875,"dewatering of ethanol from biomass, from 95% to 99.7% solution state",kg
5603,"market for transmission network, electricity, high voltage",km
8000,"treatment of fly ash and scrubber sludge, hazardous waste incineration, with energy recovery",MJ
4837,"market for residues, MSWI-WWT, WW, average",kg
5036,"market for sawnwood, board, softwood, dried (u=20%), planed",m3
4069,market for mango,kg
2857,"market for carton board box production, with gravure printing",kg
209,apple production,kg
1948,"land already in use, perennial cropland to perennial crop",kg
8818,"treatment of waste plastic plaster, sorting plant",kg
7827,"treatment of bottom ash, MSWI-WWT, WW from wafer fabrication, slag compartment",kg
5453,"market for sugarcane loading, by loader",ha
1555,green asparagus production,kg
8152,"treatment of residues, MSWI, waste plastic, industrial electronics, residual material landfill",kg
3253,"market for electric scooter, without battery",kg
6396,"natural gas, high pressure, import from AU",m3
8077,"treatment of municipal solid waste, unsanitary landfill, moist infiltration class (300mm)",kg
8543,"treatment of spent anion exchange resin from potable water production, municipal incineration FAE",MJ
4894,"market for residues, MSWI[F], waste cement-fibre slab, dismantled",kg
8469,"treatment of sewage sludge, 75% water, WWT, rainwater mineral oil storage, sanitary landfill",MJ
3537,"market for glazing, double, U<1.1 W/m2K",m2
5601,"market for transistor, wired, big size, through-hole mounting",kg
7879,"treatment of bottom ash, MSWI[F], residue from mechanical treatment, laser printer, slag compartment",kg
5837,market for used capacitor,kg
6931,"powertrain production, for electric passenger car",kg
888,"diesel, burned in diesel-electric generating set, 10MW, for oil and gas extraction",MJ
608,chloropropionic acid production,kg
8631,"treatment of used laptop computer, manual dismantling",kg
3766,"market for infrastructure, for regional distribution of oil product",unit
1216,"energy and auxilliary inputs, metal working machine, with process heat from light fuel oil",kg
6811,"plastic granulate production, unspecified, recycled, informal sector",kg
8625,"treatment of used insulation spiral-seam duct, rockwool, DN 400, 30 mm",m
9080,urea ammonium nitrate production,kg
3455,market for forwarder,unit
4119,market for methyl ethyl ketone,kg
8497,"treatment of sewage sludge, 97% water, WWT, heat carrier liquid, 40% C3H8O2, landfarming",kg
6001,"market for waste plastic, consumer electronics",kg
3916,market for lignite briquettes,MJ
869,"degreasing, metal part in alkaline bath",m2
989,"electricity production, hydro, aluminium industry",kWh
1150,"electricity, high voltage, import from RLA",kWh
6200,"market for zinc scrap, post-consumer",kg
749,"concrete production, 30MPa, for drilled piles, with cement, CEM II/B",m3
2655,"market for bottom ash, MSWI-WWT-SLF, waste wood, untreated",kg
7360,"sugarcane transfer, by dump cart",ha
5218,"market for sewage sludge, 97% water, WWT-SLF, waste polyethylene terephthalate",kg
3162,market for dicyclopentadiene based unsaturated polyester resin,kg
7706,"transport, trolleybus",person*km
6973,propionic acid production,kg
2999,market for clinker,kg
752,"concrete production, 35MPa, for building construction, with cement, CEM II/A",m3
5368,"market for soybean seed, organic, for sowing",kg
1735,"heat production, straw, at furnace 300kW",MJ
5394,"market for sputtering target, sintered, indium tin oxide",kg
7919,"treatment of bottom ash, MSWI[F], zinc in car shredder residue, slag compartment",kg
5609,"market for transport, freight, aircraft with reefer, cooling",metric ton*km
57,"acetone production, from isopropanol",kg
7083,"rye production, Swiss integrated production, extensive",kg
3115,"market for cream, from cow milk",kg
4722,"market for recultivation, shale quarry",m2
782,"concrete production, 50MPa, with cement, Portland",m3
5435,"market for straw, stand-alone production",kg
3784,market for intral,kg
9010,"treatment of water discharge from petroleum extraction, offshore",kg
1836,"impact extrusion of steel, hot, 4 strokes",kg
5146,"market for sewage sludge, 75% water, WWT, WW from black chrome coating",kg
2200,"market for 2,4-dichlorotoluene",kg
2270,"market for adhesive, for metal",kg
5359,"market for sound insulation, heat and power co-generation unit, 160kW electrical",unit
3989,market for magnesium factory,unit
7917,"treatment of bottom ash, MSWI[F], waste wood, untreated, slag compartment",kg
2505,market for bipyridylium-compound,kg
5628,"market for transport, freight, lorry 16-32 metric ton, EURO4",metric ton*km
3006,market for coating from waste cathode ray tube display,kg
7368,sulfite production,kg
2620,"market for bottom ash, MSWI-WWT, WW from potato starch production",kg
5222,"market for sewage sludge, 97% water, WWT-SLF, waste polyvinylchloride",kg
2630,"market for bottom ash, MSWI-WWT-SLF, inert waste",kg
2954,market for chloridazon,kg
4490,market for planing mill,unit
1438,"frit production, for ceramic tile",kg
3321,market for ethylene bromide,kg
6731,"photovoltaic laminate production, multi-Si wafer",m2
5402,market for steatite,kg
8397,"treatment of sewage sludge, 70% water, WWT-SLF, sludge from pulp and paper production, municipal incineration",kg
8640,"treatment of used lorry with refrigeration machine, 16 metric ton",unit
2616,"market for bottom ash, MSWI-WWT, WW from medium density board production",kg
7843,"treatment of bottom ash, MSWI-WWT-SLF, waste emulsion paint, slag compartment",kg
1203,"electronic component production, passive, mobile, earpiece and speaker",kg
5153,"market for sewage sludge, 75% water, WWT, WW from maize starch production",kg
8357,"treatment of sewage sludge, 70% water, WWT, WW from grass refinery, municipal incineration",kg
9020,"tree seedling production, in heated greenhouse",unit
3670,market for heavy fuel oil,kg
7683,"transport, passenger car, small size, natural gas, EURO 5",km
5622,"market for transport, freight, light commercial vehicle, EURO1",metric ton*km
769,"concrete production, 40MPa, for building construction, with cement, CP-II-E",m3
1623,"hay production, organic, intensive",kg
5625,"market for transport, freight, lorry 16-32 metric ton, EURO1",metric ton*km
7861,"treatment of bottom ash, MSWI-WWT[R], WW from anaerobic digestion of whey, slag compartment",kg
8259,"treatment of residues, MSWI[F], waste plastic, industrial electronics, residual material landfill",kg
8015,"treatment of heat carrier liquid, 40% C3H8O2, wastewater treatment",MJ
6382,natural gas processing plant production,unit
863,"deep drawing, steel, 38000 kN press, single stroke",kg
7417,"tap water production, underground water with chemical treatment",kg
7773,"treatment of bottom ash, MSWI, used LCD module, slag compartment",kg
4307,"market for operation, dried roughage store, non ventilated",kg
6617,"packaging glass production, white",kg
1673,"heat and power co-generation, wood chips, 6667 kW, state-of-the-art 2014",MJ
4525,market for polybutadiene,kg
3758,"market for industrial furnace, coal, 1-10MW",unit
8237,"treatment of residues, MSWI[F], residue from mechanical treatment, LCD, residual material landfill",kg
3769,"market for inorganic phosphorus fertiliser, as P2O5",kg
9206,"wind turbine network connection construction, 2MW, onshore",unit
6137,"market for wood chips and particles, willow",kg
9061,"uranium fuel element production, enriched 4%, for light water reactor",kg
9164,"water works construction, capacity 1.1E10l/year, microstrainer treatment",unit
8395,"treatment of sewage sludge, 70% water, WWT-SLF, residue from cooling tower, municipal incineration FAE",kg
778,"concrete production, 45MPa, for building construction, with cement, CEM II/B",m3
9054,"unsaturated hydrocarbons production, steam cracking operation, average",kg
4409,market for petroleum,kg
6530,o-phenylene diamine production,kg
8527,"treatment of sewage sludge, 97% water, WWT-SLF, wood ash mixture, pure, landfarming",kg
8448,"treatment of sewage sludge, 75% water, WWT, WW from ammonium paratungstate production, sanitary landfill",kg
3449,market for folding boxboard carton,kg
8781,"treatment of waste packaging paper, municipal incineration FAE",kWh
6289,"metallization paste production, front side",kg
6393,"natural gas, burned in solid oxide fuel cell, with micro gas turbine, 180kWe, future",kWh
4280,market for onion,kg
8075,"treatment of municipal solid waste, unsanitary landfill, dry infiltration class (100mm)",kg
8963,"treatment of waste wood, untreated, municipal incineration FAE",kg
4054,market for maize starch,kg
6776,"pitch production, petroleum refinery operation",kg
1758,"heat pump production, heat and power co-generation unit, 160kW electrical",unit
7994,"treatment of electric arc furnace secondary metallurgy slag, residual material landfill",kg
1217,"energy and auxilliary inputs, metal working machine, with process heat from natural gas",kg
1715,"heat production, natural gas, at boiler atmospheric low-NOx non-modulating <100kW",MJ
2909,"market for cement, CEM III/B",kg
7334,"strawberry production, in heated greenhouse",kg
6238,market group for rape seed,kg
4446,"market for photovoltaic laminate, single-Si wafer",m2
3355,market for fatty alcohol,kg
9015,"treatment of wood ash mixture, pure, sanitary landfill",kg
904,dimethyl hexynediol production,kg
9284,zinc oxide production,kg
6657,paraffin production,kg
5876,"market for used powertrain from electric passenger car, manual dismantling",kg
7667,"transport, passenger car, large size, petrol, EURO 5",km
2097,"maintenance, barge",unit
8499,"treatment of sewage sludge, 97% water, WWT-SLF, hard coal ash, landfarming",kg
2240,"market for SOx retained, in hard coal flue gas desulfurisation",kg
5161,"market for sewage sludge, 75% water, WWT, WW from vegetable oil refinery",kg
7352,"sugar beet seed production, for sowing",kg
5097,"market for sewage sludge, 70% water, WWT, WW from pig iron production",kg
3874,"market for leachate, SLF, waste bitumen",m3
6390,"natural gas, burned in micro gas turbine, 100kWe",MJ
166,"aluminium, ingot, primary, import from Rest of Europe",kg
2537,"market for borehole heat exchanger, 150m",unit
5691,"market for transport, freight, sea, bulk carrier for dry goods",metric ton*km
1227,energy wood harvester production,unit
7365,"sulfate pulp production, from softwood, bleached",MJ
7712,"treatment of LDPE/Alu in waste UHT milk carton (ambient), post-industrial, municipal incineration",kg
6127,"market for window frame, aluminium, U=1.6 W/m2K",m2
6211,"market group for concrete, medium strength",m3
1561,"green manure growing, organic, until February",ha
2892,market for celery,kg
5924,"market for ventilation of dwellings, decentralized, 6 x 120 m3/h",m2*year
8842,"treatment of waste polyethylene terephthalate, for recycling, unsorted, sorting",kg
1965,"laser machining, metal, with CO2-laser, 6000W power",hour
67,"acrylic varnish production, with water, in 53% solution state",kg
2731,"market for bottom ash, MSWI[F]-WWT, WW from soft fibreboard production",kg
3695,"market for housing system, pig, per pig place, electricity from renewable energy products",unit
9081,"urea formaldehyde foam production, in situ foaming",kg
2818,"market for cable, printer cable, without plugs",m
8352,"treatment of sewage sludge, 70% water, WWT, WW from ceramic production, municipal incineration FAE",kg
6148,"market for wood preservation facility, vacuum pressure method",unit
1164,"electricity, high voltage, import from UA",kWh
2983,"market for chromium steel removed by turning, average, conventional",kg
1795,hydrazine sulfate production,kg
1092,"electricity, high voltage, import from CN-NECG",kWh
983,"electricity production, deep geothermal",kWh
2397,"market for argon, crude, liquid",kg
3370,market for ferronickel,kg
4411,"market for petroleum combustion, in drilling tests",kg
1647,"heat and power co-generation unit construction, 6400kW thermal, common components for heat+electricity",unit
7523,"transmission network construction, electricity, medium voltage",km
7062,"resorcinol production, hydrolysis of meta-phenylene diamine",kg
2555,"market for bottom ash, MSWI, residue from mechanical treatment, CRT display",kg
4145,"market for mine infrastructure, open cast, ilmenite from hard-rock ore",unit
7728,"treatment of bagasse, from sugarcane, in heat and power co-generation unit, 6400kW thermal",kWh
6168,"market for wood preservative, inorganic salt, containing Cr",kg
5993,"market for waste paper, sorted",kg
612,chlorpropham production,kg
4130,"market for methylene diphenyl diisocyanate, ISOPA",kg
890,"diesel, burned in fishing vessel",MJ
4070,"market for mango seedling, for planting",unit
4502,"market for planting, by no till planter",ha
4704,market for rape seed,kg
3855,"market for laser machining, metal, with YAG-laser, 40W power",hour
1518,"glued laminated timber production, PUR-glue",kg
5862,market for used laptop computer,kg
8600,treatment of used cable,kg
9242,"wood preservation, spray tunnel/deluging, solvent-based preservative, outdoor use, no ground contact",kg
2677,"market for bottom ash, MSWI[F], residue from shredder fraction from manual dismantling",kg
4318,"market for optical brighteners, for paper production",kg
9198,"wind power plant construction, 2MW, offshore, moving parts",unit
9041,"trout, production in semi-intensive system, in lake",kg
4808,"market for residues, MSWI, waste textile, soiled",kg
6594,"operation, solar collector system, Cu flat plate collector, one-family house, for combined system",MJ
9123,vinyl carbonate production,kg
4004,"market for maintenance, electric scooter, without battery",unit
1171,"electricity, high voltage, import from VE",kWh
7429,tetraethyl orthosilicate production,kg
8507,"treatment of sewage sludge, 97% water, WWT-SLF, waste aluminium, landfarming",kg
5442,market for stucco,kg
2051,"lithium iron phosphate production, hydrothermal process",kg
2599,"market for bottom ash, MSWI, waste wood, untreated",kg
4174,market for monoammonium phosphate,kg
3243,market for electric bicycle,unit
6094,"market for welding, arc, aluminium",m
4814,"market for residues, MSWI-WWT, WW from CRT production",kg
8801,"treatment of waste paperboard, open dump, hyperarid infiltration class (-250mm)",kg
332,"biomethane production, low pressure, vehicle grade",kg
2357,market for ammonium bicarbonate,kg
6560,"operation, computer, desktop, with liquid crystal display, standby mode",hour
9058,"uranium fuel element production, enriched 3.0%, for light water reactor",kg
3491,"market for furnace, wood chips, hardwood storage area, 300kW",unit
4230,market for nitrous oxide,kg
4825,"market for residues, MSWI-WWT, WW from hard fibreboard production",kg
8287,"treatment of residues, MSWI[F]-WWT, WW from maize starch production, residual material landfill",kg
8907,"treatment of waste polyurethane, municipal incineration FAE",kWh
3141,"market for deep drawing, steel, 10000 kN press, single stroke",kg
8356,"treatment of sewage sludge, 70% water, WWT, WW from glass production, municipal incineration FAE",MJ
2955,market for chlorine dioxide,kg
6458,nitro-compound production,kg
7473,"tillage, rotary cultivator",ha
5316,"market for sodium nitrate, unrefined",kg
6607,p-chlorophenol production,kg
3450,market for folpet,kg
8355,"treatment of sewage sludge, 70% water, WWT, WW from glass production, municipal incineration",kWh
3990,market for magnesium oxide,kg
1527,"gold mine operation and gold production, unrefined",kg
7469,"tillage, hoeing and earthing-up, potatoes",ha
6825,"polarizer, liquid crystals and colour filters production, for liquid crystal display",kg
4663,"market for propylene glycol, liquid",kg
1308,"expansion vessel production, 80l",unit
8736,"treatment of waste glass, open burning",kg
5998,market for waste plaster-cardboard sandwich,kg
2946,"market for chemical, inorganic",kg
3643,"market for heat and power co-generation unit, organic Rankine cycle, 1400kW thermal, common components, heat+electricity",unit
164,"aluminium, ingot, primary, import from Northern America",kg
1071,"electricity, high voltage, import from BR-South-eastern/Mid-western grid",kWh
3056,"market for concrete, 40MPa",m3
1399,flattened bamboo production,kg
7355,"sugarcane processing, modern annexed plant",kg
2143,"maize grain production, rainfed",kg
830,cottonseed meal to generic market for protein feed,MJ
622,chromium steel pipe production,kg
8922,"treatment of waste polyvinylchloride, municipal incineration FAE",MJ
3156,market for diammonium phosphate,kg
3843,market for lanthanum oxide,kg
6493,nutrient supply from coconut husk,kg
1088,"electricity, high voltage, import from CN-CCG",kWh
7840,"treatment of bottom ash, MSWI-WWT-SLF, waste aluminium, slag compartment",kg
8932,"treatment of waste polyvinylchloride, unsanitary landfill, moist infiltration class (300mm)",kg
2094,"magnesium-alloy production, AZ91",kg
8970,"treatment of waste wood, untreated, sanitary landfill",MJ
1032,"electricity production, wind, 1-3MW turbine, onshore",kWh
4753,"market for residue from mechanical treatment, IT accessory",kg
2811,market for cabbage red,kg
8880,"treatment of waste polypropylene, open dump, wet infiltration class (500mm)",kg
8227,"treatment of residues, MSWI-WWT[U], WW from lorry production, residual material landfill",kg
9127,"wafer production, fabricated, for integrated circuit",m2
3010,market for cobalt acetate,kg
2474,market for bell pepper,kg
8280,"treatment of residues, MSWI[F]-WWT, WW from PV cell production, residual material landfill",kg
2903,"market for cement, CEM II/A-V",kg
2992,market for clay brick,kg
4416,market for phenolic resin,kg
3835,"market for land use change, forest, intensive",ha
1352,"fertilising, by rig fertiliser, sugarcane",ha
1778,"hexamethylene-1,6-diisocyanate production",kg
502,"catch crop growing, phacelia, September-October, organic fertiliser 60 kg N",kg
8460,"treatment of sewage sludge, 75% water, WWT, WW from plywood production, sanitary landfill",kg
3887,"market for leachate, SLF, waste polypropylene",m3
4972,"market for retention aid, for paper production",kg
8203,"treatment of residues, MSWI-WWT-SLF, scrap tin sheet, residual material landfill",kg
7128,"section bar rolling, steel",kg
1258,"ethoxylated alcohol (AE3) production, palm kernel oil",kg
2337,"market for aluminium removed by turning, average, conventional",kg
5131,"market for sewage sludge, 70% water, WWT-SLF, waste polypropylene",kg
4013,"market for maintenance, locomotive",unit
7403,tantalum mine operation and beneficiation,kg
2640,"market for bottom ash, MSWI-WWT-SLF, waste emulsion paint",kg
8709,"treatment of waste concrete, not reinforced, collection for final disposal",kg
2325,market for aluminium in car shredder residue,kg
5211,"market for sewage sludge, 97% water, WWT-SLF, waste newspaper",kg
4974,"market for rice seed, for sowing",kg
4421,market for phosphane,kg
8286,"treatment of residues, MSWI[F]-WWT, WW from liquid crystal production, residual material landfill",kg
1495,"geothermal power plant construction, undefined type",unit
8428,"treatment of sewage sludge, 70% water, WWT-SLF, waste polystyrene, municipal incineration",kWh
8451,"treatment of sewage sludge, 75% water, WWT, WW from concrete production, sanitary landfill",kWh
8364,"treatment of sewage sludge, 70% water, WWT, WW from medium density board production, municipal incineration",kg
4959,"market for residues, MSWI[F]-WWT-SLF, waste polypropylene",kg
3376,"market for fertilising, by injection",ha
6995,"purse seiner construction, steel",kg
1662,"heat and power co-generation, natural gas, 1MW electrical, lean burn",kWh
6700,petroleum refinery operation,kWh
7945,"treatment of bottom ash, MSWI[F]-WWT-SLF, waste aluminium, slag compartment",kg
2518,market for blast furnace gas,MJ
31,Distiller's Dried Grains with Solubles to generic market for protein feed,kg
7505,"toner production, colour, powder",kg
1285,"evaporation of natural gas, import from AE",m3
1471,"furnace production, wood chips, softwood storage area, 50kW",unit
831,cottonseed oil mill operation,kg
6334,"mine construction, potash salt",unit
3713,market for hydroxylamine,kg
7427,terbium-dysprosium oxide to generic market for mischmetal,kg
6434,"natural gas, liquefied, import from MY",m3
1255,ethephon production,kg
8114,"treatment of residue from mechanical treatment, liquid crystal display, municipal incineration FAE",kWh
4482,"market for pipeline, natural gas, long distance, high capacity, onshore",km
8139,"treatment of residues, MSWI, steel in car shredder residue, residual material landfill",kg
7059,"resistor production, surface-mounted",kg
5079,market for sesame seed,kg
8055,"treatment of lignite ash, municipal incineration FAE",kg
8688,"treatment of waste bamboo residues, open burning",kg
3816,market for isoproturon,kg
2219,"market for DTPA, diethylenetriaminepentaacetic acid",kg
8297,"treatment of residues, MSWI[F]-WWT, rainwater mineral oil storage, residual material landfill",kg
1383,"fish canning, small fish",kg
2350,"market for aluminium, primary, ingot",kg
7304,"steel drilling, conventional",kg
5008,market for sanitary ceramics,kg
8454,"treatment of sewage sludge, 75% water, WWT, WW from hard fibreboard production, sanitary landfill",kg
8669,"treatment of used toner module, laser printer, black/white, recycling",unit
2808,market for butyl acrylate,kg
7592,"transport, freight, lorry with refrigeration machine, 3.5-7.5 ton, EURO5, carbon dioxide, liquid refrigerant, freezing",metric ton*km
3861,market for lauric diethanolamide,kg
4778,"market for residues, MSWI, residue from mechanical treatment, laser printer",kg
1106,"electricity, high voltage, import from FI",kWh
5324,market for sodium phenolate,kg
5792,market for ultraviolet lamp,unit
5585,"market for tomato, processing grade",kg
7772,"treatment of bottom ash, MSWI, steel in car shredder residue, slag compartment",kg
340,"bisphenol A production, powder",kg
1064,"electricity, high voltage, import from AT",kWh
216,arsine production,kg
8837,"treatment of waste plastic, mixture, unsanitary landfill, dry infiltration class (100mm)",kg
5215,"market for sewage sludge, 97% water, WWT-SLF, waste plastic plaster",kg
4880,"market for residues, MSWI[F], residue from mechanical treatment, IT accessory",kg
3639,"market for heat and power co-generation unit, 6400kW thermal, common components for heat+electricity",unit
6813,plastic tunnel construction,m2
6193,"market for zinc coat, coils",m2
4252,"market for nuclear waste storage, interim, for low level radioactive waste before final repository",unit
6758,"photovoltaics, electric installation for 570kWp module, open ground",unit
9005,"treatment of wastewater from tube collector production, wastewater treatment",m3
7972,"treatment of condensate from light oil boiler, wastewater treatment",m3
1425,folpet production,kg
1593,"hard coal, import from Australia",kg
8344,"treatment of sewage sludge, 70% water, WWT, WW from LCD production, municipal incineration",MJ
7434,"textile production, cotton, circular knitting",kg
667,"coffee green bean production, arabica",kg
849,"cyclohexane production, benzene hydrogenation, liquid phase process",kg
5454,"market for sugarcane transfer, by dump cart",ha
1968,"laser machining, metal, with YAG-laser, 30W power",hour
7448,thermo-mechanical pulp production,kg
5961,"market for waste concrete, not reinforced",kg
2934,"market for cement, unspecified",kg
6640,"panel glass production, for cathode ray tube display",kg
6405,"natural gas, high pressure, import from ES",m3
2257,market for aclonifen,kg
6914,"potato seed production, organic, for setting",kg
8453,"treatment of sewage sludge, 75% water, WWT, WW from grass refinery, sanitary landfill",kg
125,"aluminium drilling, computer numerical controlled",kg
2064,"low voltage system production, for Li-ion battery",kg
1631,"heat and power co-generation unit construction, 1MW electrical, components for heat only",unit
6124,"market for wind turbine, 4.5MW, onshore",unit
292,bauxite mine operation,kg
7736,"treatment of bilge oil, hazardous waste incineration, with energy recovery",kg
1714,"heat production, natural gas, at boiler atm. low-NOx condensing non-modulating <100kW",MJ
5680,"market for transport, freight, lorry with refrigeration machine, 7.5-16 ton, EURO5, R134a refrigerant, cooling",metric ton*km
9110,"ventilation system production, central, 1 x 720 m3/h, steel ducts, with earth tube heat exchanger",unit
6753,"photovoltaic slanted-roof installation, 3kWp, ribbon-Si, laminated, integrated, on roof",unit
6765,"pinto bean seed production, for sowing",kg
7047,"refractory production, fireclay, packed",kg
2746,"market for bottom ash, MSWI[F]-WWT-SLF, waste graphical paper",kg
7694,"transport, passenger, electric bicycle",person*km
4796,"market for residues, MSWI, waste plastic, industrial electronics",kg
4107,"market for metallization paste, back side",kg
5496,market for t-butyl amine,kg
5763,market for trichloroacetic acid,kg
2284,"market for air input/output unit, heat and power co-generation unit, 160kW electrical",unit
93,"aircraft production, belly-freight aircraft, short haul",unit
4331,"market for outside air intake, stainless steel, DN 370",unit
2481,market for benzimidazole-compound,kg
98,"aircraft production, dedicated freight aircraft, very short haul",unit
2073,"machine operation, diesel, >= 18.64 kW and < 74.57 kW, generators",hour
5755,"market for transport, tractor and trailer, agricultural",metric ton*km
7389,swine production,kg
7321,stibnite mine operation and beneficiation,kg
7080,"rye grain, feed production, Swiss integrated production",kg
2665,"market for bottom ash, MSWI[F], hard coal ash",kg
55,acetoacetic acid production,kg
637,clay roof tile production,kg
7538,"transport, freight, aircraft, dedicated freight, short haul",metric ton*km
5793,"market for unreinforced concrete, 15MPa",m3
6394,"natural gas, high pressure, domestic supply with seasonal storage",m3
4610,"market for power block, solar thermal parabolic trough, 50 MW",unit
2205,market for 2-cyclopentanone,kg
317,beryllium hydroxide production,kg
423,"butter production, from cow milk",kg
3568,"market for grass, organic",kg
757,"concrete production, 35MPa, for civil engineering, for exterior use, with cement, Portland",m3
6546,onion production,kg
501,"catch crop growing, phacelia, September-October, organic fertiliser 40 kg N",kg
4179,"market for motor scooter, 50 cubic cm engine",unit
3815,market for isopropylamine,kg
5639,"market for transport, freight, lorry 3.5-7.5 metric ton, unregulated",metric ton*km
8955,"treatment of waste vapour barrier, flame-retarded, municipal incineration",kWh
5475,market for sulfuric acid,kg
2663,"market for bottom ash, MSWI[F], copper in car shredder residue",kg
8812,"treatment of waste plaster-cardboard sandwich, collection for final disposal",kg
5732,"market for transport, passenger car, medium size, petrol, EURO 5",km
7171,silicon tetrachloride production,kg
3323,market for ethylene diamine,kg
8118,"treatment of residues, MSWI, LDPE in waste fresh milk carton (chilled), post-industrial, residual material landfill",kg
4466,"market for photovoltaic slanted-roof installation, 3kWp, ribbon-Si, laminated, integrated, on roof",unit
2498,"market for biomethane, high pressure, vehicle grade",kg
8509,"treatment of sewage sludge, 97% water, WWT-SLF, waste bitumen, landfarming",kg
6881,"polyvinylchloride production, suspension polymerisation",kg
8566,"treatment of sulfidic tailing, off-site, high gold content",kg
2565,"market for bottom ash, MSWI, scrap steel",kg
1224,"energy saving, from ventilation system, 6 x 120 m3/h, steel ducts, with earth tube heat exchanger",MJ
8726,"treatment of waste fibreboard, collection for final disposal",kg
7754,"treatment of bottom ash, MSWI, lead in car shredder residue, slag compartment",kg
3817,market for jatropha seed,kg
8582,"treatment of used Li-ion battery, pyrometallurgical treatment",kg
6007,market for waste polyethylene terephthalate,kg
3166,"market for diesel, burned in diesel-electric generating set, 10MW",MJ
3235,"market for dust collector, multicyclone",unit
1770,heavy mineral sand quarry operation and titania slag production,kg
2895,market for cement factory,unit
7598,"transport, freight, lorry with refrigeration machine, 7.5-16 ton, EURO3, R134a refrigerant, freezing",metric ton*km
3477,"market for furnace, logs, hardwood storage area, 30kW",unit
5235,"market for sewer grid, urban",m3
5197,"market for sewage sludge, 97% water, WWT-SLF, inert waste",kg
7463,"tillage, harrowing, by moldboard plow",ha
1673,"heat and power co-generation, wood chips, 6667 kW, state-of-the-art 2014",kWh
8754,"treatment of waste graphical paper, open dump, very wet infiltration class (1000mm)",kg
2044,lithium brine inspissation,kg
1534,goods wagon production,unit
4561,market for polysulfone,kg
8381,"treatment of sewage sludge, 70% water, WWT, condensate from light oil boiler, municipal incineration",kg
8267,"treatment of residues, MSWI[F], waste polyvinylfluoride, residual material landfill",kg
1756,"heat pump production, diffusion absorption, 4kW, future",unit
8425,"treatment of sewage sludge, 70% water, WWT-SLF, waste polyethylene, municipal incineration FAE",MJ
8485,"treatment of sewage sludge, 97% water, WWT, WW from maize starch production, landfarming",kg
1653,"heat and power co-generation unit construction, organic Rankine cycle, 200kW electrical",unit
3752,market for indolylbutyric acid,kg
5544,"market for tillage, currying, by weeder",ha
8678,treatment of used vegetable cooking oil by anaerobic digestion,m3
5695,"market for transport, freight, sea, ferry",metric ton*km
7832,"treatment of bottom ash, MSWI-WWT-SLF, hard coal ash, slag compartment",kg
321,"beverage carton production, 1 L, for fresh milk (chilled)",unit
8851,"treatment of waste polyethylene terephthalate, sanitary landfill",MJ
8936,"treatment of waste polyvinylfluoride, municipal incineration FAE",kWh
3231,"market for drying, natural gas",m3
8490,"treatment of sewage sludge, 97% water, WWT, WW from potato starch production, landfarming",kg
5484,"market for swath, by rotary windrower",ha
7242,sodium sulfide production,kg
7089,salicylic acid production,kg
8034,"treatment of leachate, SLF, waste graphical paper, wastewater treatment",m3
7676,"transport, passenger car, medium size, petrol, EURO 4",km
4083,market for mattress,unit
6559,"operation, computer, desktop, with liquid crystal display, office use",hour
4164,"market for miscanthus rhizome, for planting",unit
2868,"market for cast iron removed by turning, average, conventional",kg
9180,"wheat grain production, Swiss integrated production, extensive",kg
686,"combine harvesting, sweet corn",ha
2578,"market for bottom ash, MSWI, waste newspaper",kg
2557,"market for bottom ash, MSWI, residue from mechanical treatment, LCD",kg
5413,"market for steel removed by turning, primarily dressing, conventional",kg
8448,"treatment of sewage sludge, 75% water, WWT, WW from ammonium paratungstate production, sanitary landfill",MJ
3292,"market for energy use, electric bicycle",km
17,"2-cyclopentanone production, decarboxylative cyclization of adipic acid",kg
6180,market for woven bamboo mat,kg
5154,"market for sewage sludge, 75% water, WWT, WW from medium density board production",kg
2927,"market for cement, type I-PM",kg
2740,"market for bottom ash, MSWI[F]-WWT-SLF, residue from cooling tower",kg
6596,"operation, solar collector system, evacuated tube collector, one-family house, for combined system",MJ
1804,"hydrogen production, coal gasification",MJ
8249,"treatment of residues, MSWI[F], waste building wood, chrome preserved, residual material landfill",kg
106,"alkyd paint production, white, solvent-based, product in 60% solution state",kg
2007,"lightweight concrete block production, expanded vermiculite",kg
8449,"treatment of sewage sludge, 75% water, WWT, WW from black chrome coating, sanitary landfill",kWh
8451,"treatment of sewage sludge, 75% water, WWT, WW from concrete production, sanitary landfill",kg
6880,"polyvinylchloride production, emulsion polymerisation",kg
8427,"treatment of sewage sludge, 70% water, WWT-SLF, waste polypropylene, municipal incineration FAE",MJ
6954,"printed wiring board production, through-hole mounted, unspecified, Pb containing",kg
6060,market for wastewater from particle board production,m3
86,"air filter production, decentralized unit, 250 m3/h",unit
8109,"treatment of residue from mechanical treatment, laptop computer, municipal incineration",kWh
7748,"treatment of bottom ash, MSWI, aluminium in car shredder residue, slag compartment",kg
4399,market for perlite,kg
8852,"treatment of waste polyethylene terephthalate, unsanitary landfill, dry infiltration class (100mm)",kg
6683,"pesticide production, unspecified",kg
4665,market for prosulfocarb,kg
7915,"treatment of bottom ash, MSWI[F], waste wire plastic, slag compartment",kg
5431,"market for storage, 10'000 l",unit
3332,"market for eucalyptus seedling, for planting",unit
739,"concrete production, 30MPa, for building construction, exposure class XC3, with cement, unspecified",m3
9021,"tree seedling production, in unheated greenhouse",unit
1630,"heat and power co-generation unit construction, 1MW electrical, components for electricity only",unit
3302,market for establishing orchard,unit
7323,"stirling heat and power co-generation unit construction, 3kW electrical, wood pellet, future",unit
1568,ground granulated blast furnace slag production,kg
2957,"market for chlorine, for reuse in zirconium and hafnium tetrachloride production",kg
4654,"market for process-specific burdens, slag landfill",kg
2040,liquid manure storage and processing facility construction,m3
8423,"treatment of sewage sludge, 70% water, WWT-SLF, waste polyethylene terephthalate, municipal incineration FAE",MJ
5548,"market for tillage, field cultivator with amendment",ha
8773,"treatment of waste mineral wool, recycling",kg
7253,"softwood forestry, spruce, sustainable forest management",m3
1199,"electron gun production, for cathode ray tube display",kg
1930,kraft paper production,kWh
5415,"market for steel removed by turning, primarily roughing, conventional",kg
7649,"transport, passenger aircraft, long haul",person*km
4272,"market for offshore platform, petroleum",unit
7008,"quicklime production, milled, packed",kg
3461,"market for frit, for cathode ray tube display",kg
8548,"treatment of spent catalytic converter for cars, underground deposit",kg
4220,market for nickel sulfate,kg
3832,"market for land tenure, arable land, measured as carbon net primary productivity, pasture, man made",kg
4178,market for morpholine,kg
6455,"nitric acid production, product in 50% solution state",kg
2581,"market for bottom ash, MSWI, waste paperboard",kg
3154,"market for delimbing/sorting, excavator-based processor",hour
6024,market for waste reinforced concrete,kg
4410,market for petroleum coke,kg
3620,"market for heat and power co-generation unit, 160kW electrical, components for electricity only",unit
2047,lithium chloride production,kg
6099,market for wheat flour mix,kg
2106,"maintenance, heat and power co-generation unit, 160kW electrical",unit
3712,market for hydroquinone,kg
4471,"market for photovoltaics, electric installation for 570kWp module, open ground",unit
6782,"planing, board, hardwood, u=10%",m3
5531,"market for thermal spraying, high velocity oxyfuel, tungsten carbide-cobalt, on carbon steel substrate",m2
2623,"market for bottom ash, MSWI-WWT, WW from vegetable oil refinery",kg
2037,"liquid crystal display production, unmounted",kg
5897,"market for used train, passenger, high-speed",unit
8775,"treatment of waste natural gas, sour, burned in production flare",MJ
4911,"market for residues, MSWI[F], waste polyvinylfluoride",kg
316,benzyl chloride production,kg
2637,"market for bottom ash, MSWI-WWT-SLF, waste aluminium",kg
8635,"treatment of used liquid crystal display module, municipal incineration FAE",MJ
1521,gluing mill construction,unit
6489,"nutrient supply from ash, from combustion of bagasse from sugarcane",kg
7348,"suction, shavings, hardwood",kg
364,"blower and heat exchange unit production, KWL 250",unit
2359,market for ammonium chloride,kg
1058,"electricity, high voltage, hydro, reservoir, import from France, renewable energy products",kWh
6427,"natural gas, high pressure, import from US",m3
5889,"market for used room-connecting overflow element steel, approx. 40 m3/h",unit
4750,"market for residue from TiO2 production, chloride process",kg
5990,market for waste paint on wall,kg
840,cross-laminated timber production,m3
8505,"treatment of sewage sludge, 97% water, WWT-SLF, scrap tin sheet, landfarming",kg
5401,market for stearic acid,kg
3909,"market for lightweight concrete block, expanded clay",kg
4606,"market for powder coat, aluminium sheet",m2
4681,"market for purse seiner maintenance, wood",kg
6907,"potato production, Swiss integrated production, intensive",kg
4138,market for millet,kg
5320,"market for sodium perborate, tetrahydrate, powder",kg
8969,"treatment of waste wood, untreated, open dump, wet infiltration class (500mm)",kg
2078,"machine operation, diesel, >= 74.57 kW, generators",hour
5436,market for strawberry,kg
1532,gold-silver mine operation and beneficiation,kg
8906,"treatment of waste polyurethane, municipal incineration",MJ
6136,"market for wood chipping, industrial residual wood, stationary electric chipper",kg
8789,"treatment of waste paint, hazardous waste incineration, with energy recovery",kg
1825,"impact extrusion of steel, cold, 1 strokes",kg
2368,"market for anaerobic digestion plant, for biowaste",unit
3328,market for ethylene glycol monoethyl ether,kg
8424,"treatment of sewage sludge, 70% water, WWT-SLF, waste polyethylene, municipal incineration",kg
8649,"treatment of used printer, laser, manual dismantling",kg
1915,isopropanol production,kg
7547,"transport, freight, light commercial vehicle, EURO2",metric ton*km
6789,"planing, lath, softwood, u=20%",m3
141,"aluminium oxide, metallurgical, import from Rest of Europe",kg
5094,"market for sewage sludge, 70% water, WWT, WW from maize starch production",kg
6143,"market for wood pellet, measured as dry mass",kg
5892,"market for used silencer steel, DN 315",unit
1740,"heat production, wood chips from industry, at furnace 1000kW, state-of-the-art 2014",MJ
3575,"market for green manure, Swiss integrated production, until February",ha
2286,"market for aircraft, agricultural",unit
1123,"electricity, high voltage, import from IR",kWh
1911,isobutyl acetate production,kg
7006,"quicklime production, in pieces, loose",kg
5944,market for washing machine,unit
6980,prosulfocarb production,kg
1265,ethyl benzene production,kg
356,"blast furnace sludge, for recovery, Recycled Content cut-off",kg
6131,"market for wire drawing, copper",kg
1590,"hard coal preparation, coal washing",kg
5070,market for seed-cotton,kg
1703,"heat production, light fuel oil, at boiler 100kW, non-modulating",MJ
5551,"market for tillage, harrowing, by offset leveling disc harrow",ha
1158,"electricity, high voltage, import from SK",kWh
4793,"market for residues, MSWI, waste paint",kg
245,"bark chips production, hardwood, at sawmill",kg
7452,three and five layered board production,kg
7742,"treatment of blast furnace dust, residual material landfill",kg
3073,"market for contouring, bronze",kg
780,"concrete production, 50MPa, with cement, CEM II/B",m3
3757,"market for industrial furnace, 1MW, oil",unit
8173,"treatment of residues, MSWI-WWT, WW from LCD production, residual material landfill",kg
7279,soybean oil refinery operation,kg
4438,"market for photovoltaic facade installation, 3kWp, single-Si, panel, mounted, at building",unit
9014,"treatment of wood ash mixture, pure, municipal incineration FAE",kg
7126,"seawater reverse osmosis module production, 8-inch spiral wound, enhanced",m2
7899,"treatment of bottom ash, MSWI[F], waste paperboard, slag compartment",kg
5426,market for stone meal,kg
8952,"treatment of waste sealing sheet, polyvinylchloride, municipal incineration FAE",MJ
1513,"glazing production, triple, U<0.5 W/m2K",m2
1854,"inductor production, miniature radio frequency chip",kg
5106,"market for sewage sludge, 70% water, WWT, heat carrier liquid, 40% C3H8O2",kg
8379,"treatment of sewage sludge, 70% water, WWT, WW, average, municipal incineration",kWh
9266,"yarn production, cotton, open end spinning",kg
3674,market for helium,kg
8213,"treatment of residues, MSWI-WWT-SLF, waste paint, residual material landfill",kg
952,drying of maize straw and whole-plant,l
6177,"market for wood wool boards, cement bonded",m3
8901,"treatment of waste polystyrene, unsanitary landfill, wet infiltration class (500mm)",kg
2246,market for acetaldehyde,kg
2981,"market for chromium steel removed by milling, small parts",kg
1964,"laser machining, metal, with CO2-laser, 5000W power",hour
3158,market for diazole-compound,kg
5160,"market for sewage sludge, 75% water, WWT, WW from tube collector production",kg
5424,"market for stockpiling of anode slime from electrorefining of copper, anode",kg
1886,"inverter production, 0.5kW",unit
8123,"treatment of residues, MSWI, copper in car shredder residue, residual material landfill",kg
582,"chemical factory construction, organics",unit
4472,market for phthalic anhydride,kg
1489,"gas turbine construction, 10MW electrical",unit
2973,market for chromite ore concentrate,kg
8443,"treatment of sewage sludge, 75% water, WWT, WW from CRT production, sanitary landfill",kWh
7797,"treatment of bottom ash, MSWI, waste sealing sheet, polyvinylchloride, slag compartment",kg
3705,market for hydrogen sulfide,kg
1722,"heat production, natural gas, at boiler modulating >100kW",MJ
595,chloridazon production,kg
6725,"photovoltaic facade installation, 3kWp, single-Si, panel, mounted, at building",unit
4404,"market for petrol, 5% ethanol by volume from biomass",kg
234,baling,unit
7076,"rosin size production, for paper production",kg
7316,"steel turning, average, conventional",kg
18,"2-methyl-2-butanol production",kg
8471,"treatment of sewage sludge, 75% water, WWT[U], WW from lorry production, sanitary landfill",MJ
6845,"polyethylene terephthalate production, granulate, amorphous",kg
8186,"treatment of residues, MSWI-WWT, WW from pig iron production, residual material landfill",kg
8081,"treatment of non-Fe-Co-metals, from used Li-ion battery, hydrometallurgical processing",kg
8135,"treatment of residues, MSWI, residue from shredder fraction from manual dismantling, residual material landfill",kg
4569,market for polyvinylfluoride,kg
8689,"treatment of waste bitumen sheet, municipal incineration",kg
1479,gadolinium oxide to generic market for mischmetal,kg
6527,o-chlorotoluene production,kg
9269,"yarn production, cotton, ring spinning, for weaving",kg
4927,"market for residues, MSWI[F]-WWT, WW from concrete production",kg
2751,"market for bottom ash, MSWI[F]-WWT-SLF, waste plastic plaster",kg
7793,"treatment of bottom ash, MSWI, waste polyvinylchloride, slag compartment",kg
6652,"paper production, woodfree, uncoated, 30% recycled content, at integrated mill",kg
3375,"market for fertilising, by broadcaster",ha
5025,"market for sawnwood, beam, hardwood, raw, dried (u=10%)",m3
2080,"machine operation, diesel, >= 74.57 kW, low load factor",hour
3349,"market for extrusion, co-extrusion",kg
7210,sodium ethyl xanthate production,kg
8170,"treatment of residues, MSWI-WWT, WW from CRT production, residual material landfill",kg
2268,market for activated silica,kg
5369,"market for soybean, Swiss integrated production",kg
2939,"market for charger, electric passenger car",kg
3776,"market for intermodal shipping container, 20-foot",unit
821,"copper scrap, sorted, pressed, Recycled Content cut-off",kg
8805,"treatment of waste paperboard, sanitary landfill",kg
7782,"treatment of bottom ash, MSWI, waste packaging paper, slag compartment",kg
6792,planting,ha
5057,"market for sawnwood, softwood, raw, dried (u=20%)",m3
8019,"treatment of kitchen and garden biowaste, home composting in heaps and containers",kg
9002,"treatment of wastewater from plywood production, wastewater treatment",m3
6330,"mine construction, open cast, lignite",unit
8525,"treatment of sewage sludge, 97% water, WWT-SLF, waste polyvinylchloride, landfarming",kg
3174,"market for diethyl ether, without water, in 99.95% solution state",kg
1526,glyphosate production,kg
1079,"electricity, high voltage, import from CA-NF",kWh
208,antimony production,kg
5787,market for tungsten concentrate,kg
8595,"treatment of used blower and heat exchange unit, Storkair G 90",unit
3241,market for electric arc furnace slag,kg
3800,market for iron(II) chloride,kg
4581,"market for potassium chloride, industrial grade",kg
294,"beam, hardwood, raw, kiln drying to u=10%",m3
2090,magnesium sulfate production,kg
8384,"treatment of sewage sludge, 70% water, WWT, heat carrier liquid, 40% C3H8O2, municipal incineration FAE",kg
7964,"treatment of bottom ash, MSWI[F]-WWT[R], WW from anaerobic digestion of whey, slag compartment",kg
4849,"market for residues, MSWI-WWT-SLF, waste aluminium",kg
638,"clay roof tile production, glazed",kg
8833,"treatment of waste plastic, mixture, open dump, moist infiltration class (300mm)",kg
571,"cement, unspecified, import from Europe",kg
3017,market for cocoa bean,kg
5977,market for waste gypsum plasterboard,kg
8095,"treatment of refinery sludge, sanitary landfill",MJ
8723,"treatment of waste emulsion paint, sanitary landfill",MJ
7007,"quicklime production, milled, loose",kg
6754,"photovoltaic slanted-roof installation, 3kWp, ribbon-Si, panel, mounted, on roof",unit
6254,market group for waste polyethylene terephthalate,kg
8430,"treatment of sewage sludge, 70% water, WWT-SLF, waste polyurethane, municipal incineration",kg
8444,"treatment of sewage sludge, 75% water, WWT, WW from GGBFS production, sanitary landfill",kg
2249,"market for acetic acid, without water, in 98% solution state",kg
1774,"helium, crude stockpiling",kg
6800,"planting, by no till planter",ha
4398,market for perfluoropentane,kg
64,"acrylic binder production, with water, in 54% solution state",kg
2272,market for adiponitrile,kg
8445,"treatment of sewage sludge, 75% water, WWT, WW from LCD backlight production, sanitary landfill",kWh
7580,"transport, freight, lorry with reefer, freezing",metric ton*km
4449,"market for photovoltaic mounting system, for 570kWp open ground module",m2
6558,"operation, computer, desktop, with liquid crystal display, off mode",hour
650,"clear-cutting, secondary forest to arable land, perennial crop",kg
3067,"market for container, for collection of post-consumer waste plastic for recycling",unit
8044,"treatment of leachate, SLF, waste polypropylene, wastewater treatment",m3
2687,"market for bottom ash, MSWI[F], waste building wood, chrome preserved",kg
3686,market for holmium oxide,kg
9098,"ventilation control and wiring production, central unit",unit
2452,market for basic oxygen furnace sludge,kg
6660,"particleboard production, uncoated, average glue mix",kg
8017,"treatment of inert waste, inert material landfill",kg
6438,"natural gas, liquefied, import from PE",m3
68,"acrylonitrile production, Sohio process",kg
6327,"mine construction, iron",unit
4184,"market for mowing, by motor mower",ha
8991,"treatment of wastewater from grass refinery, wastewater treatment",m3
8829,"treatment of waste plastic, mixture, municipal incineration FAE",kWh
8425,"treatment of sewage sludge, 70% water, WWT-SLF, waste polyethylene, municipal incineration FAE",kg
8006,treatment of glass from used cathode ray tube,kg
4996,"market for rye seed, organic, for sowing",kg
2333,"market for aluminium removed by milling, dressing",kg
7719,"treatment of aluminium scrap, post-consumer, by collecting, sorting, cleaning, pressing",kg
2878,"market for catalytic converter, oxidation, 20 litre",unit
227,"aubergine production, open field",kg
1222,"energy saving, from ventilation system, 6 x 120 m3/h, polyethylene ducts, with earth tube heat exchanger",MJ
8872,"treatment of waste polyethylene/polypropylene product, collection for final disposal",kg
2202,"market for 2,5-dimethylhexane-2,5-dihydroperoxide",kg
4914,"market for residues, MSWI[F], waste sealing sheet, polyvinylchloride",kg
8876,"treatment of waste polypropylene, open dump, dry infiltration class (100mm)",kg
9066,"uranium mine operation, underground",kg
7049,refrigerant R134a production,kg
8912,"treatment of waste polyurethane, open dump, very wet infiltration class (1000mm)",kg
7036,"recultivation, potash salt mine",m2
181,"ammonium paratungstate production, solvent extraction",kg
1347,ferrosilicon production,kg
8925,"treatment of waste polyvinylchloride, open dump, hyperarid infiltration class (-250mm)",kg
7232,sodium phenolate production,kg
727,"concrete production, 25MPa, for building construction, for interior use, with cement ZN/D, with 50% RC-C aggregates",kg
6379,natural gas liquids fractionation,kg
8449,"treatment of sewage sludge, 75% water, WWT, WW from black chrome coating, sanitary landfill",MJ
990,"electricity production, hydro, pumped storage",kWh
129,aluminium hydroxide factory construction,unit
1936,"land already in use, annual cropland to forest, intensive",kg
3018,market for coconut husk,kg
8783,"treatment of waste paint on metal, collection for final disposal",kg
8780,"treatment of waste packaging paper, municipal incineration",kWh
8871,"treatment of waste polyethylene, unsanitary landfill, wet infiltration class (500mm)",kg
4256,"market for nylon 6-6, glass-filled",kg
6204,market for zircon,kg
9186,"wheat grain, import from RoW",kg
5833,"market for used blower and heat exchange unit central, 600-1200 m3/h",unit
7299,"steam production, as energy carrier, in chemical industry",MJ
7226,"sodium perborate production, tetrahydrate, powder",kg
8439,"treatment of sewage sludge, 70% water, WWT[R], WW from anaerobic digestion of whey, municipal incineration",MJ
3117,market for crust from Parkes process for lead production,kg
4862,"market for residues, MSWI-WWT-SLF, waste polyethylene terephthalate",kg
85,"air filter production, decentralized unit, 180-250 m3/h",unit
4887,"market for residues, MSWI[F], scrap tin sheet",kg
4050,"market for maize seed, organic, for sowing",kg
2499,"market for biomethane, low pressure",MJ
5567,market for tin slag,kg
8797,"treatment of waste paperboard, municipal incineration",kWh
1660,"heat and power co-generation, natural gas, 160kW electrical, Jakobsberg",MJ
6868,"polystyrene production, general purpose",kg
1723,"heat production, natural gas, at diffusion absorption heat pump 4kW, future",MJ
8999,"treatment of wastewater from medium density board production, wastewater treatment",MJ
836,cottonseed to generic market for energy feed,kg
8564,"treatment of steel in car shredder residue, municipal incineration",kg
5432,"market for storage, 650 l mini CHP plant",unit
6711,"phosphoric acid production, dihydrate process",kg
3863,market for leach residue from copper production,kg
6585,"operation, internet access equipment, electricity from renewable energy products",hour
7810,"treatment of bottom ash, MSWI-WWT, WW from ammonium paratungstate production, slag compartment",kg
6761,phthalimide-compound production,kg
4717,"market for recultivation, dolomite mine",m2
2849,market for carbon disulfide,kg
2561,"market for bottom ash, MSWI, residue from mechanical treatment, laser printer",kg
3203,"market for disk drive, CD/DVD, ROM, for desktop computer",unit
7514,"transformer production, low voltage use",kg
7459,"tillage, disking",ha
2322,market for aluminium fluoride,kg
658,cobalt production,kg
4413,market for petroleum slack wax,kg
4781,"market for residues, MSWI, spent anion exchange resin from potable water production",kg
8671,"treatment of used train, passenger, high-speed",unit
4710,"market for rare earth oxide concentrate, 50% REO",kg
7740,"treatment of biowaste, municipal incineration FAE",kWh
8687,"treatment of waste asphalt, sanitary landfill",MJ
2342,"market for aluminium scrap, new",kg
5719,"market for transport, passenger car, large size, natural gas, EURO 5",km
5913,"market for vanilla seedling, for planting",unit
1141,"electricity, high voltage, import from NL",kWh
901,dimethyl carbonate production,kg
6338,"mine infrastructure construction, open cast, peat",unit
6406,"natural gas, high pressure, import from FI",m3
3732,"market for impact extrusion of steel, cold, tempering",kg
6663,"passenger car production, electric, without battery",kg
7277,"soybean meal and crude oil production, mechanical extraction",kg
1601,"hard disk drive production, for desktop computer",unit
7739,"treatment of biowaste, municipal incineration",MJ
7174,silicone product production,kg
28,"BTX production, from pyrolysis gas, average",kg
8337,"treatment of scrap tin sheet, sanitary landfill",kWh
7873,"treatment of bottom ash, MSWI[F], residue from mechanical treatment, CRT display, slag compartment",kg
7885,"treatment of bottom ash, MSWI[F], spent anion exchange resin from potable water production, slag compartment",kg
1039,"electricity production, wind, >3MW turbine, onshore, renewable energy products",kWh
658,cobalt production,m3
531,cement mortar production,kg
8133,"treatment of residues, MSWI, residue from mechanical treatment, laptop computer, residual material landfill",kg
6515,nutrient supply from urea,kg
692,"compressed air production, 1000 kPa gauge, <30kW, optimised generation",m3
1705,"heat production, light fuel oil, at boiler 10kW, non-modulating",MJ
4244,"market for nuclear power plant, boiling water reactor 1000MW",unit
2085,"magnesium chloride, from zirconium sponge production, Recycled Content cut-off",kg
1178,"electricity, high voltage, production mix",kWh
9286,"zinc scrap, post-consumer, Recycled Content cut-off",kg
5474,market for sulfur trioxide,kg
8628,"treatment of used intermodal shipping container, 40-foot, high-cube",unit
4157,"market for mine infrastructure, vermiculite",unit
2447,"market for basic oxygen furnace dust, for recovery",kg
6595,"operation, solar collector system, Cu flat plate collector, one-family house, for hot water",MJ
581,chemical factory construction,kg
8018,"treatment of inert waste, sanitary landfill",kg
3853,"market for laser machining, metal, with YAG-laser, 30W power",hour
1791,"housing system construction, pig, fully-slatted floor",unit
5817,market for used IT accessory,kg
7390,"switch production, toggle type",kg
8282,"treatment of residues, MSWI[F]-WWT, WW from ceramic production, residual material landfill",kg
5248,"market for sheet rolling, copper",kg
6237,market group for potato,kg
2175,"mango production, conditioned, heat treatment",kg
3957,"market for long liner, steel",kg
4305,"market for operation, dried roughage store, air dried, solar",kg
3367,"market for ferrochromium, high-carbon, 55% Cr",kg
5264,market for silicone factory,unit
6803,"planting, potato",ha
6494,nutrient supply from compost,kg
4058,market for malusil,kg
8608,"treatment of used domestic refrigerator, controlled dismantling",unit
4692,market for pyrolysis fuel oil,kg
524,cationic resin production,kg
3632,"market for heat and power co-generation unit, 500kW electrical, common components for heat+electricity",unit
5649,"market for transport, freight, lorry >32 metric ton, EURO3",metric ton*km
4071,"market for mango, conditioned",kg
6416,"natural gas, high pressure, import from MY",m3
4771,"market for residues, MSWI, raw sewage sludge",kg
6602,oriented strand board production,m3
8373,"treatment of sewage sludge, 70% water, WWT, WW from soft fibreboard production, municipal incineration FAE",kWh
336,"biomethane, low pressure burned in solid oxide fuel cell 125kWe, future",kWh
6057,market for wastewater from lorry production,m3
3097,"market for copper, anode",kg
1381,fish canning plant construction and maintenance,unit
8975,"treatment of waste wood, untreated, unsanitary landfill, wet infiltration class (500mm)",kg
6314,metolachlor production,kg
5493,market for synthetic gas factory,unit
8305,"treatment of residues, MSWI[F]-WWT-SLF, waste emulsion paint, residual material landfill",kg
1411,"fluorspar production, 97% purity",kg
3075,"market for controller, for electric scooter",kg
4903,"market for residues, MSWI[F], waste plastic, industrial electronics",kg
1494,"geothermal power plant construction, Hot-Dry-Rock",unit
7060,"resistor production, wirewound, through-hole mounting",kg
8465,"treatment of sewage sludge, 75% water, WWT, WW from wafer fabrication, sanitary landfill",kg
3021,market for cocoons,kg
5629,"market for transport, freight, lorry 16-32 metric ton, EURO5",metric ton*km
7564,"transport, freight, lorry 3.5-7.5 metric ton, unregulated",metric ton*km
9289,"zirconium and hafnium tetrachloride production, from zircon",kg
202,"anode production, silicon coated graphite, NMC811, for Li-ion battery",kg
7692,"transport, passenger train, urban",person*km
7710,"treatment of H3PO4 purification residue, residual material landfill",kg
5457,"market for sulfate pulp, bleached",kg
2161,maleic anhydride production by direct oxidation of n-butane,MJ
8308,"treatment of residues, MSWI[F]-WWT-SLF, waste newspaper, residual material landfill",kg
6361,"mounting, surface mount technology, Pb-free solder",m2
4171,market for molybdenite,kg
3373,"market for ferrous metal, in mixed metal scrap",kg
5333,market for sodium sulfide,kg
3982,"market for machine operation, diesel, >= 74.57 kW, steady-state",hour
3727,"market for impact extrusion of steel, cold, 3 strokes",kg
3324,market for ethylene dichloride,kg
3886,"market for leachate, SLF, waste polyethylene terephthalate",m3
3090,market for copper in car shredder residue,kg
796,"containerboard production, linerboard, testliner",kg
968,electric bicycle production,unit
8362,"treatment of sewage sludge, 70% water, WWT, WW from maize starch production, municipal incineration",MJ
8246,"treatment of residues, MSWI[F], steel in car shredder residue, residual material landfill",kg
337,"biomethane, low pressure burned in solid oxide fuel cell, with micro gas turbine, 180kWe, future",kWh
6975,propyl amine production,kg
470,carbon monoxide production,kg
3837,"market for land use change, pasture, man made",ha
6716,"phosphorus production, white, liquid",kg
6407,"natural gas, high pressure, import from FR",m3
132,"aluminium ingot, primary, to aluminium, wrought alloy market",kg
5809,"market for uranium, enriched 4.2%, in fuel element for light water reactor",kg
437,"cable production, three-conductor cable",m
8127,"treatment of residues, MSWI, raw sewage sludge, residual material landfill",kg
9188,"wheat seed production, for sowing",kg
6745,"photovoltaic panel production, single-Si wafer",m2
7962,"treatment of bottom ash, MSWI[F]-WWT-SLF, waste wood, untreated, slag compartment",kg
5667,"market for transport, freight, lorry with refrigeration machine, 3.5-7.5 ton, EURO5, carbon dioxide, liquid refri(...)_7",metric ton*km
2181,"manual treatment facility construction, waste electric and electronic equipment",unit
8,"1-propanol production",kg
7032,"recultivation, dolomite mine",m2
8888,"treatment of waste polystyrene, municipal incineration",kg
8921,"treatment of waste polyvinylchloride, municipal incineration",kWh
4705,"market for rape seed, Swiss integrated production",kg
4855,"market for residues, MSWI-WWT-SLF, waste gypsum",kg
8629,"treatment of used intermodal shipping container, 45-foot, high-cube",unit
4166,market for mischmetal,kg
2547,"market for bottom ash, MSWI, coating from waste CRT display",kg
8248,"treatment of residues, MSWI[F], waste bitumen sheet, residual material landfill",kg
6257,market group for waste polyurethane,kg
6260,market group for wheat grain,kg
8051,"treatment of lead in car shredder residue, municipal incineration",kg
3087,market for copper carbonate,kg
4545,"market for polylactic acid, granulate",kg
7482,"tinplate scrap, sorted, Recycled Content cut-off",kg
1669,"heat and power co-generation, oil",kWh
9217,"wood chipping, mobile chipper, at forest road",hour
5081,"market for sewage sludge, 70% water, WWT, WW from CRT production",kg
2259,market for acrylic acid,kg
5918,"market for ventilation control and wiring, central unit",unit
5963,market for waste electric wiring,kg
7910,"treatment of bottom ash, MSWI[F], waste rubber, unspecified, slag compartment",kg
8641,"treatment of used lorry, 16 metric ton",unit
2949,market for chickpea,kg
4015,"market for maintenance, lorry 28 metric ton",unit
7180,skidder production,unit
1717,"heat production, natural gas, at boiler condensing modulating <100kW",MJ
139,aluminium oxide production,kg
7536,"transport, freight, aircraft, dedicated freight, long haul",metric ton*km
6245,"market group for transport, freight, light commercial vehicle",metric ton*km
3949,market for lithium fluoride,kg
3109,"market for cottonseed, for sowing",kg
3037,"market for compressed air, 1200 kPa gauge",m3
1845,"impact extrusion of steel, warm, 5 strokes",kg
60,acetylene production,kg
2971,market for chlorpropham,kg
7134,"selective coating, copper sheet, black majic",m2
2958,"market for chlorine, gaseous",kg
2638,"market for bottom ash, MSWI-WWT-SLF, waste asphalt",kg
735,"concrete production, 25MPa, for building construction, with cement, CP-II-E",m3
1682,"heat production, at hot water tank, solar+gas, flat plate, multiple dwelling",MJ
4033,"market for maintenance, tram",unit
8439,"treatment of sewage sludge, 70% water, WWT[R], WW from anaerobic digestion of whey, municipal incineration",kg
2944,market for chemical factory,kg
462,"capacitor production, for surface-mounting",kg
391,"brazing solder production, cadmium free",kg
7035,"recultivation, limestone mine",m2
554,"cement production, CP IV",kg
603,"chlorobenzenes production, benzene chlorination",kg
2851,market for carbon monoxide,kg
2258,market for acrolein,kg
4513,market for platinum,kg
659,cobalt sulfate production,kg
8107,"treatment of residue from mechanical treatment, industrial device, municipal incineration",MJ
6929,"power sawing, without catalytic converter",hour
2567,"market for bottom ash, MSWI, spent anion exchange resin from potable water production",kg
1751,"heat production, wood pellet, at furnace 300kW, state-of-the-art 2014",MJ
3921,market for lime mortar,kg
8260,"treatment of residues, MSWI[F], waste plastic, mixture, residual material landfill",kg
6276,metal coating facility construction,unit
7599,"transport, freight, lorry with refrigeration machine, 7.5-16 ton, EURO3, carbon dioxide, liquid refrigerant, cooling",metric ton*km
6983,"protein pea production, organic",kg
6768,"pipeline construction, natural gas, long distance, high capacity, offshore",km
627,"chromium steel turning, primarily roughing, computer numerical controlled",kg
1369,"fibre, silk, short, Recycled Content cut-off",kg
5061,market for scrap lead acid battery,kg
6797,"planting with starter fertiliser, by no till planter",ha
7319,"steel turning, primarily roughing, computer numerical controlled",kg
5816,market for urea formaldehyde resin,kg
2490,"market for beverage carton, 1 L, for UHT milk (ambient)",unit
537,"cement production, CEM II/A-S",kg
6539,"offshore well production, oil/gas",m
9178,"wheat grain processing, dry milling",kg
6088,"market for water, ultrapure",kg
7537,"transport, freight, aircraft, dedicated freight, medium haul",metric ton*km
2004,"light olefins production, from methanol-to-olefins conversion, ethylene-to-propylene ratio of 1.51",kWh
2869,"market for cast iron removed by turning, primarily dressing, computer numerical controlled",kg
5538,market for three and five layered board,m3
10,"2,4-di-tert-butylphenol production",kg
1838,"impact extrusion of steel, hot, deformation stroke",kg
9124,vinyl chloride production,kg
6933,praseodymium oxide to generic market for mischmetal,kg
7859,"treatment of bottom ash, MSWI-WWT-SLF, wood ash mixture, pure, slag compartment",kg
75,adipic acid production,kg
668,"coffee green bean production, arabica, irrigated",kg
1552,gravel and sand quarry operation,kg
4534,"market for polyether polyols, short chain, ISOPA",kg
4191,market for municipal solid waste,kg
7701,"transport, pipeline, onshore, long distance, natural gas",metric ton*km
3739,"market for impact extrusion of steel, hot, initial warming",kg
3095,market for copper sulfate,kg
1888,"inverter production, 500kW",unit
1276,"ethylene glycols production, thermal hydrolysis of ethylene oxide",kg
3548,market for glycerin distillate bottom,kg
1870,"insulated gate bipolar transistor production, for electric vehicle applications",kg
5441,market for structural timber,m3
8873,"treatment of waste polypropylene, municipal incineration",kWh
8552,"treatment of spent nuclear fuel, reprocessing",kg
8798,"treatment of waste paperboard, municipal incineration FAE",MJ
8354,"treatment of sewage sludge, 70% water, WWT, WW from concrete production, municipal incineration FAE",kg
2772,"market for brass removed by turning, primarily roughing, computer numerical controlled",kg
6332,"mine construction, open cast, steatite",unit
2841,"market for capacitor, electrolyte type, > 2cm height",kg
4924,"market for residues, MSWI[F]-WWT, WW from PV cell production",kg
6635,palm fruit bunch production,kg
5071,"market for seed-cotton, organic",kg
4074,market for manual dismantling of used passenger car with internal combustion engine,unit
5724,"market for transport, passenger car, medium size, diesel, EURO 4",km
1616,"harvesting, forestry harvester",hour
5735,"market for transport, passenger car, small size, diesel, EURO 5",km
5335,market for sodium tetrafluoroborate,kg
4650,"market for process-specific burdens, inert material landfill",kg
1668,"heat and power co-generation, natural gas, mini-plant 2KW electrical",MJ
2972,"market for chopping, maize",ha
1663,"heat and power co-generation, natural gas, 200kW electrical, lean burn",kWh
8022,"treatment of leachate, SLF, inert waste, wastewater treatment",m3
6022,market for waste preparation facility,unit
5516,market for tetraethyl orthosilicate,kg
5594,"market for train, passenger, regional",unit
1132,"electricity, high voltage, import from ME",kWh
1503,"glass fibre reinforced plastic production, polyester resin, hand lay-up",kg
6944,"printed wiring board production, for surface mounting, Pb free surface",m2
807,"cooling energy production, at -100 °C, propylene-ethylene compression refrigeration system 1 MW",MJ
4247,market for nuclear spent fuel conditioning facility,unit
1249,ethanol production from sweet sorghum,kWh
5677,"market for transport, freight, lorry with refrigeration machine, 7.5-16 ton, EURO4, R134a refrigerant, freezing",metric ton*km
7739,"treatment of biowaste, municipal incineration",kg
2928,"market for cement, type ICo",kg
7851,"treatment of bottom ash, MSWI-WWT-SLF, waste plastic, mixture, slag compartment",kg
2013,lignite mine operation,kg
3969,"market for machine operation, diesel, < 18.64 kW, generators",hour
7015,rape oil mill operation,kg
8211,"treatment of residues, MSWI-WWT-SLF, waste gypsum, residual material landfill",kg
1101,"electricity, high voltage, import from DZ",kWh
5378,market for spent catalyst base from ethyleneoxide production,kg
7310,"steel production, converter, low-alloyed",kg
6666,"pea seed production, for sowing",kg
4556,"market for polystyrene, expandable",kg
9166,"water works construction, capacity 6.23E10l/year, seawater reverse osmosis, conventional pretreatment",unit
5251,"market for silencer, steel, DN 125",unit
4520,"market for polar fleece, energy use only",kg
2316,"market for aluminium around steel bi-metal stranded cable, 3x3.67mm external diameter wire",m
8387,"treatment of sewage sludge, 70% water, WWT-SLF, hard coal ash, municipal incineration",kg
4600,market for potato starch,kg
9162,"water works construction, capacity 1.1E10l/year, conventional treatment",unit
7521,"transmission network construction, electricity, high voltage direct current land cable",km
8210,"treatment of residues, MSWI-WWT-SLF, waste graphical paper, residual material landfill",kg
1734,"heat production, softwood chips from forest, at furnace 50kW, state-of-the-art 2014",MJ
4437,"market for photovoltaic facade installation, 3kWp, single-Si, laminated, integrated, at building",unit
1988,"lean concrete production, with cement CEM II/B",m3
1297,"evaporation of natural gas, import from TT",m3
3457,market for fosetyl-Al,kg
5118,"market for sewage sludge, 70% water, WWT-SLF, waste bitumen",kg
8381,"treatment of sewage sludge, 70% water, WWT, condensate from light oil boiler, municipal incineration",MJ
8919,"treatment of waste polyurethane, unsanitary landfill, wet infiltration class (500mm)",kg
6541,"oil boiler production, 10kW",unit
3584,market for ground granulated blast furnace slag,kg
1233,"epoxy resin production, liquid",kg
2593,"market for bottom ash, MSWI, waste sealing sheet, polyethylene",kg
5952,"market for waste building wood, chrome preserved",kg
2087,magnesium oxide production,kg
7104,"sawing, softwood",kg
2341,"market for aluminium removed by turning, primarily roughing, conventional",kg
5646,"market for transport, freight, lorry 7.5-16 metric ton, unregulated",metric ton*km
6925,"power distribution unit production, for electric passenger car",kg
5630,"market for transport, freight, lorry 16-32 metric ton, EURO6",metric ton*km
5086,"market for sewage sludge, 70% water, WWT, WW from ammonium paratungstate production",kg
5588,"market for toner, black, powder",kg
6042,"market for waste, pneumatic tyres",kg
8896,"treatment of waste polystyrene, sanitary landfill",MJ
8886,"treatment of waste polypropylene, unsanitary landfill, wet infiltration class (500mm)",kg
5293,market for sodium bicarbonate,kg
5246,"market for sheet rolling, aluminium",kg
2091,"magnesium, for reuse in hafnium sponge production, to generic market for magnesium",kg
2402,market for ash from deinking sludge,kg
898,"diethylenetriaminepentaacetic acid production, alkaline cyanomethylation of diethylenetriamine",kg
1559,"green manure growing, Swiss integrated production, until March",ha
566,"cement production, type IS",kg
1640,"heat and power co-generation unit construction, 500kW electrical, common components for heat+electricity",unit
6287,"metallization paste production, back side",kg
7204,sodium chloroacetate production,kg
7415,"tap water production, seawater reverse osmosis, ultrafiltration pretreatment, enhance module, two stages",kg
8619,"treatment of used flexible duct, aluminium/PET, DN of 125",m
2683,"market for bottom ash, MSWI[F], spent cation exchange resin from potable water production",kg
4393,market for peat,kg
633,"clay brick production, moulded",kg
1416,"foam glass production, electricity from renewable energy products",kg
4428,market for phosphorus pentachloride,kg
7294,"sputtering target production, sintered, indium tin oxide",kg
6891,"potassium carbonate production, from potassium hydroxide",kg
1245,ethanol production from potatoes,kg
7989,"treatment of digester sludge, municipal incineration FAE",MJ
365,"blower and heat exchange unit production, KWLC 1200",unit
5593,"market for train, passenger, long-distance",unit
7937,"treatment of bottom ash, MSWI[F]-WWT, WW, average, slag compartment",kg
3149,"market for deep well, drilled, for geothermal power",m
7173,silicone factory construction,unit
4198,market for napropamide,kg
5145,"market for sewage sludge, 75% water, WWT, WW from ammonium paratungstate production",kg
7515,"transistor production, auxilliaries and energy use",kg
1390,fishmeal and fish oil plant construction and maintenance,unit
5217,"market for sewage sludge, 97% water, WWT-SLF, waste polyethylene",kg
5112,"market for sewage sludge, 70% water, WWT-SLF, refinery sludge",kg
5922,"market for ventilation duct, steel, 100x50 mm",m
3038,"market for compressed air, 600 kPa gauge",m3
4768,"market for residues, MSWI, digester sludge",kg
393,brick production facility construction,unit
281,"battery management system production, for Li-ion battery",kg
7559,"transport, freight, lorry 3.5-7.5 metric ton, EURO2",metric ton*km
6644,"paper mill construction, non-integrated",unit
6923,"power block installation, solar thermal parabolic trough, 50 MW",unit
1560,"green manure growing, organic, until April",ha
2145,maize grain to generic market for energy feed,MJ
5974,market for waste glass sheet,kg
6814,"plasticiser production, for concrete, based on sulfonated melamine formaldehyde",kg
5997,"market for waste paperboard, unsorted",kg
3849,"market for laser machining, metal, with CO2-laser, 5000W power",hour
8303,"treatment of residues, MSWI[F]-WWT-SLF, waste asphalt, residual material landfill",kg
5960,market for waste concrete gravel,kg
1506,"glass tube production, borosilicate",kg
6271,melamine urea formaldehyde adhesive production,kg
7541,"transport, freight, inland waterways, barge",metric ton*km
8083,"treatment of non-sulfidic overburden, off-site",kg
6843,"polyethylene production, linear low density, granulate",kg
6762,pig iron production,kg
801,"control cabinet production, heat and power co-generation unit, 160kW electrical",unit
3650,"market for heat pump, 30kW",unit
3673,market for helicopter,unit
3704,"market for hydrogen peroxide, without water, in 50% solution state",kg
2673,"market for bottom ash, MSWI[F], residue from mechanical treatment, desktop computer",kg
6092,"market for weaving, synthetic fibre",kg
1762,"heat, from municipal waste incineration to generic market for heat district or industrial, other than natural gas",MJ
7251,"softwood forestry, paraná pine, sustainable forest management",m3
5654,"market for transport, freight, lorry with reefer, cooling",metric ton*km
786,"concrete, all types to generic market for concrete, normal strength",m3
3128,market for dairy,m3
8883,"treatment of waste polypropylene, unsanitary landfill, hyperarid infiltration class (-250mm)",kg
7281,soybean production,kg
1034,"electricity production, wind, 2.3MW turbine, precast concrete tower, onshore",kWh
4603,"market for potentiometer, unspecified",kg
7830,"treatment of bottom ash, MSWI-WWT, heat carrier liquid, 40% C3H8O2, slag compartment",kg
2517,"market for blast furnace dust, for recovery",kg
5253,"market for silica fume, densified",kg
2552,"market for bottom ash, MSWI, lignite ash",kg
2778,market for bromine,kg
5167,"market for sewage sludge, 75% water, WWT[R], WW from anaerobic digestion of whey",kg
5976,market for waste gypsum,kg
7148,shale quarry operation,kg
5115,"market for sewage sludge, 70% water, WWT-SLF, sludge from pulp and paper production",kg
4648,"market for process-specific burdens, hazardous waste incineration plant",kg
8794,"treatment of waste paper to pulp, wet lap, totally chlorine free bleached",kg
8468,"treatment of sewage sludge, 75% water, WWT, heat carrier liquid, 40% C3H8O2, sanitary landfill",MJ
7751,"treatment of bottom ash, MSWI, copper in car shredder residue, slag compartment",kg
9089,"used vegetable cooking oil, Recycled Content cut-off",kg
8461,"treatment of sewage sludge, 75% water, WWT, WW from potato starch production, sanitary landfill",kWh
8035,"treatment of leachate, SLF, waste gypsum, wastewater treatment",m3
3350,"market for extrusion, plastic film",kg
9254,"wood preservative production, water-based, indoor use, dry",kg
4864,"market for residues, MSWI-WWT-SLF, waste polystyrene",kg
7674,"transport, passenger car, medium size, natural gas, EURO 5",km
7513,"transformer production, high voltage use",kg
4193,market for municipal waste incineration facility,unit
7895,"treatment of bottom ash, MSWI[F], waste graphical paper, slag compartment",kg
6690,"petrol production, unleaded, petroleum refinery operation",kg
1345,ferronickel production,kg
6463,non-ferrous metal smelter production,unit
8090,"treatment of raw sewage sludge, municipal incineration FAE",kg
8106,"treatment of residue from mechanical treatment, desktop computer, municipal incineration FAE",MJ
5828,market for used blower and heat exchange unit GE 250 RH,unit
6280,"metal working, average for chromium steel product manufacturing",kg
6100,market for wheat grain,kg
2308,"market for alkylketene dimer sizing agent, for paper production",kg
7501,"tomato seedling production, in unheated greenhouse, for planting",unit
6346,mint production,kg
3188,market for dimethylamine borane,kg
7428,tetrachloroethylene production,kg
3397,"market for fibreboard, soft",m3
2718,"market for bottom ash, MSWI[F]-WWT, WW from LCD backlight production",kg
8884,"treatment of waste polypropylene, unsanitary landfill, moist infiltration class (300mm)",kg
6741,"photovoltaic panel production, CIS",m2
9119,"vinasse, from fermentation of sugar beet, Recycled Content cut-off",kg
8563,"treatment of stalk, in wood heater 6kW",MJ
472,"carboxymethyl cellulose production, powder",kg
4833,"market for residues, MSWI-WWT, WW from soft fibreboard production",kg
955,"drying, sewage sludge",kg
8720,"treatment of waste emulsion paint, municipal incineration",MJ
6726,"photovoltaic flat-roof installation, 3kWp, multi-Si, on roof",unit
8768,"treatment of waste mineral oil, hazardous waste incineration, with energy recovery",kWh
706,"computer production, desktop, without screen",unit
6172,"market for wood preservative, organic, outdoor use, no ground contact",kg
8369,"treatment of sewage sludge, 70% water, WWT, WW from plywood production, municipal incineration FAE",kWh
1583,"hard coal mine operation, open cast, dragline",kg
4117,market for methyl acetate,kg
1987,"lean concrete production, with cement CEM II/A",m3
6922,"power adapter production, for smartphone",unit
670,"coffee green bean production, arabica, mechanized",kg
3615,"market for haying, by rotary tedder",ha
9221,"wood cladding production, softwood",m3
3882,"market for leachate, SLF, waste paperboard",m3
4583,market for potassium nitrate,kg
5881,"market for used purse seiner, wood",kg
8936,"treatment of waste polyvinylfluoride, municipal incineration FAE",kg
1179,"electricity, high voltage, renewable energy products, production mix",kWh
5133,"market for sewage sludge, 70% water, WWT-SLF, waste polyurethane",kg
4842,"market for residues, MSWI-WWT-SLF, inert waste",kg
4351,"market for packing, cement",kg
3435,"market for fluorine, liquid",kg
7990,"treatment of drilling waste, landfarming",kg
2336,"market for aluminium removed by turning, average, computer numerical controlled",kg
4994,"market for rye seed, Swiss integrated production, for sowing",kg
2403,market for ash from paper production sludge,kg
7779,"treatment of bottom ash, MSWI, waste glass, slag compartment",kg
4734,market for refractory spent pot liner from Al electrolysis,kg
5638,"market for transport, freight, lorry 3.5-7.5 metric ton, EURO6",metric ton*km
8634,"treatment of used liquid crystal display module, municipal incineration",kg
1680,"heat production, at heat pump 30kW, allocation exergy",MJ
5243,"market for shed, large, wood, non-insulated, fire-unprotected",m2
3872,"market for leachate, SLF, waste aluminium",m3
2568,"market for bottom ash, MSWI, spent cation exchange resin from potable water production",kg
3419,"market for flat glass, coated",kg
7729,"treatment of bagasse, from sweet sorghum, in heat and power co-generation unit, 6400kW thermal",MJ
7842,"treatment of bottom ash, MSWI-WWT-SLF, waste bitumen, slag compartment",kg
6871,"polysulfide production, sealing compound",kg
4762,"market for residues, MSWI, LDPE in waste fresh milk carton (chilled), post-industrial",kg
6781,"planing, beam, softwood, u=20%",m3
6503,"nutrient supply from phosphate rock, beneficiated",kg
1908,"irrigation, drip",m3
7848,"treatment of bottom ash, MSWI-WWT-SLF, waste paint, slag compartment",kg
7070,"road construction, company, internal",m2*year
8380,"treatment of sewage sludge, 70% water, WWT, WW, average, municipal incineration FAE",kg
1557,"green manure growing, Swiss integrated production, until February",ha
1828,"impact extrusion of steel, cold, 4 strokes",kg
768,"concrete production, 40MPa, for building construction, with cement, CP III",m3
1699,"heat production, hardwood chips from forest, at furnace 50kW",MJ
8257,"treatment of residues, MSWI[F], waste paperboard, residual material landfill",kg
8104,"treatment of residue from mechanical treatment, cathode ray tube display, municipal incineration FAE",kWh
428,butyldiglycol acetate production,kg
8892,"treatment of waste polystyrene, open dump, hyperarid infiltration class (-250mm)",kg
7286,"soybean, feed production",kg
5624,"market for transport, freight, light commercial vehicle, unregulated",metric ton*km
6215,"market group for electricity, high voltage",kWh
8645,"treatment of used outside air intake, stainless steel, DN 370",unit
2453,"market for basic oxygen furnace sludge, for recovery",kg
2692,"market for bottom ash, MSWI[F], waste graphical paper",kg
7594,"transport, freight, lorry with refrigeration machine, 3.5-7.5 ton, EURO6, R134a refrigerant, freezing",metric ton*km
1194,"electrolysis of magnesium chloride, from zirconium sponge production",kg
4926,"market for residues, MSWI[F]-WWT, WW from ceramic production",kg
4268,"market for oat seed, Swiss integrated production, at farm",kg
562,"cement production, type I-PM",kg
4448,"market for photovoltaic module, building-integrated, for slanted-roof installation",m2
4679,market for purified terephthalic acid,kg
7766,"treatment of bottom ash, MSWI, scrap aluminium, slag compartment",kg
5171,"market for sewage sludge, 97% water, WWT, WW from LCD backlight production",kg
8779,"treatment of waste newspaper, sanitary landfill",kWh
5938,market for vinyl acetate,kg
6282,"metal working, average for metal product manufacturing",kg
2976,"market for chromium steel removed by drilling, computer numerical controlled",kg
5684,"market for transport, freight, lorry with refrigeration machine, 7.5-16 ton, EURO6, R134a refrigerant, cooling",metric ton*km
799,"contouring, brass",kg
7679,"transport, passenger car, small size, diesel, EURO 4",km
8109,"treatment of residue from mechanical treatment, laptop computer, municipal incineration",kg
4711,"market for rare earth oxide concentrate, 70% REO",kg
2215,market for 4-tert-butylbenzaldehyde,kg
7379,"sunflower production, Swiss integrated production, intensive",kg
5360,"market for sour gas, burned in gas turbine",MJ
2486,market for benzyl chloride,kg
8207,"treatment of residues, MSWI-WWT-SLF, waste bitumen, residual material landfill",kg
3093,market for copper slag,kg
765,"concrete production, 37MPa, for civil engineering, with cement, Portland",m3
8998,"treatment of wastewater from maize starch production, wastewater treatment",m3
9115,"venting of argon, crude, liquid",kg
7629,"transport, freight, small lorry with refrigeration machine, EURO3, CO2 refrigerant, freezing to generic market",metric ton*km
1894,iron ore mine operation and beneficiation,kg
3312,market for ethoxylated alcohol (AE11),kg
7446,"thermal storage system construction, solar thermal parabolic trough, 50 MW",unit
443,"cadmium production, primary",kg
3488,"market for furnace, wood chips, average storage area, 300kW",unit
948,drying of feed grain,l
5619,"market for transport, freight, inland waterways, barge with reefer, cooling",metric ton*km
5340,"market for soil, contaminated",kg
4301,"market for operation, computer, laptop, video mode",hour
7014,rape meal to generic market for protein feed,MJ
4517,"market for plug, inlet and outlet, for printer cable",unit
401,"building construction, budget hotel",unit
8720,"treatment of waste emulsion paint, municipal incineration",kg
6778,"planing, beam, hardwood, u=10%",m3
8498,"treatment of sewage sludge, 97% water, WWT, rainwater mineral oil storage, landfarming",kg
6087,"market for water, harvested from rainwater",kg
5073,"market for selective coat, copper sheet, black chrome",m2
263,"basic oxygen furnace dust, for recovery to generic market for supplementary cementitious materials",kg
7808,"treatment of bottom ash, MSWI-WWT, WW from LCD production, slag compartment",kg
8072,"treatment of municipal solid waste, open dump, very wet infiltration class (1000mm)",kg
2874,"market for casting, brass",kg
8143,"treatment of residues, MSWI, waste cement-fibre slab, dismantled, residual material landfill",kg
5427,market for stone wool,kg
2405,"market for ash, from combustion of straw",kg
7878,"treatment of bottom ash, MSWI[F], residue from mechanical treatment, laptop computer, slag compartment",kg
678,"coke, import from CN",MJ
5946,market for waste aluminium,kg
3637,"market for heat and power co-generation unit, 50kW electrical, components for heat only",unit
4441,"market for photovoltaic laminate, CIS",m2
4963,"market for residues, MSWI[F]-WWT-SLF, waste wood, untreated",kg
4131,market for methylsulfonic acid,kg
1230,epichlorohydrin production from allyl chloride,kg
3057,"market for concrete, 45MPa",m3
1173,"electricity, high voltage, import from XK",kWh
7184,"slab and siding, softwood, wet, measured as dry mass to generic market for residual softwood, wet",m3
6658,paris market carrot production,kg
6830,"polycarboxylates production, 40% active substance",kg
600,chlormequat chloride production,kg
2622,"market for bottom ash, MSWI-WWT, WW from tube collector production",kg
9027,trichloropropane production,kg
3927,"market for limestone and gypsum application, by spreader",ha
3096,market for copper telluride cement,kg
1840,"impact extrusion of steel, hot, tempering",kg
3078,market for cookstove,unit
4317,"market for operation, reefer, freezing",kg*day
2888,"market for cathode-ray tube, cathode ray tube display",kg
8848,"treatment of waste polyethylene terephthalate, open dump, moist infiltration class (300mm)",kg
4749,market for residue from Na-dichromate production,kg
8993,"treatment of wastewater from hard fibreboard production, wastewater treatment",MJ
8347,"treatment of sewage sludge, 70% water, WWT, WW from PV cell production, municipal incineration FAE",kg
669,"coffee green bean production, arabica, manual",kg
1102,"electricity, high voltage, import from EC",kWh
3932,"market for limestone, unprocessed",kg
4909,"market for residues, MSWI[F], waste polyurethane",kg
8366,"treatment of sewage sludge, 70% water, WWT, WW from pig iron production, municipal incineration",kg
3121,market for cyanoacetic acid,kg
5569,"market for tinplate, in mixed metal scrap",kg
6111,market for white lined chipboard carton,kg
8734,"treatment of waste glass, municipal incineration",kg
3425,"market for flax straw, dew-retted",kg
8957,"treatment of waste wire plastic, municipal incineration",kWh
6682,"permanent magnet production, for electric motor",kg
4321,market for orbencarb,kg
7828,"treatment of bottom ash, MSWI-WWT, WW, average, slag compartment",kg
3902,"market for lentil seed, for sowing",kg
8488,"treatment of sewage sludge, 97% water, WWT, WW from pig iron production, landfarming",kg
5207,"market for sewage sludge, 97% water, WWT-SLF, waste emulsion paint",kg
7575,"transport, freight, lorry >32 metric ton, EURO4",metric ton*km
4922,"market for residues, MSWI[F]-WWT, WW from LCD backlight production",kg
4415,market for phenol,kg
4804,"market for residues, MSWI, waste polyvinylfluoride",kg
8196,"treatment of residues, MSWI-WWT, rainwater mineral oil storage, residual material landfill",kg
7137,"selective coating, stainless steel sheet, black chrome",m2
4615,"market for power sawing, with catalytic converter",hour
4794,"market for residues, MSWI, waste paperboard",kg
8549,"treatment of spent cation exchange resin from potable water production, municipal incineration",MJ
8270,"treatment of residues, MSWI[F], waste sealing sheet, polyvinylchloride, residual material landfill",kg
597,"chlorine production, liquid",kg
6190,"market for zeolite, powder",kg
4436,"market for photovoltaic facade installation, 3kWp, multi-Si, panel, mounted, at building",unit
6540,"oil boiler production, 100kW",unit
1067,"electricity, high voltage, import from BE",kWh
8410,"treatment of sewage sludge, 70% water, WWT-SLF, waste gypsum, municipal incineration",kg
951,drying of maize grain,l
8541,"treatment of spent activated carbon, granular from hard coal, reactivation",kg
6713,"phosphorus oxychloride production, from phosphorus pentachloride",kg
8334,"treatment of scrap steel, municipal incineration FAE",kg
4736,"market for refractory, fireclay, packed",kg
95,"aircraft production, dedicated freight aircraft, long haul",unit
8570,"treatment of sulfidic tailings, from nickel mine operation, tailings impoundment",kg
5238,"market for shavings, hardwood, loose, measured as dry mass",kg
5699,"market for transport, freight, train with reefer, cooling",metric ton*km
2700,"market for bottom ash, MSWI[F], waste polyethylene",kg
2135,"maintenance, transmission network, electricity, high voltage direct current land cable",km*year
2,"1,1-dimethylcyclopentane to generic market for solvent, organic",kg
4707,"market for rape seed, organic",kg
1729,"heat production, softwood chips from forest, at furnace 300kW",MJ
8421,"treatment of sewage sludge, 70% water, WWT-SLF, waste plastic, mixture, municipal incineration FAE",kWh
2146,"maize grain, feed production",kg
8361,"treatment of sewage sludge, 70% water, WWT, WW from liquid crystal production, municipal incineration FAE",kWh
2291,"market for aircraft, dedicated freight, long haul",unit
8472,"treatment of sewage sludge, 97% water, WWT, WW from CRT production, landfarming",kg
2126,"maintenance, stirling heat and power co-generation unit, 3kW electrical, wood pellet, future",unit
785,"concrete, all types to generic market for concrete, medium strength",m3
1239,"esterification of vegetable oils and animal fats, average mix",kg
458,"capacitor production, auxilliaries and energy use",kg
4047,"market for maize seed, at farm",kg
3440,market for flyash brick,kg
218,ascorbic acid production,kg
252,barley grain to generic market for energy feed,kg
4028,"market for maintenance, tanker, for liquid goods other than petroleum and liquefied natural gas",unit
8824,"treatment of waste plastic, consumer electronics, sanitary landfill, wet infiltration class (500mm)",MJ
4214,"market for navy bean seed, for sowing",kg
6840,"polyethylene pipe production, corrugated, DN 75",m
7665,"transport, passenger car, large size, petrol, EURO 3",km
3223,market for dryer,unit
8899,"treatment of waste polystyrene, unsanitary landfill, moist infiltration class (300mm)",kg
3870,"market for leachate, SLF, scrap tin sheet",m3
1935,"land already in use, annual cropland to annual crop",kg
4162,market for mint,kg
4623,market for precious metal refinery,unit
2608,"market for bottom ash, MSWI-WWT, WW from black chrome coating",kg
3746,"market for impact extrusion of steel, warm, deformation stroke",kg
5179,"market for sewage sludge, 97% water, WWT, WW from grass refinery",kg
3483,"market for furnace, pellet, 50kW",unit
2475,market for bentonite,kg
6504,"nutrient supply from phosphoric acid, fertiliser grade, without water, in 70% solution state",kg
5543,"market for tillage, cultivating, chiselling",ha
8789,"treatment of waste paint, hazardous waste incineration, with energy recovery",kWh
872,demersal fish to generic market for marine fish,kg
2169,manganese concentrate production,kg
219,"ash, from combustion of bagasse from sugarcane, Recycled Content cut-off",kg
5387,"market for spiral-seam duct, steel, DN 125",m
804,conveyor belt production,m
115,alpha-naphthol production,kg
3480,"market for furnace, logs, softwood storage area, 30kW",unit
1428,"formaldehyde production, methanol oxidation ",kg
4453,market for photovoltaic panel factory,unit
8412,"treatment of sewage sludge, 70% water, WWT-SLF, waste newspaper, municipal incineration FAE",kWh
889,"diesel, burned in diesel-electric generating set, 18.5kW",MJ
5109,"market for sewage sludge, 70% water, WWT-SLF, inert waste",kg
1029,"electricity production, solar thermal parabolic trough, 50 MW",kWh
2065,lubricating oil production,kg
8446,"treatment of sewage sludge, 75% water, WWT, WW from LCD production, sanitary landfill",MJ
6979,"propylene production, from propane dehydrogenation",kg
3690,market for hot water tank factory,unit
7804,"treatment of bottom ash, MSWI, zinc in car shredder residue, slag compartment",kg
8195,"treatment of residues, MSWI-WWT, heat carrier liquid, 40% C3H8O2, residual material landfill",kg
4541,"market for polyethylene, high density, granulate",kg
275,batter wheat mix production,kg
5091,"market for sewage sludge, 70% water, WWT, WW from grass refinery",kg
8956,"treatment of waste vapour barrier, flame-retarded, municipal incineration FAE",MJ
9112,"ventilation system production, decentralized, 6 x 120 m3/h, polyethylene ducts, with earth tube heat exchanger",unit
658,cobalt production,kWh
6082,"market for water works, capacity 1.1E10l/year",unit
3192,market for dinitrogen tetroxide,kg
7736,"treatment of bilge oil, hazardous waste incineration, with energy recovery",kWh
3466,"market for fuel cell, solid oxide, 125kW electrical, future",unit
7091,samarium europium gadolinium concentrate to generic market for mischmetal,kg
8360,"treatment of sewage sludge, 70% water, WWT, WW from liquid crystal production, municipal incineration",kWh
2152,"maize seed production, at farm",kg
53,"acetic anhydride production, acetaldehyde oxidation",kg
3282,market for electronics scrap from control units,kg
8976,treatment of waste x-ray film,kg
2553,"market for bottom ash, MSWI, municipal solid waste",kg
8822,"treatment of waste plastic, consumer electronics, municipal incineration FAE",kg
6978,"propylene production, from methanol-to-propylene conversion",kWh
8449,"treatment of sewage sludge, 75% water, WWT, WW from black chrome coating, sanitary landfill",kg
599,"chlorine, for reuse in zirconium and hafnium tetrachloride production, to generic market for chlorine",kg
3041,"market for computer, desktop, without screen",unit
2721,"market for bottom ash, MSWI[F]-WWT, WW from black chrome coating",kg
1149,"electricity, high voltage, import from RAS",kWh
4613,"market for power saw, with catalytic converter",unit
4270,market for octabenzone,kg
6793,"planting with starter fertiliser or amendment, by drill",ha
7324,"stockpiling of anode slime from electrorefining of copper, anode",kg
5309,market for sodium hydrosulfide,kg
3315,market for ethoxylated alcohol (AE>20),kg
7480,tin production,kg
8345,"treatment of sewage sludge, 70% water, WWT, WW from LCD production, municipal incineration FAE",kg
4772,"market for residues, MSWI, residue from mechanical treatment, CRT display",kg
1511,"glazing production, double, U<1.1 W/m2K",m2
5802,"market for uranium, enriched 3.0%, per separative work unit",unit
2277,"market for air compressor, screw-type compressor, 300kW",unit
2614,"market for bottom ash, MSWI-WWT, WW from liquid crystal production",kg
6356,monoammonium phosphate production,kg
1443,"fuel cell production, solid oxide, with micro gas turbine, 180kW electrical, future",unit
6369,multi-Si wafer production,m2
5870,"market for used lorry, 28 metric ton",unit
2392,market for apple,kg
5336,market for sodium tetrahydridoborate,kg
6616,"packaging glass production, green, without cullet",kg
7746,"treatment of bottom ash, MSWI, LDPE/Alu in waste UHT milk carton (ambient), post-industrial, slag compartment",kg
3084,"market for cooling energy, at -45 °C",MJ
8639,"treatment of used long liner, steel",kg
6836,"polyether polyols production, long chain, ISOPA",kg
6555,"operation, computer, desktop, with cathode ray tube display, standby mode",hour
3049,"market for concrete, 20MPa",m3
9231,"wood preservation, dipping/immersion, solvent-based preservative, indoor use, occasionally wet",kg
8721,"treatment of waste emulsion paint, municipal incineration FAE",kg
8952,"treatment of waste sealing sheet, polyvinylchloride, municipal incineration FAE",kWh
54,"acetic anhydride production, acetic acid pyrolysis, via ketene intermediate",kg
131,"aluminium ingot, primary, to aluminium, cast alloy market",kg
6808,"plastic flake production, consumer electronics, for recycling, by grinding/shredding, informal sector",kg
3963,market for low level radioactive waste,m3
7533,"transport, freight, aircraft, belly-freight, medium haul",metric ton*km
3540,"market for glider, for electric scooter",kg
8462,"treatment of sewage sludge, 75% water, WWT, WW from soft fibreboard production, sanitary landfill",kg
4036,"market for maintenance, transmission network, electricity, high voltage direct current subsea cable",km*year
857,decabromodiphenyl ether production,kg
5707,"market for transport, passenger aircraft, very short haul",person*km
3805,market for iron-nickel-chromium alloy,kg
7306,"steel milling, dressing",kg
5740,"market for transport, passenger car, small size, petrol, EURO 4",km
7027,"rare earth oxides production, from rare earth oxide concentrate, 70% REO",kg
1880,"intermodal shipping container production, 45-foot, high-cube",unit
4079,market for marine electric motor,unit
8974,"treatment of waste wood, untreated, unsanitary landfill, very wet infiltration class (1000mm)",kg
8831,"treatment of waste plastic, mixture, open dump, dry infiltration class (100mm)",kg
1677,"heat production, anthracite, at stove 5-15kW",MJ
407,"building construction, multi-storey",m3
3423,market for flax husks,kg
8417,"treatment of sewage sludge, 70% water, WWT-SLF, waste paperboard, municipal incineration FAE",MJ
1773,helium purification,kg
8447,"treatment of sewage sludge, 75% water, WWT, WW from PV cell production, sanitary landfill",kg
5224,"market for sewage sludge, 97% water, WWT-SLF, wood ash mixture, pure",kg
6967,"processing of anode slime from electrorefining of copper, anode",kg
9050,"ultraviolet lamp production, for water desinfection",unit
5348,market for solder factory,unit
3408,"market for fish canning, small fish",kg
8417,"treatment of sewage sludge, 70% water, WWT-SLF, waste paperboard, municipal incineration FAE",kWh
7788,"treatment of bottom ash, MSWI, waste polyethylene terephthalate, slag compartment",kg
5176,"market for sewage sludge, 97% water, WWT, WW from ceramic production",kg
7414,"tap water production, seawater reverse osmosis, ultrafiltration pretreatment, enhance module, single stage",kg
8355,"treatment of sewage sludge, 70% water, WWT, WW from glass production, municipal incineration",kg
6020,market for waste polyvinylchloride product,kg
7470,"tillage, ploughing",ha
291,battery separator production,kg
5676,"market for transport, freight, lorry with refrigeration machine, 7.5-16 ton, EURO4, R134a refrigerant, cooling",metric ton*km
8855,"treatment of waste polyethylene terephthalate, unsanitary landfill, very wet infiltration class (1000mm)",kg
1598,"hard coal, import from RU",kg
3362,"market for fava bean, organic",kg
1068,"electricity, high voltage, import from BG",kWh
1349,ferry production,unit
3799,market for iron sulfate,kg
3812,market for isophthalic acid based unsaturated polyester resin,kg
8026,"treatment of leachate, SLF, residue from cooling tower, wastewater treatment",m3
76,adiponitrile production,kg
3004,"market for coal stove, 5-15kW",unit
5132,"market for sewage sludge, 70% water, WWT-SLF, waste polystyrene",kg
2521,"market for blast furnace sludge, for recovery",kg
1055,"electricity, high voltage, hydro, import from PY",kWh
3487,"market for furnace, wood chips, average storage area, 1000kW",unit
5209,"market for sewage sludge, 97% water, WWT-SLF, waste graphical paper",kg
4271,"market for offshore platform, natural gas",unit
7057,"resistor production, auxilliaries and energy use",kg
580,chemi-thermomechanical pulp production,kg
8950,"treatment of waste sealing sheet, polyethylene, municipal incineration FAE",kg
7100,"sawdust, wet, measured as dry mass to generic market for residual softwood, wet",m3
3971,"market for machine operation, diesel, < 18.64 kW, low load factor",hour
5029,"market for sawnwood, beam, softwood, raw, dried (u=10%)",m3
4315,"market for operation, liquid manure storage and processing facility",m3
4950,"market for residues, MSWI[F]-WWT-SLF, waste graphical paper",kg
1028,"electricity production, photovoltaic, 570kWp open ground installation, multi-Si",kWh
7656,"transport, passenger car, EURO 4",km
2719,"market for bottom ash, MSWI[F]-WWT, WW from LCD production",kg
1990,lentil production,kg
9287,zinc sulfide production,kg
4226,market for nitrile-compound,kg
6191,"market for zeolite, slurry, without water, in 50% solution state",kg
2022,lime to generic market for soil pH raising agent,kg
5012,"market for sawlog and veneer log, azobe, debarked, measured as solid wood",m3
152,"aluminium sulfate production, without water, in 4.33% aluminium solution state",kg
4254,"market for nylon 6, glass-filled",kg
8873,"treatment of waste polypropylene, municipal incineration",kg
565,"cement production, type IP/P",kg
689,"compressed air energy storage plant construction, 200 MW electrical",unit
2730,"market for bottom ash, MSWI[F]-WWT, WW from potato starch production",kg
690,"compressed air energy storage plant construction, adiabatic, 150 MW electrical",unit
4598,"market for potato seed, organic, at farm",kg
8439,"treatment of sewage sludge, 70% water, WWT[R], WW from anaerobic digestion of whey, municipal incineration",kWh
358,blasting,kg
3896,market for lead concentrate stockpiling,kg
251,"barley grain production, organic",kg
2684,"market for bottom ash, MSWI[F], steel in car shredder residue",kg
5077,"market for selective coat, stainless steel sheet, black chrome",m2
5124,"market for sewage sludge, 70% water, WWT-SLF, waste packaging paper",kg
6669,peanut production,kg
6698,"petroleum combustion, in drilling tests",kg
7227,"sodium perborate, tetrahydrate, powder to generic market for bleach",kg
8111,"treatment of residue from mechanical treatment, laser printer, municipal incineration",kg
418,"butadiene purification, extractive distillation of crude butadiene",kg
6063,market for wastewater from potato starch production,m3
5233,"market for sewer grid, 5E9l/year, 110 km",km
9226,"wood preservation facility construction, flow coating equipment",unit
6404,"natural gas, high pressure, import from EG",m3
7327,stone wool factory construction,unit
6283,"metal working, average for steel product manufacturing",kg
6614,"packaging glass production, brown, without cullet",kg
2807,market for butyl acetate,kg
452,"calcium carbide production, technical grade",kg
3122,market for cyanogen chloride,kg
8623,"treatment of used industrial electronic device, manual dismantling",kg
8421,"treatment of sewage sludge, 70% water, WWT-SLF, waste plastic, mixture, municipal incineration FAE",kg
4021,"market for maintenance, polymer electrolyte membrane fuel cell, 2kW electrical",unit
3163,market for diesel,kg
1604,"hardwood forestry, beech, sustainable forest management",kg
140,"aluminium oxide, metallurgical, import from Northern America",kg
111,"alkylbenzene sulfonate production, linear, petrochemical",kg
2678,"market for bottom ash, MSWI[F], scrap aluminium",kg
4314,"market for operation, internet access equipment, electricity from renewable energy products",hour
4936,"market for residues, MSWI[F]-WWT, WW from tube collector production",kg
655,"coal stove production, 5-15kW",unit
4614,"market for power saw, without catalytic converter",unit
1918,isoproturon production,kg
924,dipropylene glycol monomethyl ether production,kg
6636,palm kernel meal to generic market for protein feed,MJ
4286,"market for operation, computer, desktop, office use",hour
6264,meat and bone meal to generic market for protein feed,MJ
3210,market for dodecanol,kg
5950,market for waste bitumen sheet,kg
4877,"market for residues, MSWI[F], municipal solid waste",kg
6420,"natural gas, high pressure, import from OM",m3
8741,"treatment of waste glass, open dump, wet infiltration class (500mm)",kg
4072,market for manual dismantling of electric scooter,unit
661,cocamide diethanolamine production,kg
2950,market for chilli,kg
2217,market for 6-benzyladenine,kg
7671,"transport, passenger car, medium size, liquefied petroleum gas (LPG), EURO 5",km
5165,"market for sewage sludge, 75% water, WWT, heat carrier liquid, 40% C3H8O2",kg
4646,"market for printing ink, offset, without solvent, in 47.5% solution state",kg
6849,"polyethylene terephthalate, granulate, amorphous, recycled to generic market for amorphous PET granulate",kg
3475,"market for furnace, logs, average storage area, 6kW",unit
5528,"market for thermal plaster, outdoor",kg
5550,"market for tillage, harrowing, by offset disc harrow",ha
4163,"market for mint seedling, for planting",unit
4675,market for pumice,kg
8450,"treatment of sewage sludge, 75% water, WWT, WW from ceramic production, sanitary landfill",MJ
2816,"market for cable, data cable in infrastructure",m
2747,"market for bottom ash, MSWI[F]-WWT-SLF, waste gypsum",kg
3034,"market for compressed air energy storage plant, 200 MW electrical",unit
7193,"soda ash, light, crystalline, heptahydrate, to generic market for neutralising agent",kg
1884,"internet access, work, 0.2 Mbit/s",hour
5400,"market for steam, in chemical industry",kg
2377,market for anode refinery,unit
5016,"market for sawlog and veneer log, meranti, debarked, measured as solid wood",m3
1626,"heat and power co-generation unit construction, 160kW electrical, common components for heat+electricity",unit
8826,"treatment of waste plastic, industrial electronics, municipal incineration",kg
2365,market for ammonium thiocyanate,kg
1496,"glass cullet supply, for Saint-Gobain ISOVER SA",kg
8265,"treatment of residues, MSWI[F], waste polyurethane, residual material landfill",kg
2998,market for clefting of energy wood,hour
8368,"treatment of sewage sludge, 70% water, WWT, WW from plywood production, municipal incineration",kg
3604,"market for harvesting, by complete harvester, ground crops",ha
3250,"market for electric motor, vehicle",kg
2267,"market for activated carbon, granular",kg
9142,"waste polyethylene terephthalate, for recycling, unsorted, Recycled Content cut-off",kg
3521,"market for glass cullet, for Saint-Gobain ISOVER SA",kg
8161,"treatment of residues, MSWI, waste rubber, unspecified, residual material landfill",kg
7437,"textile production, kenaf, weaving",kg
534,"cement production, ART",kg
8699,"treatment of waste cement in concrete and mortar, sorting plant",kg
487,"cast iron turning, average, conventional",kg
3943,market for liquid packaging board,kg
8759,"treatment of waste graphical paper, unsanitary landfill, moist infiltration class (300mm)",kg
3547,market for gluing mill,unit
3919,market for lignite power plant,unit
1270,"ethylene diamine production, from ethanolamine",kg
6654,"paper production, woodfree, uncoated, at integrated mill",kg
4369,"market for paper mill, integrated",unit
4824,"market for residues, MSWI-WWT, WW from grass refinery",kg
1554,gravel/sand quarry construction,unit
1129,"electricity, high voltage, import from LV",kWh
4281,"market for onion seedling, for planting",unit
5883,"market for used reefer, intermodal shipping container, 40-foot, high-cube",unit
8572,"treatment of sulfidic tailings, from zinc-lead mine operation, tailings impoundment",kg
8909,"treatment of waste polyurethane, open dump, dry infiltration class (100mm)",kg
8756,"treatment of waste graphical paper, sanitary landfill",MJ
3819,"market for jute plant, harvested",kg
8642,"treatment of used lorry, 28 metric ton",unit
8568,"treatment of sulfidic tailings, from copper mine operation, tailings impoundment",kg
8653,"treatment of used reefer, intermodal shipping container, 40-foot, high-cube",unit
2485,market for benzyl alcohol,kg
7364,"sulfate pulp production, from hardwood, bleached",kWh
3194,market for dioctyl terephthalate,kg
3892,"market for leachate, SLF, wood ash mixture, pure",m3
2837,"market for calendering, rigid sheets",kg
9079,"uranium production, in yellowcake, in-situ leaching",kg
6994,purified terephthalic acid production,kg
6442,"natural gas, liquefied, import from US",m3
8119,"treatment of residues, MSWI, LDPE/Alu in waste UHT milk carton (ambient), post-industrial, residual material landfill",kg
3826,"market for krypton, gaseous",kg
5661,"market for transport, freight, lorry with refrigeration machine, 3.5-7.5 ton, EURO4, R134a refrigerant, freezing",metric ton*km
722,"concrete production, 20MPa, with cement, Portland",kg
5168,"market for sewage sludge, 75% water, WWT[U], WW from lorry production",kg
2744,"market for bottom ash, MSWI[F]-WWT-SLF, waste bitumen",kg
3160,market for dichlobenil,kg
7051,"refrigeration machine production, carbon dioxide, liquid as refrigerant",unit
4985,"market for room-connecting overflow element, steel, approx. 40 m3/h",unit
4378,market for paraffin,kg
2776,market for brick production facility,unit
8877,"treatment of waste polypropylene, open dump, hyperarid infiltration class (-250mm)",kg
2709,"market for bottom ash, MSWI[F], waste sealing sheet, polyvinylchloride",kg
5266,market for silky fibre,kg
5725,"market for transport, passenger car, medium size, diesel, EURO 5",km
2307,"market for alkylbenzene, linear",kg
5575,market for titanium sponge,kg
1074,"electricity, high voltage, import from BY",kWh
396,bromopropane production,kg
4419,market for phenyl isocyanate,kg
933,dithiocarbamate-compound production,kg
6921,"power adapter production, for laptop",unit
773,"concrete production, 40MPa, for civil engineering, with cement, CEM IV/B",m3
4336,market for p-dichlorobenzene,kg
7687,"transport, passenger coach",person*km
343,bitumen seal production,kg
138,aluminium oxide factory construction,unit
8574,"treatment of tailing, from uranium milling",m3
8839,"treatment of waste plastic, mixture, unsanitary landfill, moist infiltration class (300mm)",kg
4599,"market for potato seed, organic, for setting",kg
7607,"transport, freight, lorry with refrigeration machine, 7.5-16 ton, EURO5, carbon dioxide, liquid refrigerant, cooling",metric ton*km
2936,market for ceramic tile,kg
9228,"wood preservation facility construction, oscillating pressure vessel",unit
6724,"photovoltaic facade installation, 3kWp, single-Si, laminated, integrated, at building",unit
6044,market for wastewater from ammonium paratungstate production,m3
8332,"treatment of scrap steel, inert material landfill",kg
5711,"market for transport, passenger car, EURO 4",km
7249,"softwood forestry, mixed species, boreal forest",m3
5731,"market for transport, passenger car, medium size, petrol, EURO 4",km
8836,"treatment of waste plastic, mixture, sanitary landfill",kg
5782,"market for trout feed, 42% protein",kg
1133,"electricity, high voltage, import from MK",kWh
8784,"treatment of waste paint on metal, sorting plant",kg
6219,"market group for heat, central or small-scale, natural gas",MJ
1732,"heat production, softwood chips from forest, at furnace 5000kW, state-of-the-art 2014",MJ
4274,"market for oil boiler, 100kW",unit
8047,"treatment of leachate, SLF, waste polyvinylchloride, wastewater treatment",m3
1781,hoeing,ha
2564,"market for bottom ash, MSWI, scrap copper",kg
8904,"treatment of waste polyurethane seal, sorting plant",kg
4761,market for residue from shredder fraction from manual dismantling,kg
2056,locomotive production,unit
2230,"market for N2O retained, by regenerative thermal oxidation",kg
3169,"market for diesel, burned in fishing vessel",MJ
8393,"treatment of sewage sludge, 70% water, WWT-SLF, refinery sludge, municipal incineration FAE",kg
3789,market for iodine,kg
142,"aluminium oxide, metallurgical, import from South America",kg
5939,market for vinyl carbonate,kg
1944,"land already in use, pasture, man made to perennial crop",kg
4586,"market for potassium nitrate, technical grade",kg
3699,market for hydrazine sulfate,kg
3314,market for ethoxylated alcohol (AE7),kg
7213,sodium hydrogen sulfate production,kg
8392,"treatment of sewage sludge, 70% water, WWT-SLF, refinery sludge, municipal incineration",MJ
1556,"green manure growing, Swiss integrated production, until April",ha
3703,market for hydrogen fluoride,kg
8696,"treatment of waste building wood, chrome preserved, municipal incineration FAE",MJ
4919,"market for residues, MSWI[F], waste wood, untreated",kg
4802,"market for residues, MSWI, waste polyurethane",kg
4690,market for pyrochlore concentrate,kg
504,"catch crop growing, ryegrass, August-April, organic fertiliser 80 kg N, three cuts",kg
178,ammonium nitrate production,kg
3781,market for internet access equipment,unit
4303,"market for operation, computer, laptop, videoconference",hour
90,"aircraft production, agricultural",unit
5100,"market for sewage sludge, 70% water, WWT, WW from soft fibreboard production",kg
4752,market for residue from cooling tower,kg
3668,"market for heating and sanitary equipment, heat and power co-generation unit, 160kW electrical",unit
6316,microwave oven production,unit
8269,"treatment of residues, MSWI[F], waste sealing sheet, polyethylene, residual material landfill",kg
6146,"market for wood preservation facility, hot/cold dipping tank",unit
5765,market for trichloroethylene,kg
8705,"treatment of waste concrete gravel, collection for final disposal",kg
7236,"sodium silicate production, furnace liquor, product in 37% solution state",kg
3944,"market for liquid storage tank, chemicals, organics",unit
3881,"market for leachate, SLF, waste paint",m3
2974,market for chromium,kg
3089,"market for copper concentrate, sulfide ore",kg
7069,road construction,m*year
5545,"market for tillage, disking",ha
885,"diesel, burned in agricultural machinery",MJ
7783,"treatment of bottom ash, MSWI, waste paint, slag compartment",kg
5733,"market for transport, passenger car, small size, diesel, EURO 3",km
1155,"electricity, high voltage, import from SA",kWh
4204,"market for natural gas, high pressure, vehicle grade",kg
1931,krypton to generic market for inert gas for discharge lamps,kg
7041,"reefer production, intermodal shipping container, 40-foot, high-cube, carbon dioxide, liquid as refrigerant",unit
8605,"treatment of used desktop computer, manual dismantling",kg
8889,"treatment of waste polystyrene, municipal incineration FAE",kg
7518,"transistor production, wired, small size, through-hole mounting",kg
1633,"heat and power co-generation unit construction, 1MWel, 6.4 MWth",unit
7412,"tap water production, seawater reverse osmosis, conventional pretreatment, enhance module, two stages",kg
848,cyclic N-compound production,kg
2074,"machine operation, diesel, >= 18.64 kW and < 74.57 kW, high load factor",hour
2839,"market for capacitor, auxilliaries and energy use",kg
5896,"market for used toner module, laser printer, colour",kg
6556,"operation, computer, desktop, with liquid crystal display, active mode",hour
8664,"treatment of used sealing tape, aluminium/PE, 50 mm wide",m
4901,"market for residues, MSWI[F], waste paperboard",kg
3125,market for cyclohexane,kg
5847,"market for used double glazing, U<1.1W/m2K, laminated safety glass",m2
1363,"fibre production, flax, scutching",kg
6294,methanol factory construction,unit
1003,"electricity production, nuclear, aluminium industry",kWh
1545,"grass production, permanent grassland, organic, extensive",kg
5556,"market for tillage, ploughing",ha
4095,market for metal catalyst for catalytic converter,kg
2728,"market for bottom ash, MSWI[F]-WWT, WW from pig iron production",kg
8951,"treatment of waste sealing sheet, polyvinylchloride, municipal incineration",MJ
7385,"sweet gas, burned in gas turbine",MJ
5812,market for urea,kg
424,"butter production, from cream, from cow milk",kg
2086,magnesium factory construction,unit
2312,market for alpha-picoline,kg
4229,market for nitrous dioxide,kg
92,"aircraft production, belly-freight aircraft, medium haul",unit
4676,market for pump station,unit
8648,"treatment of used printer, laser, by mechanical treatment",kg
6576,"operation, housing system, cattle, loose",unit
8045,"treatment of leachate, SLF, waste polystyrene, wastewater treatment",m3
7495,"toluene diisocyanate production, ISOPA",kg
2514,"market for bitumen seal, polymer EP4 flame retardant",kg
334,"biomethane, low pressure burned in micro gas turbine 100kWe",MJ
8008,"treatment of hard coal ash, municipal incineration",kg
5582,"market for toluene, liquid",kg
9070,"uranium production, centrifuge, enriched 4.0%",unit
9100,"ventilation duct production, connection piece, steel, 100x50 mm",unit
1574,hair dryer production,unit
5396,market for stalk,kg
879,dichlobenil production,kg
3217,"market for drawing of pipe, steel",kg
4285,"market for operation, computer, desktop, home use",hour
37,"NCA oxide production, for Li-ion battery",kg
3026,"market for collector field area, solar tower power plant, 20 MW",unit
6988,pumice quarry operation,kg
7072,road vehicle factory construction,unit
8522,"treatment of sewage sludge, 97% water, WWT-SLF, waste polypropylene, landfarming",kg
3527,market for glass etching factory,unit
246,"bark chips production, softwood, at sawmill",kg
6748,"photovoltaic slanted-roof installation, 3kWp, CdTe, laminated, integrated, on roof",unit
8614,"treatment of used double glazing, U<1.1W/m2K, collection for final disposal",m2
1175,"electricity, high voltage, import from ZW",kWh
2095,"magnesium-alloy production, AZ91, diecasting",kg
720,"concrete production, 20MPa, with cement, CEM II/B",m3
7752,"treatment of bottom ash, MSWI, digester sludge, slag compartment",kg
4938,"market for residues, MSWI[F]-WWT, WW, average",kg
4718,"market for recultivation, ilmenite mine",m2
6012,market for waste polyethylene/polypropylene product,kg
7423,television production,unit
2738,"market for bottom ash, MSWI[F]-WWT-SLF, municipal solid waste",kg
6331,"mine construction, open cast, non-ferrous metal",unit
1328,"fatty alcohol sulfate production, coconut oil",kg
7557,"transport, freight, lorry 28 metric ton, fatty acid methyl ester 100%",metric ton*km
6315,"micro gas turbine production, 100kW electrical",unit
1930,kraft paper production,kg
6859,polystyrene foam slab production,kg
5409,"market for steel removed by milling, small parts",kg
3434,"market for fluorescent whitening agent, distyrylbiphenyl type",kg
4895,"market for residues, MSWI[F], waste emulsion paint",kg
3145,"market for deep drawing, steel, 38000 kN press, single stroke",kg
6371,municipal waste collection service by 21 metric ton lorry,metric ton*km
1509,"glass wool mat production, with plant-based binder, uncoated, Saint-Gobain ISOVER SA",kg
5604,"market for transmission network, electricity, high voltage direct current aerial line",km
6950,"printed wiring board production, mounted mainboard, laptop computer, Pb free",kg
7133,"selective coating, copper sheet, black chrome",m2
4979,market for road vehicle factory,unit
2793,"market for building, luxury hotel",unit
7973,"treatment of conditioned spent nuclear fuel, in interim storage",m3
2133,"maintenance, tram",unit
7481,"tinplate scrap, sorted to generic market for iron scrap, sorted, pressed",kg
5481,"market for sunn hemp plant, harvested",kg
7025,"rare earth oxides production, from rare earth carbonate concentrate",kg
2436,"market for barley grain, feed",kg
8422,"treatment of sewage sludge, 70% water, WWT-SLF, waste polyethylene terephthalate, municipal incineration",MJ
6255,market group for waste polypropylene,kg
9158,"water pump operation, electric",MJ
7877,"treatment of bottom ash, MSWI[F], residue from mechanical treatment, industrial device, slag compartment",kg
6619,packaging glass sorting facility construction,unit
6886,pomegranate production,kg
1050,"electricity, high voltage, European attribute mix",kWh
2483,market for benzoic acid,kg
1957,landed tuna to generic market for marine fish,kg
1622,"hay production, Swiss integrated production, intensive",kg
1711,"heat production, mixed logs, at furnace 30kW, state-of-the-art 2014",MJ
7124,"sealing tape production, aluminium/PE, 50 mm wide",m
4899,"market for residues, MSWI[F], waste packaging paper",kg
8545,"treatment of spent antifreezer liquid, hazardous waste incineration, with energy recovery",MJ
1350,"fertilising, by broadcaster",ha
4057,market for maleic unsaturated polyester resin,kg
2613,"market for bottom ash, MSWI-WWT, WW from hard fibreboard production",kg
759,"concrete production, 35MPa, with cement, CEM II/B-V",m3
6526,o-chlorobenzaldehyde production,kg
8358,"treatment of sewage sludge, 70% water, WWT, WW from grass refinery, municipal incineration FAE",MJ
4312,"market for operation, intermodal shipping container",kg*day
8995,"treatment of wastewater from liquid crystal display production, wastewater treatment",m3
7852,"treatment of bottom ash, MSWI-WWT-SLF, waste polyethylene terephthalate, slag compartment",kg
9048,turpentine to generic market for solvent for paint,kg
233,bale loading,unit
361,blow moulding,kg
6632,"palm date production, conditioned and dried",MJ
3900,market for lemon,kg
798,"continuous dyeing, fibre, cotton",kg
9031,trifluoromethane production,kg
8980,"treatment of waste, from silicon wafer production, inorganic, residual material landfill",kg
6115,"market for wind power plant, 2MW, offshore, moving parts",unit
5373,market for spent activated carbon with mercury,kg
6128,"market for window frame, poly vinyl chloride, U=1.6 W/m2K",m2
5910,"market for used window frame, wood-metal",m2
4835,"market for residues, MSWI-WWT, WW from vegetable oil refinery",kg
1525,glyoxal production,kg
9073,"uranium production, diffusion, enriched 3.8%",unit
7030,"recultivation, bauxite mine",m2
8963,"treatment of waste wood, untreated, municipal incineration FAE",MJ
1419,foaming agent production,kg
2556,"market for bottom ash, MSWI, residue from mechanical treatment, IT accessory",kg
2476,market for bentonite quarry infrastructure,unit
1441,"fuel cell production, polymer electrolyte membrane, 2kW electrical, future",unit
6031,"market for waste vapour barrier, flame-retarded",kg
3430,market for floor heating from air-water heat pump,MJ
5693,"market for transport, freight, sea, container ship with reefer, cooling",metric ton*km
5821,"market for used air filter central unit, 600 m3/h",unit
6364,"mowing, by motor mower",ha
33,"MOX fuel element production, for light water reactor",kg
8404,"treatment of sewage sludge, 70% water, WWT-SLF, waste bitumen, municipal incineration FAE",kWh
2313,"market for aluminium alloy, AlLi",kg
7713,"treatment of LDPE/Alu in waste juice carton (ambient), post-industrial, municipal incineration",kWh
287,"battery production, Li-ion, NMC811, rechargeable, prismatic",kg
2155,"maize seed production, organic, for sowing",kg
522,"cathode production, for aluminium electrolysis",kg
909,dimethylacetamide production,kg
8483,"treatment of sewage sludge, 97% water, WWT, WW from hard fibreboard production, landfarming",kg
7496,"tomato production, fresh grade, in heated greenhouse",kg
1244,ethanol production from maize,kg
2752,"market for bottom ash, MSWI[F]-WWT-SLF, waste plastic, mixture",kg
8955,"treatment of waste vapour barrier, flame-retarded, municipal incineration",kg
1290,"evaporation of natural gas, import from MY",m3
5046,"market for sawnwood, lath, hardwood, raw, dried (u=10%)",m3
5034,"market for sawnwood, board, hardwood, raw, dried (u=20%)",m3
7577,"transport, freight, lorry >32 metric ton, EURO6",metric ton*km
4192,market for municipal waste collection service by 21 metric ton lorry,metric ton*km
2422,market for bamboo culm,kg
8491,"treatment of sewage sludge, 97% water, WWT, WW from soft fibreboard production, landfarming",kg
1482,"garage construction, wood, non-insulated, fire-protected",m2
568,"cement production, type general use",kg
5093,"market for sewage sludge, 70% water, WWT, WW from liquid crystal production",kg
8476,"treatment of sewage sludge, 97% water, WWT, WW from PV cell production, landfarming",kg
1002,"electricity production, natural gas, conventional power plant",kWh
6326,"mine construction, gold-silver-zinc-lead-copper",unit
114,almond production,kg
2896,market for cement mortar,kg
2741,"market for bottom ash, MSWI[F]-WWT-SLF, sludge from pulp and paper production",kg
8665,"treatment of used silencer, steel, DN 125",unit
5836,market for used cable,kg
5752,"market for transport, pipeline, onshore, long distance, natural gas",metric ton*km
2723,"market for bottom ash, MSWI[F]-WWT, WW from concrete production",kg
6429,"natural gas, liquefied, import from AE",m3
4284,"market for onshore well, oil/gas",m
6638,palm oil refinery operation,kg
2982,"market for chromium steel removed by turning, average, computer numerical controlled",kg
1014,"electricity production, photovoltaic, 3kWp flat-roof installation, multi-Si",kWh
7405,"tap water production, artificial recharged wells",kg
8069,"treatment of municipal solid waste, open dump, dry infiltration class (100mm)",kg
1103,"electricity, high voltage, import from EE",kWh
24,"4-methyl-2-pentanone production",kg
2102,"maintenance, electric bicycle",unit
2784,"market for building operation, budget hotel",guest night
1927,"kerosene, import from RoW",kg
714,"concrete production, 20MPa, for building construction, with cement, type ICo",m3
2877,market for castor bean,kg
7661,"transport, passenger car, large size, diesel, EURO 5",km
7183,"slab and siding, hardwood, wet, measured as dry mass to generic market for residual hardwood, wet",m3
1999,"light fuel oil to generic market for residual hydrocarbon mix, from steam cracking operations",kg
2702,"market for bottom ash, MSWI[F], waste polypropylene",kg
2773,"market for brass removed by turning, primarily roughing, conventional",kg
419,butadiene to generic market for generic C4 hydrocarbons,kg
8333,"treatment of scrap steel, municipal incineration",kg
6500,"nutrient supply from manure, liquid, swine",kg
8720,"treatment of waste emulsion paint, municipal incineration",kWh
7289,spinach production,kg
8462,"treatment of sewage sludge, 75% water, WWT, WW from soft fibreboard production, sanitary landfill",kWh
3996,"market for magnesium-alloy, AZ91, diecast",kg
8875,"treatment of waste polypropylene, open burning",kg
2679,"market for bottom ash, MSWI[F], scrap copper",kg
7733,"treatment of basic oxygen furnace sludge, residual material landfill",kg
5626,"market for transport, freight, lorry 16-32 metric ton, EURO2",metric ton*km
8466,"treatment of sewage sludge, 75% water, WWT, WW, average, sanitary landfill",kg
703,"compressed air production, 800 kPa gauge, >30kW, average generation",m3
8306,"treatment of residues, MSWI[F]-WWT-SLF, waste graphical paper, residual material landfill",kg
3238,market for electric arc furnace dust,kg
3410,"market for fish curing, small fish",kg
3946,"market for lithium brine, 6.7 % Li",kg
4039,market for maize grain,kg
8344,"treatment of sewage sludge, 70% water, WWT, WW from LCD production, municipal incineration",kg
5213,"market for sewage sludge, 97% water, WWT-SLF, waste paint",kg
1945,"land already in use, perennial cropland to annual crop",kg
5189,"market for sewage sludge, 97% water, WWT, WW from tube collector production",kg
3734,"market for impact extrusion of steel, hot, 2 strokes",kg
1070,"electricity, high voltage, import from BR-Northern grid",kWh
1899,"iron scrap, unsorted, Recycled Content cut-off",kg
5351,"market for solder, paste, Sn63Pb37, for electronics industry",kg
5425,market for stone groundwood pulp,kg
1749,"heat production, wood pellet, at furnace 25kW, state-of-the-art 2014",MJ
3274,"market for electrolyte, nickel-rich",m3
297,"beam, softwood, raw, kiln drying to u=10%",m3
9082,"urea formaldehyde foam slab production, hard",kg
2107,"maintenance, intermodal shipping container, 20-foot",unit
7652,"transport, passenger aircraft, very short haul",person*km
9103,"ventilation of dwellings, central, 1 x 720 m3/h, polyethylene ducts, with earth tube heat exchanger",m2*year
4857,"market for residues, MSWI-WWT-SLF, waste paint",kg
4206,"market for natural gas, low pressure",m3
1341,ferrite production,kg
6717,phosphorus trichloride production,kg
3768,"market for inorganic nitrogen fertiliser, as N",kg
6656,paper sack production,kg
5932,"market for venting of nitrogen, liquid",kg
8676,"treatment of used triple glazing, U<0.5W/m2K, collection for final disposal",m2
318,beryllium production,kg
8690,"treatment of waste bitumen sheet, municipal incineration FAE",kWh
4544,"market for polyethylene, low density, granulate",kg
6671,"peanut seed production, at farm",kg
6672,"peanut seed production, for sowing",kg
4589,market for potassium sulfate,kg
3031,market for compact fluorescent lamp,unit
5129,"market for sewage sludge, 70% water, WWT-SLF, waste polyethylene",kg
8353,"treatment of sewage sludge, 70% water, WWT, WW from concrete production, municipal incineration",kg
4832,"market for residues, MSWI-WWT, WW from potato starch production",kg
2926,"market for cement, type I (SM)",kg
7622,"transport, freight, sea, container ship with reefer, cooling",metric ton*km
5019,"market for sawlog and veneer log, softwood, debarked, measured as solid wood",m3
8317,"treatment of residues, MSWI[F]-WWT-SLF, waste polyurethane, residual material landfill",kg
6116,"market for wind power plant, 800kW, fixed parts",unit
6055,market for wastewater from liquid crystal display production,m3
4625,"market for printed paper, offset",kg
8368,"treatment of sewage sludge, 70% water, WWT, WW from plywood production, municipal incineration",kWh
6593,"operation, solar collector system, Cu flat plate collector, multiple dwelling, for hot water",MJ
4434,"market for photovoltaic cell, single-Si wafer",m2
5225,"market for sewage sludge, 97% water, WWT-SLF[W], waste plastic, consumer electronics",kg
77,adobe brick production,kg
3232,market for dung slab,m2
387,"brass turning, primarily dressing, computer numerical controlled",kg
7560,"transport, freight, lorry 3.5-7.5 metric ton, EURO3",metric ton*km
303,beet sugar production,kg
8363,"treatment of sewage sludge, 70% water, WWT, WW from maize starch production, municipal incineration FAE",kg
4735,"market for refractory, basic, packed",kg
8341,"treatment of sewage sludge, 70% water, WWT, WW from GGBFS production, municipal incineration",MJ
6611,"packaging film production, low density polyethylene",kg
8866,"treatment of waste polyethylene, sanitary landfill",MJ
7447,"thermal storage system construction, solar tower power plant, 20 MW",unit
5428,market for stone wool factory,unit
8375,"treatment of sewage sludge, 70% water, WWT, WW from tube collector production, municipal incineration FAE",kg
3322,market for ethylene carbonate,kg
6590,"operation, reefer, cooling, 40-foot, high-cube, carbon dioxide, liquid as refrigerant",kg*day
9069,"uranium production, centrifuge, enriched 3.9%",unit
432,"cable production, connector for computer, without plugs",m
7936,"treatment of bottom ash, MSWI[F]-WWT, WW from wafer fabrication, slag compartment",kg
3196,"market for diode, glass-, for surface-mounting",kg
2550,"market for bottom ash, MSWI, hard coal ash",kg
9151,"wastewater treatment facility construction, lagoon, capacity 1.6E8l/year",unit
3889,"market for leachate, SLF, waste polyurethane",m3
3113,"market for cover plaster, organic",kg
2232,market for NCA oxide,kg
1296,"evaporation of natural gas, import from RU",m3
8832,"treatment of waste plastic, mixture, open dump, hyperarid infiltration class (-250mm)",kg
1271,"ethylene diamine production, from ethylene dichloride",kg
1656,"heat and power co-generation, biogas, gas engine, renewable energy products",kWh
5220,"market for sewage sludge, 97% water, WWT-SLF, waste polystyrene",kg
7225,"sodium perborate production, monohydrate, powder",kg
1665,"heat and power co-generation, natural gas, 50kW electrical, lean burn",MJ
8383,"treatment of sewage sludge, 70% water, WWT, heat carrier liquid, 40% C3H8O2, municipal incineration",MJ
9072,"uranium production, diffusion, enriched 3.0%",unit
5644,"market for transport, freight, lorry 7.5-16 metric ton, EURO5",metric ton*km
3445,"market for fodder beet seed, for sowing",kg
3591,"market for hard chromium coat, electroplating, steel substrate, 0.14 mm thickness",m2
1996,light emitting diode production,kg
3418,market for flat glass factory,unit
7737,treatment of biowaste by anaerobic digestion,kg
8915,"treatment of waste polyurethane, unsanitary landfill, dry infiltration class (100mm)",kg
1096,"electricity, high voltage, import from CO",kWh
958,"dust collector production, electrostatic precipitator, for industrial use",unit
8540,"treatment of spent activated carbon with mercury, underground deposit",kg
8620,treatment of used fluorescent lamp,kg
2069,"machine operation, diesel, < 18.64 kW, high load factor",hour
7974,treatment of copper cake,kg
984,"electricity production, hard coal",kWh
7196,sodium amide production,kg
3297,market for epichlorohydrin,kg
8274,"treatment of residues, MSWI[F], waste wood pole, chrome preserved, residual material landfill",kg
8735,"treatment of waste glass, municipal incineration FAE",kWh
1340,"fermentation filtrate, Recycled Content cut-off",kg
3390,"market for fibre, jute",kg
1040,"electricity production, wood, future",kWh
5853,"market for used glider, electric scooter",kg
1667,"heat and power co-generation, natural gas, conventional power plant, 100MW electrical",kWh
1826,"impact extrusion of steel, cold, 2 strokes",kg
7959,"treatment of bottom ash, MSWI[F]-WWT-SLF, waste polystyrene, slag compartment",kg
7343,stucco production,kg
4619,"market for powertrain, for electric scooter",kg
3894,market for lead,kg
7243,sodium sulfite production,kg
4154,"market for mine infrastructure, underground, hard coal",unit
2813,market for cable yarder with sled winch,unit
8555,"treatment of spent oxychlor catalyst, underground deposit",kg
6913,"potato seed production, organic, at farm",kg
6074,"market for wastewater, unpolluted",m3
4026,"market for maintenance, stirling heat and power co-generation unit, 3kW electrical, wood pellet, future",unit
82,"air compressor production, screw-type compressor, 4kW",unit
5772,market for trifluoromethane,kg
3893,"market for leachate, SLF[W], waste plastic, consumer electronics",m3
2815,"market for cable, connector for computer, without plugs",m
2353,market for amidosulfuron,kg
8685,"treatment of used window frame, wood-metal, collection for final disposal",m2
2942,"market for cheese, from cow milk, fresh, unripened",kg
8724,"treatment of waste expanded polystyrene, municipal incineration",kg
4576,market for portafer,kg
7492,"titanium zinc plate production, without pre-weathering",kg
7246,"sodium tetrahydridoborate production, Brown-Schlesinger process",kg
7207,sodium dichromate production,kg
2375,market for anionic resin,kg
4049,"market for maize seed, organic, at farm",kg
5014,"market for sawlog and veneer log, eucalyptus ssp., measured as solid wood under bark",m3
5450,"market for sugar, from sugar beet",kg
5423,"market for stirling heat and power co-generation unit, 3kW electrical, wood pellet, future",unit
1398,"flat plate solar collector production, Cu absorber",m2
9278,"zeolite production, slurry, without water, in 50% solution state",kg
2703,"market for bottom ash, MSWI[F], waste polystyrene",kg
4850,"market for residues, MSWI-WWT-SLF, waste asphalt",kg
1436,"fraction 8 from naphtha separation to generic market for chemical, organic",kg
1080,"electricity, high voltage, import from CA-NS",kWh
173,"ammonia production, steam reforming, liquid",kg
7977,treatment of copper scrap by electrolytic refining,kg
3681,market for hexamethylenediamine,kg
1093,"electricity, high voltage, import from CN-NWG",kWh
3664,"market for heat, district or industrial, other than natural gas",MJ
8721,"treatment of waste emulsion paint, municipal incineration FAE",MJ
4661,market for propyl amine,kg
822,copper smelting facility construction,unit
4566,"market for polyvinylchloride, bulk polymerised",kg
4142,"market for mine infrastructure, gold-silver-zinc-lead-copper",unit
8814,"treatment of waste plaster-cardboard sandwich, sorting plant",kg
1453,"furnace production, logs, hardwood storage area, 30kW",unit
1450,"furnace production, logs, average storage area, 30kW",unit
6156,"market for wood preservation, oscillating pressure method, inorganic salt, containing Cr, outdoor use, ground contact",kg
1851,indolylbutyric acid production,kg
7177,single superphosphate production,kg
3878,"market for leachate, SLF, waste gypsum",m3
7712,"treatment of LDPE/Alu in waste UHT milk carton (ambient), post-industrial, municipal incineration",MJ
1168,"electricity, high voltage, import from US-WECC",kWh
7397,t-butyl amine production,kg
4473,market for phthalimide,kg
8805,"treatment of waste paperboard, sanitary landfill",MJ
7633,"transport, freight, small lorry with refrigeration machine, EURO4, CO2 refrigerant, freezing to generic market",metric ton*km
4480,"market for pipeline, natural gas, high pressure distribution network",km
4841,"market for residues, MSWI-WWT-SLF, hard coal ash",kg
6850,"polyethylene terephthalate, granulate, bottle grade, recycled to generic market for bottle grade PET granulate",kg
1100,"electricity, high voltage, import from DK",kWh
5614,"market for transport, freight, aircraft, unspecified",metric ton*km
8755,"treatment of waste graphical paper, open dump, wet infiltration class (500mm)",kg
9232,"wood preservation, dipping/immersion, solvent-based preservative, outdoor use, no ground contact",kg
1613,"harvesting, by complete harvester, ground crops",ha
3912,"market for lightweight concrete block, polystyrene",kg
8435,"treatment of sewage sludge, 70% water, WWT-SLF, waste wood, untreated, municipal incineration FAE",kg
4097,"market for metal part of electronics scrap, in copper, anode",kg
6819,"plug production, inlet and outlet, for computer cable",unit
2781,market for bronze,kg
4386,"market for pea seed, for sowing",kg
521,"cathode production, NMC811, for Li-ion battery",kg
1119,"electricity, high voltage, import from IN-North-eastern grid",kWh
7404,"tantalum powder production, capacitor-grade",kg
5690,"market for transport, freight, lorry, unspecified",metric ton*km
8808,"treatment of waste paperboard, unsanitary landfill, moist infiltration class (300mm)",kg
6557,"operation, computer, desktop, with liquid crystal display, home use",hour
5766,market for trichloropropane,kg
2391,"market for antimony slag, water-quenched",kg
982,"electricity production, compressed air energy storage, adiabatic",kWh
1111,"electricity, high voltage, import from GR",kWh
3012,market for cobalt hydroxide,kg
5230,"market for sewer grid, 1.6E8l/year, 6 km",km
9008,"treatment of wastewater, average, wastewater treatment",MJ
1035,"electricity production, wind, 6kW small-scale turbine, onshore",kWh
3726,"market for impact extrusion of steel, cold, 2 strokes",kg
7543,"transport, freight, inland waterways, barge with reefer, cooling",metric ton*km
9117,vermiculite mine operation,kg
7465,"tillage, harrowing, by offset leveling disc harrow",ha
6181,"market for xenon, gaseous",kg
366,"blower and heat exchange unit production, Storkair G 90",unit
1462,"furnace production, pellets, with silo, 300kW",unit
3993,"market for magnesium, for reuse in titanium sponge production",kg
4949,"market for residues, MSWI[F]-WWT-SLF, waste emulsion paint",kg
8426,"treatment of sewage sludge, 70% water, WWT-SLF, waste polypropylene, municipal incineration",kg
4745,"market for residual hydrocarbon mix, from steam cracking operations",kg
6281,"metal working, average for copper product manufacturing",kg
1455,"furnace production, logs, softwood storage area, 100kW",unit
8146,"treatment of residues, MSWI, waste graphical paper, residual material landfill",kg
7712,"treatment of LDPE/Alu in waste UHT milk carton (ambient), post-industrial, municipal incineration",kWh
9001,"treatment of wastewater from pig iron production, wastewater treatment",m3
2174,mango production,kg
2299,market for airport,unit
6313,methylsulfonic acid production,kg
5497,"market for tailing, from uranium milling",m3
3382,"market for fibre cement facing tile, large format",kg
8344,"treatment of sewage sludge, 70% water, WWT, WW from LCD production, municipal incineration",kWh
7821,"treatment of bottom ash, MSWI-WWT, WW from pig iron production, slag compartment",kg
3581,"market for green manure, organic, until March",ha
3807,market for isobutane,kg
8450,"treatment of sewage sludge, 75% water, WWT, WW from ceramic production, sanitary landfill",kg
9274,"yogurt production, from cow milk",kg
2478,market for benzaldehyde,kg
5968,market for waste expanded polystyrene,kg
196,anode factory construction,unit
3042,"market for computer, laptop",unit
5188,"market for sewage sludge, 97% water, WWT, WW from soft fibreboard production",kg
2960,market for chlormequat chloride,kg
929,disodium disulphite production,kg
1658,"heat and power co-generation, hard coal",kWh
4203,"market for natural gas, high pressure",m3
5563,market for tin concentrate,kg
542,"cement production, CEM II/B-V",kg
9140,"waste plastic, consumer electronics, unsorted, Recycled Content cut-off",kg
1745,"heat production, wood chips from industry, at furnace 50kW",MJ
5775,market for trimethylamine,kg
3903,market for lettuce,kg
5790,"market for tyre wear emissions, passenger car",kg
3938,"market for liquid crystal display, unmounted",kg
1993,lettuce361 production,kg
7771,"treatment of bottom ash, MSWI, spent cation exchange resin from potable water production, slag compartment",kg
732,"concrete production, 25MPa, for building construction, with cement, CEM II/B-V",m3
5555,"market for tillage, hoeing and earthing-up, potatoes",ha
636,clay plaster production,kg
7248,"soft solder production, Sn97Cu3",kg
9094,"vanilla seedling production, for planting",unit
7300,"steam production, in chemical industry",kg
685,"combine harvesting, soybean",ha
7930,"treatment of bottom ash, MSWI[F]-WWT, WW from maize starch production, slag compartment",kg
8372,"treatment of sewage sludge, 70% water, WWT, WW from soft fibreboard production, municipal incineration",kWh
813,"cooling energy production, at -45 °C, propylene compression refrigeration system 1 MW",MJ
4571,"market for polyvinylfluoride, film",kg
7722,"treatment of antimony slag, desulfurised, residual material landfill",kg
1698,"heat production, hardwood chips from forest, at furnace 5000kW, state-of-the-art 2014",MJ
8592,"treatment of used blower and heat exchange unit, GE 250 RH",unit
1485,"gas motor production, mini CHP plant",unit
2612,"market for bottom ash, MSWI-WWT, WW from grass refinery",kg
7660,"transport, passenger car, large size, diesel, EURO 4",km
4921,"market for residues, MSWI[F]-WWT, WW from CRT production",kg
559,"cement production, Pozzolana Portland",kg
1374,"fibreboard production, soft, from wet processes",m3
3101,market for coriander,kg
6742,"photovoltaic panel production, a-Si",m2
445,cadmium sludge from zinc electrolysis stockpiling,kg
3216,"market for door, outer, wood-glass",m2
3536,"market for glass, for liquid crystal display",kg
2861,"market for cast iron removed by drilling, computer numerical controlled",kg
7333,"straw production, stand-alone production",kg
6348,miscanthus production,kg
6977,"propylene oxide production, liquid",kg
8084,"treatment of non-sulfidic tailing, off-site",kg
3462,"market for frit, for ceramic tile",kg
3679,market for hexamethyldisilazane,kg
5779,"market for tris(2,4-ditert-butylphenyl) phosphite",kg
3255,"market for electricity, high voltage",kWh
4869,"market for residues, MSWI-WWT-SLF[W], waste plastic, consumer electronics",kg
3867,"market for leachate, SLF, municipal solid waste",m3
6721,"photovoltaic cell production, single-Si wafer",m2
4348,"market for packaging, for fertilisers",kg
9045,"tuna, capture by purse seiner and landing whole, frozen",kg
7270,"sorting facility construction, for construction waste",unit
9040,"trout feed production, commercial",kg
2265,market for acrylonitrile-butadiene-styrene copolymer,kg
8742,"treatment of waste glass, sanitary landfill",MJ
2648,"market for bottom ash, MSWI-WWT-SLF, waste plastic, mixture",kg
6475,"nuclear power plant construction, pressure water reactor, 1000MW",unit
5202,"market for sewage sludge, 97% water, WWT-SLF, scrap tin sheet",kg
3571,market for gravel/sand quarry infrastructure,unit
1806,"hydrogen production, steam methane reforming",kWh
9176,"welding, gas, steel",m
4799,"market for residues, MSWI, waste polyethylene terephthalate",kg
912,dimethylaminopropylamine production,kg
5434,"market for straw, organic",kg
6786,"planing, lath, hardwood, u=10%",kg
4392,market for pear,kg
1942,"land already in use, pasture, man made to annual crop",kg
5192,"market for sewage sludge, 97% water, WWT, WW, average",kg
8622,"treatment of used glider, passenger car, shredding",kg
7732,"treatment of basic oxygen furnace slag, residual material landfill",kg
2924,"market for cement, Pozzolana Portland",kg
665,"coconut production, dehusked",kg
203,anode refinery construction,unit
5589,"market for toner, colour, powder",kg
3592,market for hard coal,kg
2881,"market for catalytic converter, three-way, mini CHP plant",unit
6132,"market for wire drawing, steel",kg
3386,"market for fibre, cotton, organic",kg
791,container ship production,unit
9260,"wooden board factory construction, organic bonded boards",unit
6553,"operation, computer, desktop, with cathode ray tube display, off mode",hour
5903,market for used tyre,kg
1008,"electricity production, oil, aluminium industry",kWh
6846,"polyethylene terephthalate production, granulate, amorphous, recycled",kg
179,ammonium nitrite production,kg
1056,"electricity, high voltage, hydro, import from UY",kWh
8067,"treatment of municipal solid waste, municipal incineration FAE",kg
5471,"market for sulfur dioxide, liquid",kg
9220,"wood chips production, softwood, at sawmill",kg
2407,"market for assembly of generator and motor, auxilliaries and energy use, for mini CHP plant",unit
7307,"steel milling, large parts",kg
5278,market for slag landfill,unit
1599,"hard coal, import from ZA",kg
7868,"treatment of bottom ash, MSWI[F], hard coal ash, slag compartment",kg
2015,lime mortar production,kg
2023,"lime, from liquid packaging board production to generic market for soil pH raising agent",kg
2767,"market for brass removed by drilling, conventional",kg
40,"NMC811 hydroxide production, for Li-ion battery",kg
3007,market for coating powder,kg
2627,"market for bottom ash, MSWI-WWT, heat carrier liquid, 40% C3H8O2",kg
561,"cement production, type I (SM)",kg
8937,"treatment of waste refinery gas, burned in flare",MJ
7391,"synthetic fuel production, from coal, high temperature Fisher-Tropsch operations",m3
1750,"heat production, wood pellet, at furnace 300kW",MJ
8632,"treatment of used laptop computer, mechanical treatment",kg
6153,"market for wood preservation, dipping/immersion method, water-based, indoor use, occasionally wet",kg
6005,"market for waste plastic, mixture",kg
8144,"treatment of residues, MSWI, waste emulsion paint, residual material landfill",kg
7666,"transport, passenger car, large size, petrol, EURO 4",km
2041,liquid manure tank trailer production,kg
7399,"tallow, unrefined, Recycled Content cut-off",kg
8843,"treatment of waste polyethylene terephthalate, municipal incineration",kg
6949,"printed wiring board production, mounted mainboard, laptop computer, Pb containing",kg
902,dimethyl ether production,kg
3306,market for ethanol fermentation plant,unit
8994,"treatment of wastewater from liquid crystal display backlight production, wastewater treatment",MJ
6662,"passenger car production, diesel",kg
2304,"market for alkyd resin, long oil, without solvent, in 70% white spirit solution state",kg
1293,"evaporation of natural gas, import from OM",m3
709,"concentrated solar power plant construction, solar tower power plant, 20 MW",unit
2088,"magnesium production, electrolysis",kg
73,adhesive mortar production,kg
5901,"market for used trawler, steel",kg
1061,"electricity, high voltage, import from AL",kWh
5863,market for used light commercial vehicle,unit
3806,market for irrigation,m3
8005,"treatment of glass cullet, mixed glass from used cathode ray tube, 0% water, inert material landfill",kg
8391,"treatment of sewage sludge, 70% water, WWT-SLF, municipal solid waste, municipal incineration FAE",kg
3603,"market for harvesting, by complete harvester, beets",ha
165,"aluminium, ingot, primary, import from Oceania",kg
7637,"transport, freight, small lorry with refrigeration machine, EURO5, CO2 refrigerant, freezing to generic market",metric ton*km
5744,"market for transport, passenger, bicycle",person*km
1402,"flax straw production, dew-retted",kg
3468,"market for fuel cell, stack polymer electrolyte membrane, 2kW electrical, future",unit
1342,"ferrochromium production, high-carbon, 55% Cr",kg
2987,"market for chromium steel removed by turning, primarily roughing, conventional",kg
3677,market for heptane,kg
25,"4-tert-butylbenzaldehyde production",kg
4186,"market for mowing, by rotary or sickle mower",ha
8770,"treatment of waste mineral plaster, sorting plant",kg
7581,"transport, freight, lorry with refrigeration machine, 3.5-7.5 ton, EURO3, R134a refrigerant, cooling",metric ton*km
5758,"market for trawler maintenance, steel",kg
2042,liquid packaging board production,kg
7039,"red kidney bean seed production, for sowing",kg
4643,"market for printed wiring board, through-hole mounted, unspecified, Pb free",kg
5587,"market for toner module, laser printer, colour",unit
7800,"treatment of bottom ash, MSWI, waste wire plastic, slag compartment",kg
6077,"market for water pump operation, diesel",MJ
2296,"market for aircraft, passenger, medium haul",unit
6108,"market for wheat seed, organic, for sowing",kg
4763,"market for residues, MSWI, LDPE/Alu in waste UHT milk carton (ambient), post-industrial",kg
725,"concrete production, 25MPa, for building construction, exposure class XC2, with cement, unspecified",kg
4077,"market for manure, liquid, swine",kg
31,Distiller's Dried Grains with Solubles to generic market for protein feed,MJ
261,base plaster production,kg
8868,"treatment of waste polyethylene, unsanitary landfill, hyperarid infiltration class (-250mm)",kg
1257,"ethoxylated alcohol (AE3) production, coconut oil",kg
1611,harvester production,kg
8526,"treatment of sewage sludge, 97% water, WWT-SLF, waste wood, untreated, landfarming",kg
541,"cement production, CEM II/B-S",kg
8379,"treatment of sewage sludge, 70% water, WWT, WW, average, municipal incineration",kg
4961,"market for residues, MSWI[F]-WWT-SLF, waste polyurethane",kg
6591,"operation, reefer, freezing, 40-foot, high-cube, R134a as refrigerant",kg*day
3709,"market for hydropower plant, reservoir, alpine region",unit
946,dryer production,unit
8160,"treatment of residues, MSWI, waste polyvinylfluoride, residual material landfill",kg
520,"cathode production, NMC111, for Li-ion battery",kg
5469,market for sulfur,kg
4488,market for pitch,kg
6680,perfluoropentane production,kg
6311,methylene diphenyl diisocyanate production,kg
6673,pear production,kg
3432,market for fluazifop-butyl,kg
5095,"market for sewage sludge, 70% water, WWT, WW from medium density board production",kg
8463,"treatment of sewage sludge, 75% water, WWT, WW from tube collector production, sanitary landfill",MJ
7550,"transport, freight, lorry 16-32 metric ton, EURO1",metric ton*km
8766,"treatment of waste gypsum, sanitary landfill",MJ
6335,"mine construction, underground, hard coal",unit
4402,"market for petrol, 15% ETBE additive by volume, with ethanol from biomass",kg
5050,"market for sawnwood, lath, softwood, raw, dried (u=10%)",m3
4053,"market for maize silage, organic",kg
6777,planing mill production,unit
3050,"market for concrete, 25-30MPa",m3
8718,"treatment of waste emulsion paint, hazardous waste incineration, with energy recovery",kWh
8009,"treatment of hard coal ash, municipal incineration FAE",kg
1844,"impact extrusion of steel, warm, 4 strokes",kg
8193,"treatment of residues, MSWI-WWT, WW, average, residual material landfill",kg
4304,"market for operation, computer, laptop, videoconference, electricity from renewable energy products",hour
6771,"pipeline construction, natural gas, low pressure distribution network",km
6752,"photovoltaic slanted-roof installation, 3kWp, multi-Si, panel, mounted, on roof",unit
9161,water supply network construction,km
5321,"market for sodium percarbonate, powder",kg
4840,"market for residues, MSWI-WWT, rainwater mineral oil storage",kg
762,"concrete production, 37MPa, for civil engineering, for deicing salt contact, with cement ZN/D",m3
326,biogas purification to biomethane by membrane technique,m3
5482,market for supplementary cementitious materials,kg
8058,"treatment of limestone residue, inert material landfill",kg
4125,market for methylamine,kg
371,"board, hardwood, raw, kiln drying to u=10%",m3
6261,mastic asphalt production,kg
5749,"market for transport, pipeline, long distance, natural gas",metric ton*km
5886,market for used refrigerant R600a,kg
523,"cathode-ray tube production, cathode ray tube display",kg
4957,"market for residues, MSWI[F]-WWT-SLF, waste polyethylene",kg
7245,"sodium tetrafluoroborate production, sodium tetrahydridoborate fluorination",kg
9184,"wheat grain, feed production, Swiss integrated production",kg
1018,"electricity production, photovoltaic, 3kWp slanted-roof installation, a-Si, laminated, integrated",kWh
505,"catch crop growing, ryegrass, September-April, organic fertiliser 40 kg N, one cut",kg
2513,"market for bitumen seal, VA4",kg
722,"concrete production, 20MPa, with cement, Portland",m3
881,dicyclopentadiene based unsaturated polyester resin production,kg
3035,"market for compressed air energy storage plant, adiabatic, 150 MW electrical",unit
2748,"market for bottom ash, MSWI[F]-WWT-SLF, waste newspaper",kg
8059,treatment of low level radioactive waste for final repository,m3
2252,market for acetone cyanohydrin,kg
1846,"impact extrusion of steel, warm, deformation stroke",kg
8703,"treatment of waste cement-fibre slab, dismantled, municipal incineration FAE",kWh
5422,"market for stimulation, deep well",m3
342,"bitumen adhesive compound production, hot",kg
7737,treatment of biowaste by anaerobic digestion,m3
8299,"treatment of residues, MSWI[F]-WWT-SLF, refinery sludge, residual material landfill",kg
1706,"heat production, light fuel oil, at industrial furnace 1MW",MJ
3276,market for electronic component factory,unit
3110,"market for cottonseed, organic",kg
5917,market for ventilation components factory,unit
7117,"sawnwood production, softwood, raw, dried (u=20%)",m3
6441,"natural gas, liquefied, import from TT",m3
619,"chromium steel milling, dressing",kg
7770,"treatment of bottom ash, MSWI, spent anion exchange resin from potable water production, slag compartment",kg
6043,market for wastewater from PV cell production,m3
5343,"market for solar collector system, Cu flat plate collector, multiple dwelling, hot water",unit
4188,market for mulching,ha
2536,"market for borax, anhydrous, powder",kg
6030,"market for waste textile, soiled",kg
4826,"market for residues, MSWI-WWT, WW from liquid crystal production",kg
1417,"foam glass production, without cullet",kg
7275,soybean beverage production,l
8634,"treatment of used liquid crystal display module, municipal incineration",MJ
3280,"market for electronic component, passive, unspecified",kg
4417,market for phenoxy-compound,kg
8749,"treatment of waste graphical paper, municipal incineration FAE",MJ
3470,"market for funnel glass, for cathode ray tube display",kg
3720,"market for impact extrusion of aluminium, 4 strokes",kg
4641,"market for printed wiring board, surface mounted, unspecified, Pb free",kg
3219,"market for dried roughage store, cold-air dried, conventional",m3
934,"dodecanol production, from coconut oil",kg
7993,"treatment of electric arc furnace dust, residual material landfill",kg
6095,"market for welding, arc, steel",m
8315,"treatment of residues, MSWI[F]-WWT-SLF, waste polypropylene, residual material landfill",kg
2409,"market for assembly of liquid crystal display, auxilliaries and energy use",kg
1001,"electricity production, natural gas, combined cycle power plant",kWh
7499,"tomato production, processing grade, open field",kg
6763,pineapple production,kg
8844,"treatment of waste polyethylene terephthalate, municipal incineration FAE",MJ
9038,"tris(2,4-ditert-butylphenyl) phosphite production",kg
3747,"market for impact extrusion of steel, warm, initial warming",kg
4051,market for maize silage,kg
761,"concrete production, 37MPa, for building construction, for interior use, with cement ZN/D, with 35% RC-C aggregates",m3
3330,market for ethylene vinyl acetate copolymer,kg
6947,"printed wiring board production, mounted mainboard, desktop computer, Pb containing",kg
2381,"market for anode, paste, for aluminium electrolysis",kg
2109,"maintenance, intermodal shipping container, 40-foot, high-cube",unit
8686,"treatment of waste aluminium, sanitary landfill",kWh
3080,"market for cooling energy, at -100 °C",MJ
8954,"treatment of waste textile, soiled, municipal incineration FAE",kg
2706,"market for bottom ash, MSWI[F], waste polyvinylfluoride",kg
4678,"market for purge gas, rich in sodium nitrate",kg
7809,"treatment of bottom ash, MSWI-WWT, WW from PV cell production, slag compartment",kg
620,"chromium steel milling, large parts",kg
8323,"treatment of road wear emissions, lorry",kg
3931,"market for limestone, crushed, washed",kg
1811,"hydropower plant construction, run-of-river",unit
3763,market for inert material landfill,unit
5947,market for waste asphalt,kg
1357,"fibre cement facing tile production, large format",kg
4189,market for multi-Si wafer,m2
6303,methyl iodide production,kg
2859,market for cashew,kg
2914,"market for cement, CEM V/B",kg
7982,"treatment of decarbonising waste, residual material landfill",kg
3761,market for inert filler,kg
5679,"market for transport, freight, lorry with refrigeration machine, 7.5-16 ton, EURO4, carbon dioxide, liquid refrig(...)_6",metric ton*km
8252,"treatment of residues, MSWI[F], waste expanded polystyrene, residual material landfill",kg
1403,"fleece production, polyethylene",kg
5468,"market for sulfite pulp, bleached",kg
7287,"spent activated carbon, granular, Recycled Content cut-off",kg
629,"chromium trioxide production, flakes",kg
596,chlorine dioxide production,kg
1086,"electricity, high voltage, import from CH",kWh
8860,"treatment of waste polyethylene, open burning",kg
2533,"market for blower and heat exchange unit, Twl-700",unit
7402,"tanker production, for petroleum",unit
5756,"market for transport, tram",person*km
673,"coffee green bean production, robusta",kg
3770,"market for inorganic potassium fertiliser, as K2O",kg
3735,"market for impact extrusion of steel, hot, 3 strokes",kg
5329,"market for sodium silicate, without water, in 37% solution state",kg
8493,"treatment of sewage sludge, 97% water, WWT, WW from vegetable oil refinery, landfarming",kg
4611,"market for power block, solar tower power plant, 20 MW",unit
7456,"tillage, cultivating, by strip tiller",ha
3403,"market for finishing, textile, knit cotton",kg
3653,"market for heat pump, for mini CHP plant",unit
3465,"market for fuel cell, polymer electrolyte membrane, 2kW electrical, future",unit
1619,"harvesting/bundling, energy wood harvester",hour
2777,market for broccoli,kg
8757,"treatment of waste graphical paper, unsanitary landfill, dry infiltration class (100mm)",kg
9152,"wastewater treatment facility construction, lagoon, capacity 5.0E9l/year",unit
210,"application of plant protection product, by airplane",ha
2482,market for benzo[thia]diazole-compound,kg
4175,market for monochlorobenzene,kg
2283,"market for air filter, in exhaust air valve",unit
1046,"electricity voltage transformation from medium to low voltage, renewable energy products",kWh
7322,"stimulation of deep well, for geothermal power",m3
6566,"operation, computer, laptop, active mode",hour
5840,"market for used diesel-electric generating set, 18.5kW",unit
6634,"palm date production, organic",kg
2068,"machine operation, diesel, < 18.64 kW, generators",hour
266,"basic oxygen furnace secondary metallurgy slag, for recovery to generic market for supplementary cementitious materials",kg
8361,"treatment of sewage sludge, 70% water, WWT, WW from liquid crystal production, municipal incineration FAE",MJ
5411,"market for steel removed by turning, average, conventional",kg
3242,"market for electric arc furnace slag, for recovery",kg
4968,"market for resistor, metal film type, through-hole mounting",kg
7803,"treatment of bottom ash, MSWI, wood ash mixture, pure, slag compartment",kg
8435,"treatment of sewage sludge, 70% water, WWT-SLF, waste wood, untreated, municipal incineration FAE",kWh
2856,"market for carrot seed, for sowing",kg
2812,market for cabbage white,kg
7957,"treatment of bottom ash, MSWI[F]-WWT-SLF, waste polyethylene, slag compartment",kg
4977,market for road,m*year
7989,"treatment of digester sludge, municipal incineration FAE",kWh
1208,"elevator production, hydraulic",unit
3710,"market for hydropower plant, reservoir, non-alpine regions",unit
518,"cathode production, LiMn2O4, for Li-ion battery",kg
1824,"impact extrusion of aluminium, deformation stroke",kg
8131,"treatment of residues, MSWI, residue from mechanical treatment, desktop computer, residual material landfill",kg
4463,"market for photovoltaic slanted-roof installation, 3kWp, a-Si, panel, mounted, on roof",unit
2866,"market for cast iron removed by milling, small parts",kg
3985,market for magnesium,kg
9265,"yarding, sled yarder",hour
9122,vinyl acetate production,kg
6791,"planning, heat and power co-generation unit, 160kW electrical",unit
5757,"market for transport, trolleybus",person*km
7353,sugar refinery construction,unit
922,diphenylether-compound production,kg
5054,"market for sawnwood, softwood, dried (u=20%), planed",m3
1701,"heat production, heavy fuel oil, at industrial furnace 1MW",MJ
6551,"operation, computer, desktop, with cathode ray tube display, active mode",hour
8508,"treatment of sewage sludge, 97% water, WWT-SLF, waste asphalt, landfarming",kg
7328,stone wool production,kg
5621,"market for transport, freight, light commercial vehicle",metric ton*km
7856,"treatment of bottom ash, MSWI-WWT-SLF, waste polyurethane, slag compartment",kg
8106,"treatment of residue from mechanical treatment, desktop computer, municipal incineration FAE",kg
5477,market for sunflower seed,kg
8692,"treatment of waste brick, collection for final disposal",kg
1282,"eucalyptus seedling production, in unheated greenhouse",unit
8470,"treatment of sewage sludge, 75% water, WWT[R], WW from anaerobic digestion of whey, sanitary landfill",kWh
2119,"maintenance, passenger car",unit
8950,"treatment of waste sealing sheet, polyethylene, municipal incineration FAE",kWh
8836,"treatment of waste plastic, mixture, sanitary landfill",MJ
2034,"liquefied petroleum gas, import from Europe",kg
5119,"market for sewage sludge, 70% water, WWT-SLF, waste emulsion paint",kg
5842,"market for used door, inner, glass-wood",m2
492,"casting, aluminium, lost-wax",kg
3065,"market for consumer electronics, mobile device, tablet",unit
7142,"sewer grid construction, 1E9l/year, 30 km",km
1259,"ethoxylated alcohol (AE3) production, petrochemical",kg
2379,"market for anode, for metal electrolysis",kg
4670,"market for protein pea, organic",kg
4316,"market for operation, reefer, cooling",kg*day
2388,market for antifouling paint emissions,kg
862,"deep drawing, steel, 38000 kN press, automode",kg
7037,"recultivation, shale quarry",m2
2554,"market for bottom ash, MSWI, raw sewage sludge",kg
939,"door production, inner, wood",m2
3380,market for fibre cement corrugated slab,kg
308,benzal chloride production,kg
4822,"market for residues, MSWI-WWT, WW from concrete production",kg
3692,"market for housing system, cattle, loose, per animal unit",unit
1633,"heat and power co-generation unit construction, 1MWel, 6.4 MWth",kg
649,"clear-cutting, secondary forest to arable land, annual crop",kg
8800,"treatment of waste paperboard, open dump, dry infiltration class (100mm)",kg
2534,"market for blower and heat exchange unit, central, 600-1200 m3/h",unit
5656,"market for transport, freight, lorry with refrigeration machine, 3.5-7.5 ton, EURO3, R134a refrigerant, cooling",metric ton*km
513,"catch crop growing, ryegrass-red&Egyptian clover-mixture, September-April, organic fertiliser 40 kg N, one cut",kg
3682,market for hexane,kg
176,ammonium chloride production,kg
1394,"fishmeal and fish oil production, 65-67% protein",kg
1392,"fishmeal and fish oil production, 63-65% protein, from fresh anchovy",kg
4647,"market for printing ink, rotogravure, without solvent, in 55% toluene solution state",kg
5539,market for thulium oxide,kg
7130,"seed-cotton production, organic",kg
2680,"market for bottom ash, MSWI[F], scrap steel",kg
4,"1,4-butanediol production",kg
5864,market for used liquid crystal display,kg
5935,"market for vinasse, from fermentation of sugar beet molasses",kg
9057,uranium enrichment diffusion facility construction,unit
5975,market for waste graphical paper,kg
7472,"tillage, rolling",ha
4161,"market for mini CHP plant, components for heat only",unit
7358,"sugarcane processing, traditional autonomous plant",kg
2708,"market for bottom ash, MSWI[F], waste sealing sheet, polyethylene",kg
38,"NMC111 hydroxide production, for Li-ion battery",kg
1463,"furnace production, wood chips, average storage area, 1000kW",unit
8938,"treatment of waste reinforced concrete, collection for final disposal",kg
7650,"transport, passenger aircraft, medium haul",person*km
9230,"wood preservation, dipping/immersion, solvent-based preservative, indoor use, dry",kg
2466,"market for battery, Li-ion, NCA, rechargeable, prismatic",kg
1610,"hardwood forestry, oak, sustainable forest management",m3
824,"copper, anode to generic market for copper-rich materials",kg
4585,"market for potassium nitrate, industrial grade",kg
2014,lignite power plant construction,unit
8769,"treatment of waste mineral plaster, collection for final disposal",kg
8560,"treatment of spent solvent mixture, hazardous waste incineration, with energy recovery",kWh
3287,"market for energy and auxilliary inputs, metal working factory",kg
7257,"solar collector system installation, Cu flat plate collector, one-family house, combined system",unit
3660,"market for heat, central or small-scale, natural gas and heat pump, Jakobsberg",MJ
5362,market for soybean,kg
8691,"treatment of waste bitumen, sanitary landfill",MJ
226,"aubergine production, in heated greenhouse",kg
5111,"market for sewage sludge, 70% water, WWT-SLF, municipal solid waste",kg
4293,"market for operation, computer, laptop, 23% active work",hour
8558,treatment of spent sawing slurry from Si-wafer cutting,kg
5365,"market for soybean oil, crude",kg
6856,polyphenylene sulfide production,kg
1273,ethylene glycol diethyl ether production,kg
1547,"grass seed production, Swiss integrated production, at farm",kg
4364,"market for palm oil, crude",kg
2112,"maintenance, locomotive",unit
717,"concrete production, 20MPa, self-construction, for building construction, with cement, type ICo",m3
1761,"heat, at cogen, with supporting oil furnace 60%, 160kWe Jakobsberg, allocation exergy",MJ
7229,"sodium percarbonate, powder to generic market for bleach",kg
6167,"market for wood preservative, creosote",kg
8885,"treatment of waste polypropylene, unsanitary landfill, very wet infiltration class (1000mm)",kg
8223,"treatment of residues, MSWI-WWT-SLF, waste wood, untreated, residual material landfill",kg
7525,"transport, freight train, diesel",metric ton*km
2842,"market for capacitor, film type, for through-hole mounting",kg
8928,"treatment of waste polyvinylchloride, open dump, wet infiltration class (500mm)",kg
6694,"petroleum and gas production, offshore",kg
7351,sugar beet pulp to generic market for energy feed,MJ
8961,"treatment of waste wood, post-consumer, sorting and shredding",kg
7811,"treatment of bottom ash, MSWI-WWT, WW from black chrome coating, slag compartment",kg
660,cobwork production,kg
268,"basic oxygen furnace slag to market for basic oxygen furnace slag, for recovery",kg
1627,"heat and power co-generation unit construction, 160kW electrical, components for electricity only",unit
3915,market for lignite ash,kg
4699,market for railway track,m*year
7659,"transport, passenger car, large size, diesel, EURO 3",km
5356,market for solvent for paint,kg
7329,"stone wool production, packed",kg
2882,"market for cathode, LFP, for Li-ion battery",kg
5372,market for spent Formox catalyst base from formaldehyde production,kg
2305,market for alkyl sulphate (C12-14),kg
6370,"multi-Si wafer production, ribbon",m2
5419,"market for steel, low-alloyed, hot rolled",kg
3364,market for fennel,kg
345,"bitumen seal production, V60",kg
1784,horticultural fleece production,m2
5338,"market for soft solder, Sn97Cu3",kg
3176,market for digester sludge,kg
1236,esterification of palm oil,kg
2060,"lorry production, 28 metric ton",unit
8580,"treatment of used IT accessory, mechanical treatment",kg
641,"clear-cutting, grassland to arable land, annual crop",kg
6397,"natural gas, high pressure, import from AZ",m3
4620,market for praseodymium oxide,kg
731,"concrete production, 25MPa, for building construction, with cement, CEM II/B",m3
8423,"treatment of sewage sludge, 70% water, WWT-SLF, waste polyethylene terephthalate, municipal incineration FAE",kWh
8921,"treatment of waste polyvinylchloride, municipal incineration",MJ
6432,"natural gas, liquefied, import from EG",m3
8845,"treatment of waste polyethylene terephthalate, open burning",kg
1577,"hard chromium coating, electroplating, steel substrate, 0.14 mm thickness",m2
1391,"fishmeal and fish oil production, 63-65% protein, from fish residues",kg
7511,tram production,unit
4861,"market for residues, MSWI-WWT-SLF, waste polyethylene",kg
1077,"electricity, high voltage, import from CA-MB",kWh
8950,"treatment of waste sealing sheet, polyethylene, municipal incineration FAE",MJ
5486,"market for sweet gas, burned in gas turbine",MJ
927,"disk drive production, CD/DVD, ROM, for desktop computer",unit
1262,"ethoxylated alcohol (AE7) production, petrochemical",kg
6604,"outside air intake production, stainless steel, DN 370",unit
7457,"tillage, cultivating, chiselling",ha
3313,market for ethoxylated alcohol (AE3),kg
1517,"glued laminated timber production, MUF-glue",kg
741,"concrete production, 30MPa, for building construction, for interior use, with cement ZN/D, with 30% RC-M aggregates",kg
8258,"treatment of residues, MSWI[F], waste plastic, consumer electronics, residual material landfill",kg
5026,"market for sawnwood, beam, hardwood, raw, dried (u=20%)",m3
5936,"market for vinasse, from fermentation of sugarcane",kg
3707,"market for hydrogen, gaseous, medium pressure, merchant",kg
5357,"market for solvent, organic",kg
7369,"sulfite pulp production, bleached",kg
7084,"rye production, Swiss integrated production, intensive",kg
4457,"market for photovoltaic panel, ribbon-Si",m2
5942,market for wafer factory,unit
9141,"waste polyethylene terephthalate, for recycling, sorted, Recycled Content cut-off",kg
8425,"treatment of sewage sludge, 70% water, WWT-SLF, waste polyethylene, municipal incineration FAE",kWh
7624,"transport, freight, sea, ferry",metric ton*km
3365,market for fermentation filtrate,kg
5554,"market for tillage, harrowing, by tandem disk",ha
4505,"market for planting, potato",ha
4106,market for metalliferous hydroxide sludge,kg
2690,"market for bottom ash, MSWI[F], waste expanded polystyrene",kg
6496,nutrient supply from fermentation filtrate,kg
283,"battery production, Li-ion, LFP, rechargeable, prismatic",kg
8087,"treatment of precious metal from electronics scrap, in anode slime, precious metal extraction",kg
5195,"market for sewage sludge, 97% water, WWT, rainwater mineral oil storage",kg
7185,slag landfill construction,unit
3420,"market for flat glass, uncoated",kg
6349,"miscanthus rhizome production, for planting",kg
282,"battery module packaging production, Li-ion",kg
8635,"treatment of used liquid crystal display module, municipal incineration FAE",kWh
7314,"steel production, low-alloyed, hot rolled",kg
236,bamboo pole production,kg
7709,treatment of Cu-based antifouling paint emissions,kg
6072,"market for wastewater treatment facility, capacity 5E9l/year",unit
7462,"tillage, field cultivator with amendment",ha
1971,"laser machining, metal, with YAG-laser, 500W power",hour
1883,"internet access, videoconference, 0.7 Mbit/s",hour
2432,market for bark,kg
8998,"treatment of wastewater from maize starch production, wastewater treatment",MJ
8066,"treatment of municipal solid waste, municipal incineration",MJ
8137,"treatment of residues, MSWI, spent anion exchange resin from potable water production, residual material landfill",kg
4007,"market for maintenance, heat and power co-generation unit, 160kW electrical",unit
3077,market for conveyor belt,m
8120,"treatment of residues, MSWI, LDPE/Alu in waste juice carton (ambient), post-industrial, residual material landfill",kg
1206,"electronics scrap, Recycled Content cut-off",kg
8329,"treatment of scrap copper, municipal incineration FAE",kg
2194,market for 1-naphthylacetic acid,kg
3663,"market for heat, district or industrial, natural gas",MJ
567,"cement production, type S",kg
1748,"heat production, wood pellet, at furnace 25kW",MJ
5929,"market for ventilation system, decentralized, 6 x 120 m3/h, steel ducts",unit
6333,"mine construction, phosphate rock",unit
819,copper oxide production,kg
6076,"market for water discharge from petroleum/natural gas extraction, onshore",kg
6440,"natural gas, liquefied, import from RU",m3
7221,"sodium nitrate production, technical grade",kg
8151,"treatment of residues, MSWI, waste plastic, consumer electronics, residual material landfill",kg
8302,"treatment of residues, MSWI[F]-WWT-SLF, waste aluminium, residual material landfill",kg
8686,"treatment of waste aluminium, sanitary landfill",MJ
6103,"market for wheat grain, feed, Swiss integrated production",kg
8409,"treatment of sewage sludge, 70% water, WWT-SLF, waste graphical paper, municipal incineration FAE",kWh
3245,"market for electric connector, peripheral type buss",kg
729,"concrete production, 25MPa, for building construction, for interior use, with cement, Portland",kg
7767,"treatment of bottom ash, MSWI, scrap copper, slag compartment",kg
4246,"market for nuclear power plant, pressure water reactor, 650MW",unit
8468,"treatment of sewage sludge, 75% water, WWT, heat carrier liquid, 40% C3H8O2, sanitary landfill",kWh
5263,"market for silicon, solar grade",kg
1269,ethylene carbonate production,kg
2570,"market for bottom ash, MSWI, used LCD module",kg
274,"batch dyeing, fibre, cotton",kg
8710,"treatment of waste concrete, not reinforced, recycling",kg
9213,"window frame production, wood-metal, U=1.6 W/m2K",m2
2025,"limestone production, crushed, for mill",kg
6113,"market for willow stem cutting, for planting",unit
273,"basic oxygen furnace sludge, for recovery, Recycled Content cut-off",kg
5258,"market for silicon, electronics grade",kg
6833,"polyester resin production, unsaturated",kg
8964,"treatment of waste wood, untreated, open burning",kg
1566,"greenhouse construction, plastic walls and roof, metal tubes",m2*year
9109,"ventilation system production, central, 1 x 720 m3/h, polyethylene ducts, with earth tube heat exchanger",unit
2411,market for aubergine,kg
6081,market for water supply network,km
8132,"treatment of residues, MSWI, residue from mechanical treatment, industrial device, residual material landfill",kg
34,"N,N-dimethylformamide production, direct synthesis",kg
4096,market for metal coating facility,unit
4798,"market for residues, MSWI, waste polyethylene",kg
7187,"smelting and refining of nickel concentrate, 16% Ni",kg
2531,"market for blower and heat exchange unit, KWLC 1200",unit
986,"electricity production, hard coal, conventional",kWh
4733,"market for refractory material, acid",kg
549,"cement production, CEM V/B",kg
7351,sugar beet pulp to generic market for energy feed,kg
4231,"market for non-Fe-Co-metals, from Li-ion battery, hydrometallurgical processing",kg
8096,"treatment of refractory spent pot liner from Al electrolysis, residual material landfill",kg
3662,"market for heat, central or small-scale, other than natural gas",MJ
2572,"market for bottom ash, MSWI, waste building wood, chrome preserved",kg
7532,"transport, freight, aircraft, belly-freight, long haul",metric ton*km
925,direct disposal of wastewater from textile production,m3
3906,market for light emitting diode,kg
8953,"treatment of waste textile, soiled, municipal incineration",kWh
2301,market for alfalfa-grass silage,kg
3821,"market for kenaf plant, harvested",kg
6610,packaging box factory construction,unit
5345,"market for solar collector system, Cu flat plate collector, one-family house, hot water",unit
6822,plywood production,m3
8461,"treatment of sewage sludge, 75% water, WWT, WW from potato starch production, sanitary landfill",MJ
7704,"transport, tractor and trailer, agricultural",metric ton*km
2798,"market for bundle, energy wood, measured as dry mass",kg
6285,metalliferous hydroxide sludge to market for zinc concentrate,kg
4444,"market for photovoltaic laminate, multi-Si wafer",m2
5247,"market for sheet rolling, chromium steel",kg
7021,"rape seed production, organic, for sowing",kg
7118,"sawnwood, paraná pine, dried (u=10%), import from BR",m3
3014,market for cobalt sulfate,kg
2340,"market for aluminium removed by turning, primarily roughing, computer numerical controlled",kg
6067,market for wastewater from vegetable oil refinery,m3
2213,market for 3-methylpyridine,kg
8205,"treatment of residues, MSWI-WWT-SLF, waste aluminium, residual material landfill",kg
4374,"market for paper, woodcontaining, lightweight coated",kg
8798,"treatment of waste paperboard, municipal incineration FAE",kWh
4782,"market for residues, MSWI, spent cation exchange resin from potable water production",kg
8079,"treatment of municipal solid waste, unsanitary landfill, wet infiltration class (500mm)",kg
4407,"market for petrol, unleaded",kg
2451,"market for basic oxygen furnace slag, for recovery",kg
5270,"market for single-Si wafer, for electronics",m2
3507,market for gas boiler,unit
2742,"market for bottom ash, MSWI[F]-WWT-SLF, waste aluminium",kg
4470,"market for photovoltaics, electric installation for 3kWp module, at building",unit
7950,"treatment of bottom ash, MSWI[F]-WWT-SLF, waste gypsum, slag compartment",kg
1246,ethanol production from rye,kg
425,"buttermilk, from cow milk to generic market for protein feed",kg
7571,"transport, freight, lorry 7.5-16 metric ton, unregulated",metric ton*km
2045,"lithium carbonate production, from concentrated brine",kg
8013,"treatment of hazardous waste, hazardous waste incineration, with energy recovery",MJ
206,anthraquinone production,kg
2917,"market for cement, CP II-Z",kg
6470,"nuclear fuel element production, for pressure water reactor, UO2 4.2% & MOX",kg
1370,"fibre, viscose to generic market for silky fibres",kg
2986,"market for chromium steel removed by turning, primarily roughing, computer numerical controlled",kg
392,breadcrumbs production,kg
6567,"operation, computer, laptop, off mode",hour
7892,"treatment of bottom ash, MSWI[F], waste emulsion paint, slag compartment",kg
8345,"treatment of sewage sludge, 70% water, WWT, WW from LCD production, municipal incineration FAE",kWh
3136,market for decommissioned chemical production facilities,kg
8902,"treatment of waste polyurethane foam, collection for final disposal",kg
965,"electric arc furnace slag to market for electric arc furnace slag, for recovery",kg
2801,market for butadiene,kg
9007,"treatment of wastewater from wafer fabrication, wastewater treatment",m3
644,"clear-cutting, grassland to arable land, perennial crop",kg
8896,"treatment of waste polystyrene, sanitary landfill",kg
4698,market for raffinate,kg
2965,market for chloromethyl methyl ether,kg
2522,market for blast oxygen furnace converter,unit
2538,"market for boric acid, anhydrous, powder",kg
7529,"transport, freight, aircraft with reefer, cooling",metric ton*km
8682,"treatment of used ventilation control and wiring, decentralized unit",unit
8452,"treatment of sewage sludge, 75% water, WWT, WW from glass production, sanitary landfill",kg
8172,"treatment of residues, MSWI-WWT, WW from LCD backlight production, residual material landfill",kg
9215,"wire drawing, steel",kg
6937,primary zinc production from concentrate,MJ
1687,"heat production, biomethane, at boiler condensing modulating <100kW",MJ
9026,trichloroethylene production,kg
2424,market for banana,kg
3016,market for cocamide diethanolamine,kg
4510,market for plastic processing factory,unit
4570,"market for polyvinylfluoride, dispersion",kg
2229,market for N-methyl-2-pyrrolidone,kg
2907,"market for cement, CEM II/B-V",kg
8391,"treatment of sewage sludge, 70% water, WWT-SLF, municipal solid waste, municipal incineration FAE",MJ
3029,"market for combine harvesting, soybean",ha
8384,"treatment of sewage sludge, 70% water, WWT, heat carrier liquid, 40% C3H8O2, municipal incineration FAE",kWh
3074,"market for control cabinet, heat and power co-generation unit, 160kW electrical",unit
9175,"welding, arc, steel",m
3804,"market for iron(III) sulfate, without water, in 12.5% iron solution state",kg
775,"concrete production, 40MPa, for civil engineering, with cement, type ICo",m3
1670,"heat and power co-generation, wood chips, 2000 kW",kWh
5596,market for tram track,m*year
4003,"market for maintenance, electric bicycle",unit
4123,market for methyl t-butyl ether,kg
1675,"heat distribution equipment production, hydronic radiant floor heating, 150m2",unit
1514,"glider production, electric scooter",kg
5190,"market for sewage sludge, 97% water, WWT, WW from vegetable oil refinery",kg
2736,"market for bottom ash, MSWI[F]-WWT, heat carrier liquid, 40% C3H8O2",kg
7356,"sugarcane processing, modern autonomous plant",kWh
2720,"market for bottom ash, MSWI[F]-WWT, WW from PV cell production",kg
5089,"market for sewage sludge, 70% water, WWT, WW from concrete production",kg
9043,"tube insulation production, elastomere",kg
8010,"treatment of hard coal ash, residual material landfill",kg
1535,granulated blast furnace slag production,kg
3760,"market for industrial machine, heavy, unspecified",kg
7167,"silicon production, multi-Si, casted",kg
2103,"maintenance, electric scooter, without battery",unit
5958,"market for waste collection lorry, 21 metric ton",unit
1742,"heat production, wood chips from industry, at furnace 300kW, state-of-the-art 2014",MJ
5261,"market for silicon, single crystal, Czochralski process, electronics",kg
3671,"market for heavy fuel oil, burned in refinery furnace",MJ
6150,"market for wood preservation, dipping/immersion method, organic solvent-based, indoor use, occasionally wet",kg
9101,"ventilation duct production, elbow 90°, steel, 100x50 mm",unit
1065,"electricity, high voltage, import from AZ",kWh
7071,road maintenance,m*year
966,"electric arc furnace slag, for recovery to generic market for supplementary cementitious materials",kg
7000,pyrethroid-compound production,kg
144,"aluminium production, primary, cast alloy slab from continuous casting",kg
6006,market for waste polyethylene,kg
1465,"furnace production, wood chips, average storage area, 50kW",unit
2421,market for baling,unit
5472,"market for sulfur hexafluoride, liquid",kg
267,"basic oxygen furnace secondary metallurgy slag, for recovery, Recycled Content cut-off",kg
1660,"heat and power co-generation, natural gas, 160kW electrical, Jakobsberg",kWh
327,biogas purification to biomethane by pressure swing adsorption,m3
8730,"treatment of waste glass pane in burnable frame, sorting plant",kg
9203,"wind turbine construction, 4.5MW, onshore",unit
8816,"treatment of waste plastic plaster, inert material landfill",kg
8434,"treatment of sewage sludge, 70% water, WWT-SLF, waste wood, untreated, municipal incineration",MJ
2160,maleic anhydride production by catalytic oxidation of benzene,kg
8718,"treatment of waste emulsion paint, hazardous waste incineration, with energy recovery",MJ
7119,"scandium oxide production, from rare earth tailings",kg
6718,photovoltaic cell factory construction,unit
1753,"heat production, wood pellet, at furnace 9kW, state-of-the-art 2014",MJ
8667,"treatment of used smartphone, mechanical treatment",kg
5573,market for titanium,kg
2606,"market for bottom ash, MSWI-WWT, WW from PV cell production",kg
3114,market for cow milk,kg
3011,market for cobalt carbonate,kg
8756,"treatment of waste graphical paper, sanitary landfill",kg
2676,"market for bottom ash, MSWI[F], residue from mechanical treatment, laser printer",kg
2504,"market for biowaste, kitchen and garden waste",kg
7576,"transport, freight, lorry >32 metric ton, EURO5",metric ton*km
9279,"zinc coating, coils",m2
6685,"petrol production, 15% ETBE additive by volume, with ethanol from biomass",kg
1657,"heat and power co-generation, diesel, 200kW electrical, SCR-NOx reduction",MJ
2610,"market for bottom ash, MSWI-WWT, WW from concrete production",kg
3494,"market for furnace, wood chips, softwood storage area, 300kW",unit
9189,"wheat seed production, organic, for sowing",kg
8893,"treatment of waste polystyrene, open dump, moist infiltration class (300mm)",kg
9193,"white spirit production, petroleum refinery operation",kg
1432,"forwarding, forwarder",hour
295,"beam, hardwood, raw, kiln drying to u=20%",m3
8828,"treatment of waste plastic, mixture, municipal incineration",kg
97,"aircraft production, dedicated freight aircraft, short haul",unit
5315,"market for sodium nitrate, technical grade",kg
1882,internet access equipment production,unit
2819,"market for cable, ribbon cable, 20-pin, with plugs",kg
503,"catch crop growing, ryegrass, August-April, organic fertiliser 60 kg N, three cuts",kg
4652,"market for process-specific burdens, residual material landfill",kg
2876,"market for casting, steel, lost-wax",kg
5844,"market for used door, outer, wood-aluminium",m2
1268,ethylene bromide production,kg
8745,"treatment of waste glass, unsanitary landfill, moist infiltration class (300mm)",kg
5083,"market for sewage sludge, 70% water, WWT, WW from LCD backlight production",kg
6982,"protein pea production, Swiss integrated production, intensive",kg
5076,"market for selective coat, copper sheet, sputter deposition",m2
6964,"process-specific burdens, residual material landfill",kg
961,electric arc furnace converter construction,unit
8188,"treatment of residues, MSWI-WWT, WW from potato starch production, residual material landfill",kg
7500,"tomato seedling production, in heated greenhouse, for planting",unit
3736,"market for impact extrusion of steel, hot, 4 strokes",kg
1709,"heat production, mixed logs, at furnace 100kW, state-of-the-art 2014",MJ
1515,"glider production, passenger car",kg
6046,market for wastewater from black chrome coating,m3
8351,"treatment of sewage sludge, 70% water, WWT, WW from ceramic production, municipal incineration",kg
1497,"glass cullet supply, from fluorescent lamps, for Saint-Gobain ISOVER SA",kg
940,"door production, outer, wood-aluminium",m2
4037,market for maize chop,kg
2469,"market for battery, NaCl",kg
680,"collection of polystyrene scrap, post-consumer",kg
5113,"market for sewage sludge, 70% water, WWT-SLF, residue from cooling tower",kg
5955,"market for waste cement, hydrated",kg
2618,"market for bottom ash, MSWI-WWT, WW from pig iron production",kg
8945,"treatment of waste reinforcement steel, recycling",kg
6620,"packaging production for fertiliser, per kilogram of packed product",kg
2941,"market for chassis, internet access equipment",kg
8841,"treatment of waste plastic, mixture, unsanitary landfill, wet infiltration class (500mm)",kg
681,"collector field area construction, solar thermal parabolic trough, 50 MW",unit
9064,uranium mill construction,unit
3974,"market for machine operation, diesel, >= 18.64 kW and < 74.57 kW, generators",hour
7953,"treatment of bottom ash, MSWI[F]-WWT-SLF, waste paperboard, slag compartment",kg
8093,"treatment of refinery sludge, hazardous waste incineration, with energy recovery",MJ
6548,onshore natural gas field infrastructure production,unit
6034,"market for waste wood, post-consumer",kg
4427,market for phosphorus oxychloride,kg
2790,"market for building, hall, steel construction",m2
7988,"treatment of digester sludge, municipal incineration",MJ
5130,"market for sewage sludge, 70% water, WWT-SLF, waste polyethylene terephthalate",kg
3159,market for diborane,kg
8408,"treatment of sewage sludge, 70% water, WWT-SLF, waste graphical paper, municipal incineration",kg
842,"cryolite production, from fluosilicic acid",kg
7386,sweet sorghum grain to generic market for energy feed,kg
9182,"wheat grain production, organic",kg
6473,"nuclear power plant construction, boiling water reactor 1000MW",unit
1769,heavy mineral sand quarry operation,kg
4443,"market for photovoltaic laminate, a-Si",m2
1937,"land already in use, annual cropland to pasture, man made",kg
4299,"market for operation, computer, laptop, off mode",hour
8013,"treatment of hazardous waste, hazardous waste incineration, with energy recovery",kg
5157,"market for sewage sludge, 75% water, WWT, WW from plywood production",kg
3310,"market for ethanol, without water, in 99.7% solution state, from fermentation, vehicle grade",kg
7376,sulfuric acid production,kg
5405,"market for steel removed by drilling, conventional",kg
8295,"treatment of residues, MSWI[F]-WWT, condensate from light oil boiler, residual material landfill",kg
421,"butanols production, hydroformylation of propylene",kg
5037,"market for sawnwood, board, softwood, raw, dried (u=10%)",m3
4743,"market for residential sewer grid, 0.087 km",km
3923,"market for lime, hydrated, loose weight",kg
7681,"transport, passenger car, small size, natural gas, EURO 3",km
2948,"market for chicken for slaughtering, live weight",kg
1457,"furnace production, logs, softwood storage area, 6kW",unit
7139,sesame seed production,kg
8753,"treatment of waste graphical paper, open dump, moist infiltration class (300mm)",kg
3617,"market for hazardous waste, for incineration",kg
6606,"ozone production, liquid",kg
1408,"fluorescent whitening agent production, DAS1, triazinylaminostilben type",kg
5885,market for used refrigerant R134a,kg
3356,market for fatty alcohol sulfate,kg
3967,market for lutetium oxide,kg
4992,"market for rye grain, feed, organic",kg
4082,market for mastic asphalt,kg
7645,"transport, freight, train with reefer, freezing",metric ton*km
5301,market for sodium dichromate,kg
7845,"treatment of bottom ash, MSWI-WWT-SLF, waste graphical paper, slag compartment",kg
3836,"market for land use change, paddy rice",ha
451,calcium ammonium nitrate production,kg
2201,"market for 2,4-dinitrotoluene",kg
1906,"iron(III) sulfate production, without water, in 12.5% iron solution state",kg
2562,"market for bottom ash, MSWI, residue from shredder fraction from manual dismantling",kg
4928,"market for residues, MSWI[F]-WWT, WW from glass production",kg
5753,"market for transport, pipeline, onshore, petroleum",metric ton*km
2142,"maize grain production, organic",kg
1423,fodder yeast to generic market for protein feed,kg
4511,market for plastic tunnel,m2
4055,market for maleic anhydride,kg
2717,"market for bottom ash, MSWI[F]-WWT, WW from CRT production",kg
6125,"market for wind turbine, 750kW, onshore",unit
7724,"treatment of ash from deinking sludge, residual material landfill",kg
1548,"grass seed production, Swiss integrated production, for sowing",kg
3580,"market for green manure, organic, until January",ha
3199,market for diphenylether-compound,kg
2059,"lorry production, 16 metric ton",unit
4868,"market for residues, MSWI-WWT-SLF, wood ash mixture, pure",kg
163,"aluminium, ingot, primary, import from Middle East (Gulf cooperation Council)",kg
72,activated silica production,kg
2693,"market for bottom ash, MSWI[F], waste newspaper",kg
1533,gold-silver mine operation with refinery,kg
5786,market for tungsten carbide powder,kg
6693,"petrol, unleaded, import from RoW",kg
4852,"market for residues, MSWI-WWT-SLF, waste emulsion paint",kg
8732,"treatment of waste glass sheet, sorting plant",kg
5915,market for vegetable oil refinery,unit
4356,market for palladium,kg
6547,"onion seedling production, for planting",unit
6402,"natural gas, high pressure, import from DE",m3
5206,"market for sewage sludge, 97% water, WWT-SLF, waste bitumen",kg
8859,"treatment of waste polyethylene, municipal incineration FAE",kWh
8209,"treatment of residues, MSWI-WWT-SLF, waste glass, residual material landfill",kg
4452,"market for photovoltaic mounting system, for slanted-roof installation",m2
7635,"transport, freight, small lorry with refrigeration machine, EURO4, R134a refrigerant, freezing to generic market",metric ton*km
3061,market for condensate from light oil boiler,m3
2226,"market for LDPE/Alu in waste juice carton (ambient), post-industrial",kg
9258,wood wool production,kg
4400,"market for permanent magnet, for electric motor",kg
2383,"market for anode, silicon coated graphite, for Li-ion battery",kg
7487,"titanium dioxide production, sulfate process",kg
6312,"methylene diphenyl diisocyanate production, ISOPA",kg
7370,sulfur dichloride production,kg
9291,"zirconium oxide to generic market for electrolyte, for solid oxide fuel cell",kg
7520,"transmission network construction, electricity, high voltage direct current aerial line",km
3105,market for cottonseed,kg
9087,"used toner module, laser printer, black/white, Recycled Content cut-off",kg
1704,"heat production, light fuel oil, at boiler 10kW condensing, non-modulating",MJ
3267,"market for electrode, negative, LiC6",kg
8192,"treatment of residues, MSWI-WWT, WW from wafer fabrication, residual material landfill",kg
7291,"spiral-seam duct production, steel, DN 400",m
9283,zinc monosulfate production,kg
3701,"market for hydrochloric acid, without water, in 30% solution state",kg
3343,market for expanded vermiculite,kg
867,"deep well drilling, for deep geothermal power",m
6358,morpholine production,kg
237,banana production,kg
8638,treatment of used locomotive,unit
2170,manganese dioxide production,kg
7960,"treatment of bottom ash, MSWI[F]-WWT-SLF, waste polyurethane, slag compartment",kg
5877,"market for used powertrain, electric scooter",kg
302,"beet seed production, Swiss integrated production, for sowing",kg
6436,"natural gas, liquefied, import from NO",m3
1507,glass wool mat production,kg
3460,market for fraction 8 from naphtha separation,kg
7238,"sodium silicate production, hydrothermal liquor, product in 48% solution state",kg
7478,"tin plated chromium steel sheet production, 2 mm",m2
7863,"treatment of bottom ash, MSWI[F], aluminium in car shredder residue, slag compartment",kg
5332,"market for sodium sulfate, anhydrite",kg
7284,"soybean seed production, for sowing",kg
1302,"exhaust air roof hood production, steel, DN 400",unit
3333,market for europium oxide,kg
3755,"market for inductor, miniature radio frequency chip",kg
7108,"sawlog and veneer log, softwood, measured as solid wood under bark, import from Europe without Switzerland",m3
5933,market for vermiculite,kg
7418,"tap water production, underground water with disinfection",kg
6924,"power block installation, solar tower power plant, 20 MW",unit
348,"blast furnace dust to market for blast furnace dust, for recovery",kg
400,"bronze scrap, post-consumer, Recycled Content cut-off",kg
2223,market for H3PO4 purification residue,kg
1952,"land use change, pasture, man made",ha
6202,market for zinc sulfide,kg
309,benzaldehyde production,kg
5581,"market for toluene diisocyanate, ISOPA",kg
9240,"wood preservation, spray tunnel/deluging, solvent-based preservative, indoor use, dry",kg
2766,"market for brass removed by drilling, computer numerical controlled",kg
7976,"treatment of copper in car shredder residue, municipal incineration FAE",kg
962,electric arc furnace secondary metallurgy slag to market for electric arc furnace secondary metallurgy slag for recovery,kg
7113,"sawnwood production, hardwood, raw, dried (u=20%)",m3
7121,"scrap lead acid battery, Recycled Content cut-off",kg
6352,"molasses, from sugar beet, to generic market for energy feed",kg
8422,"treatment of sewage sludge, 70% water, WWT-SLF, waste polyethylene terephthalate, municipal incineration",kWh
3161,market for dichloromethane,kg
6743,"photovoltaic panel production, multi-Si wafer",m2
9155,"water production, deionised",kg
5445,market for succinic acid,kg
8025,"treatment of leachate, SLF, refinery sludge, wastewater treatment",m3
1043,"electricity voltage transformation from high to medium voltage, cobalt industry",kWh
4481,"market for pipeline, natural gas, long distance, high capacity, offshore",km
2179,manual dismantling of used electric scooter,unit
6008,"market for waste polyethylene terephthalate, for recycling, sorted",kg
4430,"market for phosphorus, white, liquid",kg
8828,"treatment of waste plastic, mixture, municipal incineration",kWh
1951,"land use change, paddy rice",ha
1529,gold mine operation with extraction,kg
2101,"maintenance, container ship",unit
1983,"layered sodium silicate production, SKS-6, powder",kg
8381,"treatment of sewage sludge, 70% water, WWT, condensate from light oil boiler, municipal incineration",kWh
5125,"market for sewage sludge, 70% water, WWT-SLF, waste paint",kg
1841,"impact extrusion of steel, warm, 1 strokes",kg
8101,"treatment of residue from mechanical treatment, IT accessory, municipal incineration",kWh
1186,"electricity, medium voltage, European attribute mix",kWh
5299,market for sodium cumenesulphonate,kg
2182,"manure, liquid, cattle, Recycled Content cut-off",kg
6376,"naphtha, import from RoW",kg
2412,market for autoclaved aerated concrete block,kg
7568,"transport, freight, lorry 7.5-16 metric ton, EURO4",metric ton*km
6704,phenoxy-compound production,kg
7823,"treatment of bottom ash, MSWI-WWT, WW from potato starch production, slag compartment",kg
4042,"market for maize grain, feed, Swiss integrated production",kg
7668,"transport, passenger car, medium size, diesel, EURO 3",km
87,"air filter production, in exhaust air valve",unit
1920,"jute production, irrigated",kg
856,"debarking, softwood, in forest",kg
1477,"furrow covering, for sugarcane",ha
3914,market for lignite,kg
5011,"market for sawdust, wet, measured as dry mass",kg
2512,"market for bitumen seal, V60",kg
928,"disk drive production, CD/DVD, ROM, for laptop computer",unit
744,"concrete production, 30MPa, for building construction, with cement, CP III",m3
8253,"treatment of residues, MSWI[F], waste graphical paper, residual material landfill",kg
8436,"treatment of sewage sludge, 70% water, WWT-SLF, wood ash mixture, pure, municipal incineration",kg
8821,"treatment of waste plastic, consumer electronics, municipal incineration",MJ
231,azodicarbonamide production,kg
4731,market for refinery sludge,kg
6252,"market group for waste plastic, mixture",kg
466,"carbon dioxide production, liquid",kg
5159,"market for sewage sludge, 75% water, WWT, WW from soft fibreboard production",kg
1615,"harvesting, by sweet corn picker",ha
7682,"transport, passenger car, small size, natural gas, EURO 4",km
4114,market for methanol,kg
8593,"treatment of used blower and heat exchange unit, KWL 250",unit
6365,"mowing, by rotary mower",ha
6236,"market group for natural gas, high pressure",m3
4991,"market for rye grain, feed, Swiss integrated production",kg
6198,market for zinc monosulfate,kg
7273,sowing,ha
1165,"electricity, high voltage, import from US-MRO",kWh
6517,"nutrient supply from vinasse, from fermentation of sugar beet",kg
7738,"treatment of biowaste, industrial composting",kg
4455,"market for photovoltaic panel, a-Si",m2
9068,"uranium production, centrifuge, enriched 3.8%",unit
8241,"treatment of residues, MSWI[F], residue from mechanical treatment, laser printer, residual material landfill",kg
7952,"treatment of bottom ash, MSWI[F]-WWT-SLF, waste paint, slag compartment",kg
4115,market for methanol factory,unit
7439,"textile production, nonwoven polypropylene, spunbond",kg
3051,"market for concrete, 25MPa",m3
3454,market for formic acid,kg
2827,"market for cadmium telluride, semiconductor-grade",kg
4696,"market for quicklime, milled, packed",kg
3387,"market for fibre, flax",kg
8011,"treatment of hard coal ash, sanitary landfill",MJ
6727,"photovoltaic flat-roof installation, 3kWp, single-Si, on roof",unit
5858,"market for used intermodal shipping container, 40-foot",unit
4149,"market for mine infrastructure, open cast, uranium",unit
2785,"market for building operation, hostel",guest night
5954,market for waste cement in concrete and mortar,kg
5640,"market for transport, freight, lorry 7.5-16 metric ton, EURO1",metric ton*km
1934,"laminating service, foil, with acrylic binder",m2
2995,market for clay roof tile,kg
200,"anode production, prebake, for aluminium electrolysis",kg
1500,glass etching factory construction,unit
6938,printed wiring board mounting facility construction,unit
6757,"photovoltaics, electric installation for 3kWp module, at building",unit
1134,"electricity, high voltage, import from MN",kWh
8408,"treatment of sewage sludge, 70% water, WWT-SLF, waste graphical paper, municipal incineration",MJ
617,"chromium steel drilling, conventional",kg
2894,market for cement cast plaster floor,kg
1639,"heat and power co-generation unit construction, 200kW electrical, diesel SCR, components for heat only",unit
380,boron carbide production,kg
312,benzo[thia]diazole-compound production,kg
7381,sunn hemp production,kg
1219,"energy saving, from ventilation system, 1 x 720 m3/h, polyethylene ducts, with earth tube heat exchanger",MJ
5075,"market for selective coat, copper sheet, physical vapour deposition",m2
2529,"market for blower and heat exchange unit, GE 250 RH",unit
8380,"treatment of sewage sludge, 70% water, WWT, WW, average, municipal incineration FAE",kWh
3180,market for dimethyl hexanediol,kg
4788,"market for residues, MSWI, waste emulsion paint",kg
2331,"market for aluminium removed by drilling, conventional",kg
5841,market for used domestic refrigerator,unit
7042,reeled raw silk hank production,kg
4027,"market for maintenance, tanker, for liquefied natural gas",unit
3920,market for lime,kg
8760,"treatment of waste graphical paper, unsanitary landfill, very wet infiltration class (1000mm)",kg
6484,"nutrient supply from ammonia, anhydrous, liquid",kg
6028,"market for waste sealing sheet, polyethylene",kg
7357,"sugarcane processing, traditional annexed plant",kg
2019,"lime production, hydraulic",kg
853,daminozide production,kg
6123,"market for wind turbine, 2MW, onshore",unit
276,"battery cell production, Li-ion, LFP",kg
8033,"treatment of leachate, SLF, waste glass, wastewater treatment",m3
9237,"wood preservation, oscillating pressure method, inorganic salt, containing Cr, outdoor use, ground contact",kg
5519,market for tetrahydrofuran,kg
8492,"treatment of sewage sludge, 97% water, WWT, WW from tube collector production, landfarming",kg
8337,"treatment of scrap tin sheet, sanitary landfill",kg
4801,"market for residues, MSWI, waste polystyrene",kg
8447,"treatment of sewage sludge, 75% water, WWT, WW from PV cell production, sanitary landfill",MJ
2236,market for NMC811 oxide,kg
6650,"paper production, woodfree, coated, at non-integrated mill",kg
1589,hard coal preparation plant construction,unit
5689,"market for transport, freight, lorry with refrigeration machine, freezing",metric ton*km
6696,"petroleum coke production, petroleum refinery operation",kg
2275,"market for agricultural machinery, unspecified",kg
4790,"market for residues, MSWI, waste graphical paper",kg
7837,"treatment of bottom ash, MSWI-WWT-SLF, residue from cooling tower, slag compartment",kg
373,"board, softwood, raw, air drying to u=20%",m3
7621,"transport, freight, sea, container ship",metric ton*km
8940,"treatment of waste reinforced concrete, sorting plant",kg
1588,hard coal preparation,kg
5022,"market for sawnwood, azobe, dried (u=15%), planed",m3
6258,market group for waste polyvinylchloride,kg
3538,"market for glazing, double, U<1.1 W/m2K, laminated safety glass",m2
8110,"treatment of residue from mechanical treatment, laptop computer, municipal incineration FAE",MJ
3020,"market for coconut, dehusked",kg
2414,market for average incineration residue,kg
5478,"market for sunflower seed, Swiss integrated production",kg
1793,"hydraulic fluid production, for geological stimulation",m3
2605,"market for bottom ash, MSWI-WWT, WW from LCD production",kg
8686,"treatment of waste aluminium, sanitary landfill",kg
4845,"market for residues, MSWI-WWT-SLF, refinery sludge",kg
1636,"heat and power co-generation unit construction, 200kW electrical, components for heat only",unit
2696,"market for bottom ash, MSWI[F], waste paperboard",kg
3525,"market for glass cullet, mixed glass from used cathode ray tube",kg
6339,"mine infrastructure construction, open cast, uranium",unit
7179,"single-Si wafer production, photovoltaic",m2
4395,market for pendimethalin,kg
3453,market for formaldehyde,kg
814,"cooling energy production, at -55 °C, propylene-ethylene compression refrigeration system 1 MW",MJ
7893,"treatment of bottom ash, MSWI[F], waste expanded polystyrene, slag compartment",kg
4210,"market for natural stone plate, cut",kg
8695,"treatment of waste building wood, chrome preserved, municipal incineration",MJ
6304,methyl methacrylate production,kg
243,barium oxide production,kg
1115,"electricity, high voltage, import from HU",kWh
4834,"market for residues, MSWI-WWT, WW from tube collector production",kg
3222,market for dross from Al electrolysis,kg
2253,"market for acetone, liquid",kg
3960,"market for lorry, 16 metric ton",unit
7589,"transport, freight, lorry with refrigeration machine, 3.5-7.5 ton, EURO5, R134a refrigerant, cooling",metric ton*km
5449,market for sugar refinery,unit
5605,"market for transmission network, electricity, high voltage direct current land cable",km
5291,market for sodium amide,kg
7539,"transport, freight, aircraft, dedicated freight, very short haul",metric ton*km
7503,"toner module production, laser printer, colour",unit
4684,market for pyrazole,kg
4080,market for marine engine,unit
7602,"transport, freight, lorry with refrigeration machine, 7.5-16 ton, EURO4, R134a refrigerant, freezing",metric ton*km
2093,"magnesium, for reuse in zirconium sponge production, to generic market for magnesium",kg
2189,"market for 1,3-dichloropropene",kg
2210,market for 2-pyridinol,kg
7102,"sawing and planing, paraná pine, kiln dried",kWh
6290,metamitron production,kg
1204,"electronic component production, passive, unspecified",kg
8455,"treatment of sewage sludge, 75% water, WWT, WW from liquid crystal production, sanitary landfill",MJ
4248,market for nuclear spent fuel reprocessing facility,unit
5494,"market for synthetic graphite, battery grade",kg
851,cyclohexanone production,kg
1241,esters of versatic acid production,kg
254,"barley grain, feed production, Swiss integrated production",kg
4340,market for p-xylene,kg
8633,treatment of used light commercial vehicle,unit
7934,"treatment of bottom ash, MSWI[F]-WWT, WW from soft fibreboard production, slag compartment",kg
578,"chassis production, internet access equipment",kg
6643,"paper mill construction, integrated",unit
2694,"market for bottom ash, MSWI[F], waste packaging paper",kg
3062,market for conditioned spent nuclear fuel,m3
199,"anode production, paste, for aluminium electrolysis",kg
8141,"treatment of residues, MSWI, waste bitumen sheet, residual material landfill",kg
9225,"wood preservation facility construction, dipping/immersion tank",unit
9083,urea formaldehyde resin production,kg
1657,"heat and power co-generation, diesel, 200kW electrical, SCR-NOx reduction",kWh
8068,"treatment of municipal solid waste, open burning",kg
3205,market for disodium disulphite,kg
5930,"market for ventilation system, decentralized, 6 x 120 m3/h, steel ducts, with earth tube heat exchanger",unit
1372,"fibreboard production, hard",m3
3751,"market for indium tin oxide powder, nanoscale, for sputtering target",kg
5986,"market for waste packaging glass, unsorted",kg
8284,"treatment of residues, MSWI[F]-WWT, WW from glass production, residual material landfill",kg
4269,"market for oat seed, for sowing",kg
4669,"market for protein pea, feed, Swiss integrated production",kg
7758,"treatment of bottom ash, MSWI, residue from mechanical treatment, CRT display, slag compartment",kg
4084,market for meat and bone meal,kg
3383,"market for fibre cement facing tile, small format",kg
6121,"market for wind turbine network connection, small-scale, 6kW, onshore",unit
861,"deep drawing, steel, 3500 kN press, single stroke",kg
2401,market for ascorbic acid,kg
4195,market for n-olefins,kg
5859,"market for used intermodal shipping container, 40-foot, high-cube",unit
8559,"treatment of spent solvent mixture, hazardous waste incineration",kg
5549,"market for tillage, harrowing, by moldboard plow",ha
4211,"market for natural stone plate, grounded",kg
8677,treatment of used tyre,kg
3583,"market for greenhouse, plastic walls and roof",m2*year
8076,"treatment of municipal solid waste, unsanitary landfill, hyperarid infiltration class (-250mm)",kg
1991,"lentil seed production, for sowing",kg
8724,"treatment of waste expanded polystyrene, municipal incineration",MJ
6519,"nutrient supply from vinasse, from fermentation of sugarcane",kg
5273,"market for skidding, skidder",hour
4343,market for packaging glass factory,unit
301,beef cattle production on pasture and proteic supplement,kg
3358,"market for fava bean seed, for sowing",kg
4867,"market for residues, MSWI-WWT-SLF, waste wood, untreated",kg
7093,"sand quarry operation, extraction from river bed",kg
6078,"market for water pump operation, electric",MJ
7747,"treatment of bottom ash, MSWI, LDPE/Alu in waste juice carton (ambient), post-industrial, slag compartment",kg
8535,"treatment of sludge from pulp and paper production, sanitary landfill",MJ
4194,market for mustard,kg
4738,market for refrigerant R134a,kg
3504,"market for gallium, in Bayer liquor from aluminium production",kg
7902,"treatment of bottom ash, MSWI[F], waste plastic, mixture, slag compartment",kg
7044,"refinery gas, burned in furnace",MJ
5198,"market for sewage sludge, 97% water, WWT-SLF, lignite ash",kg
1125,"electricity, high voltage, import from JO",kWh
2345,"market for aluminium sulfate, powder",kg
6550,"onshore well production, oil/gas",m
1939,"land already in use, forest, intensive to annual crop",kg
8934,"treatment of waste polyvinylchloride, unsanitary landfill, wet infiltration class (500mm)",kg
846,cyanogen chloride production,kg
6562,"operation, computer, laptop, 68% active work",hour
3840,"market for landed anchovy, fresh",kg
7572,"transport, freight, lorry >32 metric ton, EURO1",metric ton*km
4542,"market for polyethylene, high density, granulate, recycled",kg
8414,"treatment of sewage sludge, 70% water, WWT-SLF, waste paint, municipal incineration",kg
4276,market for oil mill,unit
1978,"lath, hardwood, raw, kiln drying to u=20%",m3
2031,"linseed seed production, at farm",kg
4645,"market for printer, laser, colour",unit
5314,market for sodium nitrate,kg
4521,"market for polarizer, liquid crystals and colour filters, for liquid crystal display",kg
4567,"market for polyvinylchloride, emulsion polymerised",kg
4143,"market for mine infrastructure, iron",unit
1872,"integrated battery interface system production, for Li-ion battery",kg
4093,"market for mercerizing, textile",kg
5420,"market for steel, unalloyed",kg
1981,"lath, softwood, raw, kiln drying to u=20%",m3
3775,"market for integrated circuit, memory type",kg
5745,"market for transport, passenger, electric bicycle",person*km
1325,"fatty alcohol production, from palm kernel oil",kg
1156,"electricity, high voltage, import from SE",kWh
8281,"treatment of residues, MSWI[F]-WWT, WW from black chrome coating, residual material landfill",kg
1289,"evaporation of natural gas, import from ID",m3
9046,tungsten carbide powder production,kg
540,"cement production, CEM II/B-L",kg
3741,"market for impact extrusion of steel, warm, 1 strokes",kg
6249,market group for waste graphical paper,kg
4897,"market for residues, MSWI[F], waste graphical paper",kg
6010,"market for waste polyethylene, for recycling, sorted",kg
6912,"potato seed production, for setting",kg
3127,market for cyclohexanone,kg
7780,"treatment of bottom ash, MSWI, waste graphical paper, slag compartment",kg
8659,"treatment of used refrigerant R600a, final disposal",kg
449,calcined clay production,kg
810,"cooling energy production, at -25 °C, ammonia compression refrigeration system 1 MW",MJ
7056,residual material landfill construction,unit
2749,"market for bottom ash, MSWI[F]-WWT-SLF, waste paint",kg
2293,"market for aircraft, dedicated freight, short haul",unit
8394,"treatment of sewage sludge, 70% water, WWT-SLF, residue from cooling tower, municipal incineration",kg
6435,"natural gas, liquefied, import from NG",m3
7410,"tap water production, seawater reverse osmosis, conventional pretreatment, baseline module, single stage",kg
7311,"steel production, converter, unalloyed",kg
4485,"market for pipeline, petroleum",km
8247,"treatment of residues, MSWI[F], used LCD module, residual material landfill",kg
1188,"electricity, medium voltage, residual mix",kWh
8450,"treatment of sewage sludge, 75% water, WWT, WW from ceramic production, sanitary landfill",kWh
7996,treatment of electronics scrap from control units,kg
2176,"mango production, conditioned, wax treatment",kg
2705,"market for bottom ash, MSWI[F], waste polyvinylchloride",kg
1041,electricity voltage transformation from high to medium voltage,kWh
7574,"transport, freight, lorry >32 metric ton, EURO3",metric ton*km
1972,"laser machining, metal, with YAG-laser, 50W power",hour
2315,"market for aluminium alloy, metal matrix composite",kg
242,barium hydroxide production,kg
683,combine harvesting,ha
3226,market for drying of grass,l
5728,"market for transport, passenger car, medium size, natural gas, EURO 4",km
9017,"treatment of zinc in car shredder residue, municipal incineration FAE",kg
3561,market for grass fibre,kg
4060,market for mandarin,kg
3933,market for linseed,kg
7489,"titanium production, triple-melt",kg
7029,"receiver system construction, solar tower power plant, 20 MW",unit
6301,methyl ethyl ketone production,kg
3635,"market for heat and power co-generation unit, 50kW electrical, common components for heat+electricity",unit
8399,"treatment of sewage sludge, 70% water, WWT-SLF, waste aluminium, municipal incineration",kg
1082,"electricity, high voltage, import from CA-PE",kWh
1585,"hard coal mine operation, underground",kg
4478,"market for pinto bean seed, for sowing",kg
6302,methyl formate production,kg
3975,"market for machine operation, diesel, >= 18.64 kW and < 74.57 kW, high load factor",hour
2668,"market for bottom ash, MSWI[F], municipal solid waste",kg
2664,"market for bottom ash, MSWI[F], digester sludge",kg
1641,"heat and power co-generation unit construction, 500kW electrical, components for electricity only",unit
2137,maize chop to generic market for energy feed,kg
6478,"nuclear waste storage construction, final repository for high level radioactive waste",unit
9145,waste preparation facility construction,unit
4667,market for protein pea,kg
1864,"inorganic nitrogen fertiliser, as N to generic market for organic nitrogen fertiliser, as N",kg
4075,"market for manual treatment facility, waste electric and electronic equipment",unit
4041,"market for maize grain, feed",kg
9214,"wire drawing, copper",kg
3987,"market for magnesium chloride, from titanium sponge production",kg
8007,"treatment of green liquor dregs, residual material landfill",kg
1458,"furnace production, pellet, 15kW",unit
5820,"market for used air distribution terminal panel steel, 120 m3/h",unit
4526,market for polycarbonate,kg
8810,"treatment of waste paperboard, unsanitary landfill, wet infiltration class (500mm)",kg
8407,"treatment of sewage sludge, 70% water, WWT-SLF, waste glass, municipal incineration",kg
9194,white spirit to generic market for solvent for paint,kg
4740,"market for refrigeration machine, carbon dioxide, liquid as refrigerant",unit
1767,"heavy fuel oil, burned in refinery furnace",MJ
4944,"market for residues, MSWI[F]-WWT-SLF, residue from cooling tower",kg
5904,market for used vegetable cooking oil,kg
8983,"treatment of wastewater from PV cell production, wastewater treatment",m3
2203,"market for 2,6-di-tert-butylphenol",kg
3618,"market for hazardous waste, for underground deposit",kg
3554,"market for gold, unrefined",kg
8099,"treatment of residue from TiO2 production, sulfate process, residual material landfill",kg
1213,"energy and auxilliary inputs, metal working factory, with heating from natural gas",kg
8148,"treatment of residues, MSWI, waste packaging paper, residual material landfill",kg
820,"copper production, cathode, solvent extraction and electrowinning process",kg
2527,market for blow moulding,kg
5751,"market for transport, pipeline, offshore, petroleum",metric ton*km
4011,"market for maintenance, intermodal shipping container, 45-foot, high-cube",unit
6377,naphthalene sulfonic acid production,kg
8027,"treatment of leachate, SLF, scrap tin sheet, wastewater treatment",m3
6269,melamine impregnated paper production,kg
9172,"weaving of synthetic fibre, for industrial use",kg
6431,"natural gas, liquefied, import from DZ",m3
6344,"mini CHP plant production, components for electricity only",unit
6734,"photovoltaic module production, building-integrated, for facade installation",m2
143,"aluminium oxide, non-metallurgical to generic market for refractory material, acid",kg
329,"biomethane production, high pressure from synthetic gas, wood, fixed bed technology",m3
2551,"market for bottom ash, MSWI, lead in car shredder residue",kg
6739,"photovoltaic mounting system production, for slanted-roof installation",m2
180,"ammonium paratungstate production, ion exchange",kg
8238,"treatment of residues, MSWI[F], residue from mechanical treatment, desktop computer, residual material landfill",kg
1620,hay production,kg
6457,nitrile-compound production,kg
357,blast oxygen furnace converter production,unit
6695,"petroleum and gas production, onshore",kg
1335,"fava bean seed production, for sowing",kg
8427,"treatment of sewage sludge, 70% water, WWT-SLF, waste polypropylene, municipal incineration FAE",kg
299,beef cattle production on pasture,kg
4489,"market for pitch despergents, in paper production",kg
5995,market for waste paperboard,kg
1452,"furnace production, logs, hardwood storage area, 100kW",unit
32,EUR-flat pallet production,unit
172,"ammonia production, partial oxidation, liquid",kg
878,diazole-compound production,kg
6343,"mini CHP plant construction, common components for heat+electricity",unit
1710,"heat production, mixed logs, at furnace 30kW",MJ
5221,"market for sewage sludge, 97% water, WWT-SLF, waste polyurethane",kg
7068,"rice seed production, for sowing",kg
9211,"window frame production, poly vinyl chloride, U=1.6 W/m2K",m2
3291,market for energy saving,MJ
2147,"maize grain, feed production, Swiss integrated production",kg
4376,"market for paper, woodfree, coated",kg
3512,"market for gas power plant, combined cycle, 400MW electrical",unit
4551,market for polystyrene foam slab,kg
1645,"heat and power co-generation unit construction, 50kW electrical, components for heat only",unit
5268,"market for silver, unrefined",kg
8373,"treatment of sewage sludge, 70% water, WWT, WW from soft fibreboard production, municipal incineration FAE",MJ
654,"clover seed production, Swiss integrated production, for sowing",kg
8691,"treatment of waste bitumen, sanitary landfill",kWh
3685,market for hoeing,ha
1315,"fan production, for power supply unit, desktop computer",kg
3008,"market for coating, with melamine impregnated paper",m2
938,"door production, inner, glass-wood",m2
4298,"market for operation, computer, laptop, active mode",hour
1659,"heat and power co-generation, lignite",MJ
8978,"treatment of waste zeolite, inert material landfill",kg
4134,market for microwave oven,unit
3844,market for lanthanum-cerium oxide,kg
8102,"treatment of residue from mechanical treatment, IT accessory, municipal incineration FAE",kg
4379,market for paris market carrot,kg
8164,"treatment of residues, MSWI, waste textile, soiled, residual material landfill",kg
3237,market for electric arc furnace converter,unit
9257,"wood wool boards production, cement bonded",m3
4546,market for polymer foaming,kg
2651,"market for bottom ash, MSWI-WWT-SLF, waste polypropylene",kg
8881,"treatment of waste polypropylene, sanitary landfill",kWh
691,"compressed air production, 1000 kPa gauge, <30kW, average generation",m3
6581,"operation, intermodal shipping container, 40-foot",kg*day
112,"alkylketene dimer sizing agent production, for paper production",kg
4010,"market for maintenance, intermodal shipping container, 40-foot, high-cube",unit
4062,"market for mandarin, processing grade",kg
9,"2,3-dimethylbutan to generic market for solvent, organic",kg
5144,"market for sewage sludge, 75% water, WWT, WW from PV cell production",kg
6866,"polystyrene production, extruded, HFC-134a blown",kg
4612,"market for power distribution unit, for electric passenger car",kg
3206,"market for display, cathode ray tube, 17 inches",unit
8951,"treatment of waste sealing sheet, polyvinylchloride, municipal incineration",kWh
8723,"treatment of waste emulsion paint, sanitary landfill",kWh
1254,ethanolamine production,kg
447,"cadmium telluride production, semiconductor-grade",kg
5843,"market for used door, inner, wood",m2
6984,"protein pea, feed production, Swiss integrated production",kg
2298,"market for aircraft, passenger, very short haul",unit
5295,"market for sodium chlorate, powder",kg
8231,"treatment of residues, MSWI[F], digester sludge, residual material landfill",kg
7700,"transport, pipeline, offshore, petroleum",metric ton*km
590,"chipper production, stationary, electric",unit
6985,pulp factory construction,unit
3260,"market for electricity, high voltage, renewable energy products",kWh
8694,"treatment of waste brick, sorting plant",kg
5410,"market for steel removed by turning, average, computer numerical controlled",kg
26,"4-tert-butyltoluene production",kg
6605,oxalic acid production,kg
4439,"market for photovoltaic flat-roof installation, 3kWp, multi-Si, on roof",unit
3224,"market for drying of bread grain, seed and legumes",l
8612,"treatment of used door, outer, wood-aluminium, collection for final disposal",m2
6242,"market group for transport, freight train",metric ton*km
5712,"market for transport, passenger car, EURO 5",km
8756,"treatment of waste graphical paper, sanitary landfill",kWh
9136,"waste paper, unsorted, Recycled Content cut-off",kg
1666,"heat and power co-generation, natural gas, combined cycle power plant, 400MW electrical",kWh
2002,light mortar production,kg
8057,"treatment of lignite ash, sanitary landfill",kg
6600,orbencarb production,kg
4916,"market for residues, MSWI[F], waste vapour barrier, flame-retarded",kg
8429,"treatment of sewage sludge, 70% water, WWT-SLF, waste polystyrene, municipal incineration FAE",kg
4989,market for rye grain,kg
7801,"treatment of bottom ash, MSWI, waste wood pole, chrome preserved, slag compartment",kg
5663,"market for transport, freight, lorry with refrigeration machine, 3.5-7.5 ton, EURO4, carbon dioxide, liquid refri(...)_2",metric ton*km
8922,"treatment of waste polyvinylchloride, municipal incineration FAE",kWh
7753,"treatment of bottom ash, MSWI, hard coal ash, slag compartment",kg
1721,"heat production, natural gas, at boiler modulating <100kW",MJ
999,"electricity production, natural gas, 10MW",kWh
4126,market for methylchloride,kg
1038,"electricity production, wind, >3MW turbine, onshore",kWh
8013,"treatment of hazardous waste, hazardous waste incineration, with energy recovery",kWh
932,"distribution network construction, electricity, low voltage",km
6854,"polymethyl methacrylate production, beads",kg
3811,market for isophorondiisocyante,kg
973,"electric motor production, for electric scooter",kg
8536,"treatment of sludge from steel rolling, residual material landfill",kg
6538,"offshore platform production, petroleum",unit
9106,"ventilation of dwellings, decentralized, 6 x 120 m3/h, polyethylene ducts, with earth tube heat exchanger",m2*year
3177,market for dimethenamide,kg
8273,"treatment of residues, MSWI[F], waste wire plastic, residual material landfill",kg
4564,"market for polyurethane, flexible foam, flame retardant",kg
6144,"market for wood preservation facility, dipping/immersion tank",unit
3570,"market for gravel, round",kg
8178,"treatment of residues, MSWI-WWT, WW from concrete production, residual material landfill",kg
2120,"maintenance, passenger car, electric, without battery",unit
3341,market for expanded clay,kg
847,cyanuric chloride production,kg
3630,"market for heat and power co-generation unit, 200kW electrical, diesel SCR, components for electricity only",unit
350,"blast furnace dust, for recovery, Recycled Content cut-off",kg
6412,"natural gas, high pressure, import from IT",m3
4313,"market for operation, internet access equipment",hour
8713,"treatment of waste electric wiring, collection for final disposal",kg
827,cork forestry,kg
1879,"intermodal shipping container production, 40-foot, high-cube",unit
3352,"market for fan, for power supply unit, desktop computer",kg
3448,market for fodder yeast,kg
5296,"market for sodium chloride, brine solution",kg
4306,"market for operation, dried roughage store, cold-air dried, conventional",kg
107,"alkyd paint production, white, water-based, product in 60% solution state",kg
6447,"navy bean seed production, for sowing",kg
7292,spodumene production,kg
2727,"market for bottom ash, MSWI[F]-WWT, WW from maize starch production",kg
2008,"lightweight concrete block production, polystyrene",kg
1343,"ferrochromium production, high-carbon, 68% Cr",kg
3048,market for concrete slab,m3
1921,"jute production, rainfed",kg
3102,market for cork slab,kg
6222,"market group for heat, district or industrial, other than natural gas",MJ
1812,hydroquinone production,kg
4104,"market for metal working, average for steel product manufacturing",kg
8020,"treatment of leach residue from copper production, neutralisation",kg
7846,"treatment of bottom ash, MSWI-WWT-SLF, waste gypsum, slag compartment",kg
5406,"market for steel removed by milling, average",kg
5384,market for spent sawing slurry from Si-wafer cutting,l
3545,"market for glued laminated timber, average glue mix",m3
4403,"market for petrol, 4% ETBE additive by volume, with ethanol from biomass",kg
194,aniline production,kg
8586,"treatment of used air filter, decentralized unit, 180-250 m3/h",unit
2218,market for C3 hydrocarbon mixture,kg
4212,"market for natural stone plate, polished",kg
8100,"treatment of residue from cooling tower, sanitary landfill",MJ
3221,market for drilling waste,kg
2260,"market for acrylic binder, with water, in 54% solution state",kg
7053,regenerative thermal oxidation of nitrous oxide,kg
5331,market for sodium silver thiosulfate,kg
9270,"yarn production, jute",kg
6342,"mineral supplement production, for beef cattle",kg
3694,"market for housing system, pig, fully-slatted floor, per pig place",unit
8518,"treatment of sewage sludge, 97% water, WWT-SLF, waste plastic plaster, landfarming",kg
5584,"market for tomato, fresh grade",kg
185,"anaerobic digestion plant construction, agricultural",unit
747,"concrete production, 30MPa, for drilled piles, with cement ZN/D",m3
7911,"treatment of bottom ash, MSWI[F], waste sealing sheet, polyethylene, slag compartment",kg
4330,market for orthophthalic acid based unsaturated polyester resin,kg
1877,"intermodal shipping container production, 20-foot",unit
6310,"methylcyclopentane to generic market for solvent, organic",kg
7129,"seed-cotton production, conventional",kg
1122,"electricity, high voltage, import from IN-Western grid",kWh
3959,"market for lorry with refrigeration machine, carbon dioxide, liquid as refrigerant, 16 metric ton",unit
8655,"treatment of used refrigerant R12, venting",kg
739,"concrete production, 30MPa, for building construction, exposure class XC3, with cement, unspecified",kg
3439,market for fly ash and scrubber sludge,kg
1502,"glass fibre reinforced plastic production, polyamide, injection moulded",kg
3910,"market for lightweight concrete block, expanded perlite",kg
8390,"treatment of sewage sludge, 70% water, WWT-SLF, municipal solid waste, municipal incineration",kg
197,"anode production, for metal electrolysis",kg
2864,"market for cast iron removed by milling, dressing",kg
7214,sodium hydrogen sulfite production,kg
6579,"operation, housing system, pig, fully-slatted floor",unit
2153,"maize seed production, for sowing",kg
9035,trinexapac-ethyl production,kg
3683,market for high level radioactive waste for final repository,m3
615,chromium production,kg
4294,"market for operation, computer, laptop, 68% active work",hour
5687,"market for transport, freight, lorry with refrigeration machine, 7.5-16 ton, EURO6, carbon dioxide, liquid refrig(...)_9",metric ton*km
1635,"heat and power co-generation unit construction, 200kW electrical, components for electricity only",unit
5748,"market for transport, passenger, motor scooter",person*km
5311,"market for sodium hypochlorite, without water, in 15% solution state",kg
5815,"market for urea formaldehyde foam, in situ foaming",kg
3908,market for light mortar,kg
7305,"steel milling, average",kg
772,"concrete production, 40MPa, for civil engineering, with cement, CEM II/B",m3
8457,"treatment of sewage sludge, 75% water, WWT, WW from medium density board production, sanitary landfill",kWh
1926,"kerosene, import from Europe",kg
3790,market for ion-exchanger for water treatment,unit
3947,market for lithium carbonate,kg
1859,"industrial gases production, cryogenic air separation",kg
6505,nutrient supply from potash salt,kg
6991,"purge gas, rich in sodium nitrate to market for sodium nitrate, unrefined",kg
1205,"electronics production, for control units",kg
9039,trisodium phosphate production,kg
5255,market for silicon carbide,kg
8372,"treatment of sewage sludge, 70% water, WWT, WW from soft fibreboard production, municipal incineration",kg
544,"cement production, CEM III/B",kg
8550,"treatment of spent cation exchange resin from potable water production, municipal incineration FAE",kg
7263,"solder production, bar, Sn95.5Ag3.9Cu0.6, for electronics industry",kg
5138,"market for sewage sludge, 70% water, WWT[R], WW from anaerobic digestion of whey",kg
7826,"treatment of bottom ash, MSWI-WWT, WW from vegetable oil refinery, slag compartment",kg
8444,"treatment of sewage sludge, 75% water, WWT, WW from GGBFS production, sanitary landfill",MJ
757,"concrete production, 35MPa, for civil engineering, for exterior use, with cement, Portland",kg
6145,"market for wood preservation facility, flow coating equipment",unit
3400,"market for field leveling, sugarcane",ha
8889,"treatment of waste polystyrene, municipal incineration FAE",kWh
1674,"heat and power co-generation, wood chips, 6667 kW, state-of-the-art 2014, renewable energy products",kWh
9024,trichloroacetic acid production,kg
8385,"treatment of sewage sludge, 70% water, WWT, rainwater mineral oil storage, municipal incineration",MJ
6392,"natural gas, burned in solid oxide fuel cell 125kWe, future",kWh
7208,"sodium dithionite production, anhydrous",kg
4335,market for p-chlorophenol,kg
5013,"market for sawlog and veneer log, azobe, measured as solid wood under bark",m3
3557,market for granulated blast furnace slag,kg
3131,market for daminozide,kg
4008,"market for maintenance, intermodal shipping container, 20-foot",unit
8766,"treatment of waste gypsum, sanitary landfill",kg
1724,"heat production, natural gas, at industrial furnace >100kW",MJ
6506,nutrient supply from potassium chloride,kg
4965,"market for residues, MSWI[F]-WWT[R], WW from anaerobic digestion of whey",kg
3934,"market for linseed seed, at farm",kg
7760,"treatment of bottom ash, MSWI, residue from mechanical treatment, LCD, slag compartment",kg
2583,"market for bottom ash, MSWI, waste plastic, industrial electronics",kg
8385,"treatment of sewage sludge, 70% water, WWT, rainwater mineral oil storage, municipal incineration",kWh
122,aluminium casting facility construction,unit
7715,"treatment of aluminium in car shredder residue, municipal incineration",kg
4874,"market for residues, MSWI[F], copper in car shredder residue",kg
8185,"treatment of residues, MSWI-WWT, WW from particle board production, residual material landfill",kg
1220,"energy saving, from ventilation system, 1 x 720 m3/h, steel ducts, with earth tube heat exchanger",MJ
7444,"thermal spraying, cold spray, tungsten carbide-cobalt, on carbon steel substrate",m2
5928,"market for ventilation system, decentralized, 6 x 120 m3/h, polyethylene ducts, with earth tube heat exchanger",unit
4460,"market for photovoltaic slanted-roof installation, 3kWp, CIS, panel, mounted, on roof",unit
249,"barley grain production, Swiss integrated production, extensive",kg
7374,sulfur stockpiling,kg
642,"clear-cutting, grassland to arable land, forest, intensive",kg
4064,market for manganese,kg
1517,"glued laminated timber production, MUF-glue",m3
4066,market for manganese dioxide,kg
5925,"market for ventilation system, central, 1 x 720 m3/h, polyethylene ducts, with earth tube heat exchanger",unit
6608,p-nitrophenol production,kg
4980,"market for road wear emissions, lorry",kg
4830,"market for residues, MSWI-WWT, WW from pig iron production",kg
8094,"treatment of refinery sludge, landfarming",kg
2212,market for 3-methyl-1-butyl acetate,kg
2901,"market for cement, CEM II/A-L",kg
338,bipyridylium-compound production,kg
6080,market for water storage,unit
3424,"market for flax plant, harvested",kg
8364,"treatment of sewage sludge, 70% water, WWT, WW from medium density board production, municipal incineration",MJ
1138,"electricity, high voltage, import from MZ",kWh
920,"diode production, glass-, for through-hole mounting",kg
8663,"treatment of used room-connecting overflow element, steel, approx. 40 m3/h",unit
7534,"transport, freight, aircraft, belly-freight, short haul",metric ton*km
4715,"market for recultivation, bauxite mine",m2
3304,market for esters of versatic acid,kg
5487,market for sweet sorghum grain,kg
2754,"market for bottom ash, MSWI[F]-WWT-SLF, waste polyethylene terephthalate",kg
705,"compressed air production, 800 kPa gauge, >30kW, optimized generation",m3
5237,market for shale brick,kg
4854,"market for residues, MSWI-WWT-SLF, waste graphical paper",kg
3544,"market for glued laminated timber, PUR-glue",m3
8255,"treatment of residues, MSWI[F], waste packaging paper, residual material landfill",kg
1580,hard coal coke factory construction,unit
7147,shale brick production,kg
8695,"treatment of waste building wood, chrome preserved, municipal incineration",kWh
7506,"tower silo production, plastic",m3
4265,market for o-xylene,kg
6201,market for zinc slag,kg
5323,market for sodium persulfate,kg
4686,market for pyridazine-compound,kg
6026,market for waste reinforcement steel,kg
6898,"potassium nitrate production, agricultural grade",kg
4973,market for rhodium,kg
3862,"market for layered sodium silicate, SKS-6, powder",kg
8367,"treatment of sewage sludge, 70% water, WWT, WW from pig iron production, municipal incineration FAE",kg
5418,"market for steel, low-alloyed",kg
4820,"market for residues, MSWI-WWT, WW from black chrome coating",kg
942,"drawing of pipe, steel",kg
7127,"section bar extrusion, aluminium",kg
2239,market for NPK (26-15-15) fertiliser,kg
4587,market for potassium perchlorate,kg
1467,"furnace production, wood chips, hardwood storage area, 300kW",unit
2885,"market for cathode, NMC111, for Li-ion battery",kg
5788,market for turpentine,kg
6714,"phosphorus oxychloride production, from phosphorus trichloride",kg
4491,"market for planning, cogen unit mini CHP plant",unit
8389,"treatment of sewage sludge, 70% water, WWT-SLF, lignite ash, municipal incineration",kg
8435,"treatment of sewage sludge, 70% water, WWT-SLF, waste wood, untreated, municipal incineration FAE",MJ
8464,"treatment of sewage sludge, 75% water, WWT, WW from vegetable oil refinery, sanitary landfill",kg
5945,"market for washing, drying and finishing laundry",kg
6883,"polyvinylfluoride production, dispersion",kg
5708,"market for transport, passenger car",km
9071,"uranium production, centrifuge, enriched 4.2%",unit
3438,"market for flux, for wave soldering",kg
1693,"heat production, hardwood chips from forest, at furnace 1000kW",MJ
8514,"treatment of sewage sludge, 97% water, WWT-SLF, waste newspaper, landfarming",kg
105,alfalfa/grass silage production,kg
4291,"market for operation, computer, desktop, with liquid crystal display, off mode",hour
1444,"fuel cell production, stack polymer electrolyte membrane, 2kW electrical, future",unit
1470,"furnace production, wood chips, softwood storage area, 300kW",unit
3857,"market for laser machining, metal, with YAG-laser, 50W power",hour
3293,"market for energy use, electric bicycle, electricity from renewable energy products",km
2438,"market for barley grain, feed, organic",kg
3719,"market for impact extrusion of aluminium, 3 strokes",kg
9113,"ventilation system production, decentralized, 6 x 120 m3/h, steel ducts",unit
4099,"market for metal working machine, unspecified",kg
2446,market for basic oxygen furnace dust,kg
9238,"wood preservation, oscillating pressure method, organic salt, Cr-free, outdoor use, ground contact",kg
5956,market for waste cement-fibre slab,kg
8826,"treatment of waste plastic, industrial electronics, municipal incineration",MJ
2539,market for boric oxide,kg
3858,"market for laser machining, metal, with YAG-laser, 60W power",hour
3463,"market for frozen fish sticks, hake",kg
8108,"treatment of residue from mechanical treatment, industrial device, municipal incineration FAE",kWh
4005,"market for maintenance, ferry",unit
4308,"market for operation, housing system, cattle, loose, per animal unit",unit
1949,"land use change, annual crop",ha
8946,"treatment of waste reinforcement steel, sorting plant",kg
626,"chromium steel turning, primarily dressing, conventional",kg
6476,nuclear spent fuel conditioning facility construction,unit
5032,"market for sawnwood, board, hardwood, dried (u=20%), planed",m3
8959,"treatment of waste wood pole, chrome preserved, municipal incineration",kg
4601,"market for potato, Swiss integrated production",kg
5992,market for waste paper sorting facility,unit
1865,"inorganic nitrogen fertiliser, as N to generic market for organo-mineral nitrogen fertiliser, as N",kg
2496,"market for biogas, from grass",m3
6956,"printer production, laser, black/white",unit
8104,"treatment of residue from mechanical treatment, cathode ray tube display, municipal incineration FAE",MJ
8693,"treatment of waste brick, recycling",kg
3940,"market for liquid manure spreading, by vacuum tanker",m3
6045,market for wastewater from anaerobic digestion of whey,m3
2162,maleic hydrazide production,kg
440,"cable yarder production, truck-mounted",unit
5829,market for used blower and heat exchange unit KWL 250,unit
6851,"polyethylene, high density, granulate, recycled to generic market for high density PE granulate",kg
6601,"organophosphorus-compound production, unspecified",kg
1576,"hake, capture by trawler and landing whole, fresh",kg
3278,"market for electronic component, active, unspecified",kg
1112,"electricity, high voltage, import from GT",kWh
7669,"transport, passenger car, medium size, diesel, EURO 4",km
6216,"market group for electricity, low voltage",kWh
8103,"treatment of residue from mechanical treatment, cathode ray tube display, municipal incineration",kWh
47,"absorption chiller production, 100kW",unit
3847,"market for laser machining, metal, with CO2-laser, 3200W power",hour
7163,silica sand production,kg
8579,"treatment of uranium tailing, non-radioactive emission",m3
4739,"market for refrigeration machine, R134a as refrigerant",unit
145,"aluminium production, primary, ingot",kg
3730,"market for impact extrusion of steel, cold, deformation stroke",kg
7835,"treatment of bottom ash, MSWI-WWT-SLF, municipal solid waste, slag compartment",kg
8183,"treatment of residues, MSWI-WWT, WW from maize starch production, residual material landfill",kg
8331,"treatment of scrap printed wiring boards, shredding and separation",kg
3532,market for glass tube factory,unit
978,"electric scooter production, without battery",kg
6041,"market for waste, from silicon wafer production, inorganic",kg
3582,"market for greenhouse, glass walls and roof",m2*year
5463,"market for sulfidic tailings, from nickel mine operation",kg
7182,"skimmed milk, from cow milk to generic market for protein feed",kg
6101,"market for wheat grain, Swiss integrated production",kg
1938,"land already in use, annual cropland to perennial crop",kg
3787,"market for inverter, 500kW",unit
5825,market for used beverage cans,kg
8954,"treatment of waste textile, soiled, municipal incineration FAE",MJ
8125,"treatment of residues, MSWI, lead in car shredder residue, residual material landfill",kg
2273,market for adobe brick,kg
8050,"treatment of leachate, SLF[W], waste plastic, consumer electronics, wastewater treatment",m3
9104,"ventilation of dwellings, central, 1 x 720 m3/h, steel ducts, with earth tube heat exchanger",m2*year
7494,toluene diisocyanate production,kg
793,"containerboard production, fluting medium, semichemical",kg
5505,market for tap water,kg
7741,"treatment of biowaste, open dump",kg
8547,"treatment of spent catalytic converter NOx reduction, underground deposit",kg
8145,"treatment of residues, MSWI, waste expanded polystyrene, residual material landfill",kg
1648,"heat and power co-generation unit construction, 6400kW thermal, components for electricity only",unit
4150,"market for mine infrastructure, phosphate rock",unit
5823,"market for used air filter decentralized unit, 250 m3/h",unit
5848,market for used electric bicycle,unit
7905,"treatment of bottom ash, MSWI[F], waste polypropylene, slag compartment",kg
3728,"market for impact extrusion of steel, cold, 4 strokes",kg
3273,"market for electrolyte, for solid oxide fuel cell",kg
8947,"treatment of waste rubber, unspecified, municipal incineration",kg
9197,"wind power plant construction, 2MW, offshore, fixed parts",unit
6572,"operation, computer, laptop, videoconference, electricity from renewable energy products",hour
5658,"market for transport, freight, lorry with refrigeration machine, 3.5-7.5 ton, EURO3, carbon dioxide, liquid refr(...)_11",metric ton*km
3845,"market for laser machining, metal, with CO2-laser, 2000W power",hour
4148,"market for mine infrastructure, open cast, peat",unit
4759,"market for residue from mechanical treatment, liquid crystal display",kg
5916,"market for vegetable oil, refined",kg
7420,"tea production, dried",kg
6138,"market for wood chips, dry, measured as dry mass",kg
8066,"treatment of municipal solid waste, municipal incineration",kg
1827,"impact extrusion of steel, cold, 3 strokes",kg
1967,"laser machining, metal, with YAG-laser, 200W power",hour
975,"electric motor production, vehicle (electric powertrain)",kg
146,"aluminium production, primary, liquid, Söderberg",kg
3088,"market for copper collector foil, for Li-ion battery",kg
5742,"market for transport, passenger coach",person*km
6188,market for ytterbium oxide,kg
9019,"treatment, sludge from pulp and paper production, landfarming",kg
6872,"polysulfone production, for membrane filtration production",kg
7013,rainwater harvesting,kg
6906,potato production,kg
543,"cement production, CEM III/A",kg
7359,sugarcane production,kg
1397,"flat glass production, uncoated",kg
3175,market for diethylene glycol,kg
7920,"treatment of bottom ash, MSWI[F]-WWT, WW from CRT production, slag compartment",kg
5043,"market for sawnwood, hardwood, raw, dried (u=20%)",m3
7106,"sawlog and veneer log, hardwood, measured as solid wood under bark, import from Europe without Switzerland",m3
4592,market for potato haulm cutting,ha
710,concrete block production,kg
8864,"treatment of waste polyethylene, open dump, very wet infiltration class (1000mm)",kg
1885,intral production,kg
8454,"treatment of sewage sludge, 75% water, WWT, WW from hard fibreboard production, sanitary landfill",MJ
1834,"impact extrusion of steel, hot, 2 strokes",kg
7542,"transport, freight, inland waterways, barge tanker",metric ton*km
7806,"treatment of bottom ash, MSWI-WWT, WW from GGBFS production, slag compartment",kg
3256,"market for electricity, high voltage, aluminium industry",kWh
2166,mandarin production,kg
9224,"wood pellets, burned in stirling heat and power co-generation unit, 3kW electrical, future",MJ
6486,nutrient supply from ammonium nitrate,kg
506,"catch crop growing, ryegrass, September-April, organic fertiliser 60 kg N, one cut",kg
2199,"market for 2,4-dichlorophenol",kg
220,"ash, from combustion of straw, Recycled Content cut-off",kg
8085,"treatment of pollutant from rail ballast, residual material landfill",kg
4960,"market for residues, MSWI[F]-WWT-SLF, waste polystyrene",kg
3246,"market for electric connector, wire clamp",kg
5850,"market for used exhaust air valve in-wall housing, plastic/steel",unit
4653,"market for process-specific burdens, sanitary landfill",kg
1280,"ethylvinylacetate production, foil",kg
3258,"market for electricity, high voltage, for Swiss Federal Railways",kWh
7215,sodium hydrosulfide production,kg
539,"cement production, CEM II/B",kg
4068,market for manganese(III) oxide,kg
5612,"market for transport, freight, aircraft, medium haul",metric ton*km
5907,market for used ventilation control and wiring decentralized unit,unit
3676,"market for helium, crude stockpiling",kg
3988,"market for magnesium chloride, from zirconium sponge production",kg
3951,market for lithium hydroxide,kg
5754,"market for transport, regular bus",person*km
1853,"inductor production, low value multilayer chip",kg
7467,"tillage, harrowing, by spring tine harrow",ha
6296,"methanol production, coal gasification",kg
7641,"transport, freight, small lorry with refrigeration machine, EURO6, CO2 refrigerant, freezing to generic market",metric ton*km
5949,market for waste bitumen,kg
4756,"market for residue from mechanical treatment, industrial device",kg
1512,"glazing production, double, U<1.1 W/m2K, laminated safety glass",m2
1649,"heat and power co-generation unit construction, organic Rankine cycle, 1000kW electrical",unit
2018,"lime production, hydrated, packed",kg
6065,market for wastewater from textile production,m3
1819,"impact extrusion of aluminium, 3 strokes",kg
8768,"treatment of waste mineral oil, hazardous waste incineration, with energy recovery",kg
7293,sponge iron production,kg
3331,"market for ethylvinylacetate, foil",kg
764,"concrete production, 37MPa, for civil engineering, with cement, CEM II/B",m3
6952,"printed wiring board production, surface mounted, unspecified, Pb containing",kg
2795,"market for building, upmarket hotel",unit
2507,"market for bisphenol A, powder",kg
5412,"market for steel removed by turning, primarily dressing, computer numerical controlled",kg
398,bronze production,kg
4976,"market for rice, non-basmati",kg
4221,"market for nickel, class 1",kg
8018,"treatment of inert waste, sanitary landfill",MJ
4673,"market for pulpwood, softwood, measured as solid wood under bark",m3
6182,"market for xylene, mixed",kg
5063,market for scrap steel,kg
8311,"treatment of residues, MSWI[F]-WWT-SLF, waste plastic plaster, residual material landfill",kg
5564,market for tin dioxide,kg
613,"chopping, maize",ha
5645,"market for transport, freight, lorry 7.5-16 metric ton, EURO6",metric ton*km
5231,"market for sewer grid, 1E9l/year, 30 km",km
1281,"eucalyptus seedling production, in heated greenhouse",unit
1783,horn meal production,kg
7995,"treatment of electric arc furnace slag, residual material landfill",kg
5826,market for used bicycle,unit
6000,"market for waste plastic plaster, for final disposal",kg
8215,"treatment of residues, MSWI-WWT-SLF, waste plastic plaster, residual material landfill",kg
6769,"pipeline construction, natural gas, long distance, high capacity, onshore",km
736,"concrete production, 25MPa, for building construction, with cement, CP-II-F",m3
2464,"market for battery, Li-ion, LFP, rechargeable, prismatic",kg
4634,"market for printed wiring board, for through-hole mounting, Pb free surface",m2
4859,"market for residues, MSWI-WWT-SLF, waste plastic plaster",kg
2733,"market for bottom ash, MSWI[F]-WWT, WW from wafer fabrication",kg
5803,"market for uranium, enriched 3.8%, in fuel element for light water reactor",kg
4223,"market for nitrate salts, for solar power application",kg
191,anhydrite floor production,kg
3897,market for lead in car shredder residue,kg
5512,market for terbium oxide,kg
8858,"treatment of waste polyethylene, municipal incineration",kg
5107,"market for sewage sludge, 70% water, WWT, rainwater mineral oil storage",kg
3939,"market for liquid crystal display, unmounted, mobile device",kg
5249,"market for sheet rolling, steel",kg
3574,"market for green manure, Swiss integrated production, until April",ha
7951,"treatment of bottom ash, MSWI[F]-WWT-SLF, waste newspaper, slag compartment",kg
8414,"treatment of sewage sludge, 70% water, WWT-SLF, waste paint, municipal incineration",MJ
2763,"market for brake wear emissions, lorry",kg
7691,"transport, passenger train, regional",person*km
7363,"sulfate pulp production, from eucalyptus, bleached",kWh
5920,"market for ventilation duct, connection piece, steel, 100x50 mm",unit
2358,market for ammonium carbonate,kg
4345,"market for packaging glass, brown",kg
8599,treatment of used bus,unit
1388,fish oil to generic market for energy feed,MJ
4493,market for planting,ha
9190,white asparagus production,kg
7686,"transport, passenger car, small size, petrol, EURO 5",km
2650,"market for bottom ash, MSWI-WWT-SLF, waste polyethylene terephthalate",kg
8113,"treatment of residue from mechanical treatment, liquid crystal display, municipal incineration",MJ
5980,market for waste mineral wool,kg
7608,"transport, freight, lorry with refrigeration machine, 7.5-16 ton, EURO5, carbon dioxide, liquid refrigerant, freezing",metric ton*km
3421,"market for flat plate solar collector, Cu absorber",m2
9148,"wastewater treatment facility construction, capacity 5E9l/year",unit
7512,tram track construction,m*year
7471,"tillage, ridge cultivator",ha
5090,"market for sewage sludge, 70% water, WWT, WW from glass production",kg
4998,market for ryegrass-Egyptian&Persian clover-mixture silage,kg
225,atrazine production,kg
5734,"market for transport, passenger car, small size, diesel, EURO 4",km
378,"boric acid production, anhydrous, powder",kg
6299,"methyl acetate to generic market for solvent, organic",kg
9006,"treatment of wastewater from vegetable oil refinery, wastewater treatment",m3
8573,"treatment of sulfidic tailings, generic, tailings impoundment",kg
6033,"market for waste wood pole, chrome preserved",kg
1110,"electricity, high voltage, import from GH",kWh
1837,"impact extrusion of steel, hot, 5 strokes",kg
7790,"treatment of bottom ash, MSWI, waste polypropylene, slag compartment",kg
7077,"router, internet",unit
5004,market for samarium-europium-gadolinium oxide,kg
7337,"strawberry seedling production, in heated greenhouse, for planting",unit
7382,"supply air inlet production, steel/SS, DN 75",unit
1986,"lean concrete production, for building construction, with cement ZN/D, with 100% RC-M aggregates",m3
2883,"market for cathode, LiMn2O4, for Li-ion battery",kg
8112,"treatment of residue from mechanical treatment, laser printer, municipal incineration FAE",kWh
707,"computer production, laptop",unit
1000,"electricity production, natural gas, aluminium industry",kWh
7965,"treatment of bottom ash, MSWI[F]-WWT[U], WW from lorry production, slag compartment",kg
6324,"mine construction, gold",unit
2714,"market for bottom ash, MSWI[F], waste wood, untreated",kg
914,dinitroaniline-compound production,kg
3510,"market for gas power plant, 100MW electrical",unit
84,"air filter production, central unit, 600 m3/h",unit
9062,"uranium fuel element production, enriched 4.2%, for light water reactor",kg
3446,"market for fodder beet, Swiss integrated production",kg
8538,"treatment of sludge, NaCl electrolysis, residual material landfill",kg
1474,"furnace production, wood chips, with silo, 5000kW",unit
8844,"treatment of waste polyethylene terephthalate, municipal incineration FAE",kWh
1805,"hydrogen production, gaseous, petroleum refinery operation",kg
5967,"market for waste emulsion paint, separated",kg
7604,"transport, freight, lorry with refrigeration machine, 7.5-16 ton, EURO4, carbon dioxide, liquid refrigerant, freezing",metric ton*km
9128,washing machine production,unit
4605,"market for poultry manure, fresh",kg
7595,"transport, freight, lorry with refrigeration machine, 3.5-7.5 ton, EURO6, carbon dioxide, liquid refrigerant, cooling",metric ton*km
3519,"market for geothermal power plant, Hot-Dry-Rock",unit
8064,"treatment of metal scrap, mixed, for recycling, unsorted, sorting",kg
1052,"electricity, high voltage, biofuels, import from Germany",kWh
8863,"treatment of waste polyethylene, open dump, moist infiltration class (300mm)",kg
7569,"transport, freight, lorry 7.5-16 metric ton, EURO5",metric ton*km
3381,market for fibre cement facing tile,kg
3774,"market for integrated circuit, logic type",kg
3659,"market for heat, central or small-scale, natural gas",MJ
6664,"passenger car production, petrol/natural gas",kg
8689,"treatment of waste bitumen sheet, municipal incineration",MJ
7157,"sheet rolling, chromium steel",kg
9192,white spirit production,kg
3954,market for lithium sulfate,kg
480,"cast iron drilling, conventional",kg
8589,"treatment of used beverage cans, for recycling, unsorted, sorting",kg
259,basalt quarry operation,kg
2115,"maintenance, lorry 40 metric ton",unit
8111,"treatment of residue from mechanical treatment, laser printer, municipal incineration",MJ
8866,"treatment of waste polyethylene, sanitary landfill",kWh
4746,market for residual material landfill,unit
1118,"electricity, high voltage, import from IN-Eastern grid",kWh
6677,pentaerythritol production in sodium hydroxide solution,kg
9025,trichloroborane production,kg
1048,"electricity voltage transformation, residual mix, from medium to low voltage",kWh
2707,"market for bottom ash, MSWI[F], waste rubber, unspecified",kg
2004,"light olefins production, from methanol-to-olefins conversion, ethylene-to-propylene ratio of 1.51",kg
1481,"gallium, in Bayer liquor from aluminium production",kg
5476,market for sulfuryl chloride,kg
4141,"market for mine infrastructure, gold and silver",unit
3689,"market for hot rolling, steel",kg
4913,"market for residues, MSWI[F], waste sealing sheet, polyethylene",kg
783,concrete roof tile production,kg
905,dimethyl malonate production,kg
8275,"treatment of residues, MSWI[F], waste wood, untreated, residual material landfill",kg
5570,market for tissue paper,kg
8914,"treatment of waste polyurethane, sanitary landfill",kWh
4339,market for p-phenylene diamine,kg
618,"chromium steel milling, average",kg
1940,"land already in use, forest, intensive to pasture, man made",kg
5769,market for triethyl amine,kg
8029,"treatment of leachate, SLF, waste aluminium, wastewater treatment",m3
6976,"propylene glycol production, liquid",kg
2540,market for boron carbide,kg
8562,"treatment of spoil from lignite mining, in surface landfill",kg
4219,market for nickel smelter slag,kg
4309,"market for operation, housing system, cattle, tied, per animal unit",unit
8936,"treatment of waste polyvinylfluoride, municipal incineration FAE",MJ
536,"cement production, CEM II/A-L",kg
1263,"ethoxylated alcohol (AE>20) production, palm oil",kg
5583,"market for tomato seedling, for planting",unit
1478,"furrowing, sugarcane",ha
7446,"thermal storage system construction, solar thermal parabolic trough, 50 MW",kg
7603,"transport, freight, lorry with refrigeration machine, 7.5-16 ton, EURO4, carbon dioxide, liquid refrigerant, cooling",metric ton*km
2713,"market for bottom ash, MSWI[F], waste wood pole, chrome preserved",kg
6027,"market for waste rubber, unspecified",kg
1364,"fibre production, jute, retting",kg
2715,"market for bottom ash, MSWI[F], wood ash mixture, pure",kg
8947,"treatment of waste rubber, unspecified, municipal incineration",MJ
5283,"market for sludge, NaCl electrolysis",kg
8363,"treatment of sewage sludge, 70% water, WWT, WW from maize starch production, municipal incineration FAE",MJ
5158,"market for sewage sludge, 75% water, WWT, WW from potato starch production",kg
8858,"treatment of waste polyethylene, municipal incineration",kWh
3698,market for hydrazine,kg
2046,"lithium carbonate production, from spodumene",kg
8544,"treatment of spent antifreezer liquid, hazardous waste incineration",kg
6965,"process-specific burdens, sanitary landfill",kg
4728,"market for reefer, intermodal shipping container, 40-foot, high-cube, carbon dioxide, liquid as refrigerant",unit
5895,"market for used toner module, laser printer, black/white",kg
4140,"market for mine infrastructure, gold",unit
1569,ground granulated blast furnace slag to generic market for supplementary cementitious materials,kg
8657,"treatment of used refrigerant R134a, reclamation",kg
5318,market for sodium oxide,kg
1286,"evaporation of natural gas, import from AU",m3
5049,"market for sawnwood, lath, softwood, dried (u=20%), planed",m3
6265,"mechanical treatment facility construction, waste electric and electronic equipment",unit
4775,"market for residues, MSWI, residue from mechanical treatment, desktop computer",kg
6229,"market group for land use change, forest, intensive",ha
6091,"market for weaned heifers, live weight",kg
3979,"market for machine operation, diesel, >= 74.57 kW, generators",hour
3106,market for cottonseed meal,kg
1372,"fibreboard production, hard",kg
2318,market for aluminium casting facility,unit
5377,market for spent automobile catalyst,kg
7466,"tillage, harrowing, by rotary harrow",ha
886,"diesel, burned in building machine",MJ
5715,"market for transport, passenger car, large size, diesel, EURO 4",km
4349,"market for packaging, for fertilisers or pesticides",kg
3112,"market for cover plaster, mineral",kg
7391,"synthetic fuel production, from coal, high temperature Fisher-Tropsch operations",kg
9000,"treatment of wastewater from particle board production, wastewater treatment",m3
4088,market for melamine,kg
6648,"paper production, woodcontaining, supercalendered",kg
8543,"treatment of spent anion exchange resin from potable water production, municipal incineration FAE",kWh
1669,"heat and power co-generation, oil",MJ
3764,market for inert waste,kg
4617,"market for power supply unit, for desktop computer",unit
3501,"market for furrow covering, sugarcane",ha
1240,"esterquat production, from coconut oil and palm kernel oil",kg
753,"concrete production, 35MPa, for building construction, with cement, CEM III/A",m3
4232,"market for non-Fe-Co-metals, from used Li-ion battery, pyrometallurgical processing",kg
2989,market for citric acid,kg
8542,"treatment of spent anion exchange resin from potable water production, municipal incineration",MJ
6194,"market for zinc coat, pieces",m2
3860,market for latex,kg
8341,"treatment of sewage sludge, 70% water, WWT, WW from GGBFS production, municipal incineration",kWh
4628,"market for printed wiring board mounting facility, through-hole mounting line",unit
103,airport construction,unit
6322,millet production,kg
5508,market for technical wood drying facility,unit
2897,market for cement plaster,m3
6780,"planing, beam, softwood, u=10%",kg
4200,market for natural gas processing plant,unit
7317,"steel turning, primarily dressing, computer numerical controlled",kg
6013,market for waste polypropylene,kg
4543,"market for polyethylene, linear low density, granulate",kg
429,"butyrolactone production, dehydrogenation of 1,4-butanediol",kg
8462,"treatment of sewage sludge, 75% water, WWT, WW from soft fibreboard production, sanitary landfill",MJ
6381,"natural gas pressure reduction, from high to low pressure",m3
3578,"market for green manure, organic, until April",ha
5067,market for seawater reverse osmosis module,m2
614,chromite ore concentrate production,kg
4255,market for nylon 6-6,kg
8080,"treatment of nickel smelter slag, residual material landfill",kg
2488,market for beryllium hydroxide,kg
4828,"market for residues, MSWI-WWT, WW from medium density board production",kg
8180,"treatment of residues, MSWI-WWT, WW from grass refinery, residual material landfill",kg
6943,"printed wiring board production, for surface mounting, Pb containing surface",m2
8380,"treatment of sewage sludge, 70% water, WWT, WW, average, municipal incineration FAE",MJ
2055,lithium sulfate production,kg
6418,"natural gas, high pressure, import from NL",m3
6423,"natural gas, high pressure, import from RU",m3
8105,"treatment of residue from mechanical treatment, desktop computer, municipal incineration",kg
7723,"treatment of antimony slag, water-quenched, residual material landfill",kg
5085,"market for sewage sludge, 70% water, WWT, WW from PV cell production",kg
3645,"market for heat and power co-generation unit, organic Rankine cycle, 1MWe, 6.4 MWth",unit
2824,market for cadmium sludge from zinc electrolysis,kg
2724,"market for bottom ash, MSWI[F]-WWT, WW from glass production",kg
4754,"market for residue from mechanical treatment, cathode ray tube display",kg
6626,"packing, fibre cement product",kg
4327,"market for organo-mineral potassium fertiliser, as K2O",kg
4580,market for potassium chloride sludge,kg
5964,market for waste emulsion paint,kg
5703,"market for transport, passenger aircraft, long haul",person*km
729,"concrete production, 25MPa, for building construction, for interior use, with cement, Portland",m3
3825,market for kraft paper,kg
4638,"market for printed wiring board, mounted mainboard, laptop computer, Pb free",kg
3479,"market for furnace, logs, softwood storage area, 100kW",unit
7530,"transport, freight, aircraft with reefer, freezing",metric ton*km
6834,polyester-complexed starch biopolymer production,kg
7849,"treatment of bottom ash, MSWI-WWT-SLF, waste paperboard, slag compartment",kg
7886,"treatment of bottom ash, MSWI[F], spent cation exchange resin from potable water production, slag compartment",kg
8158,"treatment of residues, MSWI, waste polyurethane, residual material landfill",kg
7713,"treatment of LDPE/Alu in waste juice carton (ambient), post-industrial, municipal incineration",MJ
8636,"treatment of used liquid crystal display, manual dismantling",kg
7425,"tempering, flat glass",kg
4930,"market for residues, MSWI[F]-WWT, WW from liquid crystal production",kg
5123,"market for sewage sludge, 70% water, WWT-SLF, waste newspaper",kg
5236,market for shale,kg
1833,"impact extrusion of steel, hot, 1 strokes",kg
2604,"market for bottom ash, MSWI-WWT, WW from LCD backlight production",kg
2822,market for cadmium,kg
3022,market for coffee maker,unit
3733,"market for impact extrusion of steel, hot, 1 strokes",kg
6337,"mine construction, vermiculite",unit
8060,"treatment of low level radioactive waste, in interim storage",m3
3279,"market for electronic component, passive, mobile, earpiece and speaker",kg
2048,lithium fluoride production,kg
8865,"treatment of waste polyethylene, open dump, wet infiltration class (500mm)",kg
4001,"market for maintenance, bus",unit
1959,lanthanum-cerium oxide to generic market for mischmetal,kg
3082,"market for cooling energy, at -160 °C",MJ
8065,"treatment of mill scale, residual material landfill",kg
8357,"treatment of sewage sludge, 70% water, WWT, WW from grass refinery, municipal incineration",MJ
2660,"market for bottom ash, MSWI[F], aluminium in car shredder residue",kg
4063,market for maneb,kg
7366,"sulfate pulp production, from softwood, unbleached",kWh
2328,"market for aluminium oxide, metallurgical",kg
550,"cement production, CP II-E",kg
5276,"market for slab and siding, softwood, wet, measured as dry mass",kg
8824,"treatment of waste plastic, consumer electronics, sanitary landfill, wet infiltration class (500mm)",kWh
8873,"treatment of waste polypropylene, municipal incineration",MJ
826,coriander production,kg
6267,"medium density fibreboard production, uncoated",m3
3785,"market for inverter, 0.5kW",unit
4701,market for rainwater mineral oil storage,m3
8245,"treatment of residues, MSWI[F], spent cation exchange resin from potable water production, residual material landfill",kg
1260,"ethoxylated alcohol (AE7) production, coconut oil",kg
8517,"treatment of sewage sludge, 97% water, WWT-SLF, waste paperboard, landfarming",kg
5139,"market for sewage sludge, 70% water, WWT[U], WW from lorry production",kg
1146,"electricity, high voltage, import from PT",kWh
6183,"market for yarn, cotton",kg
7689,"transport, passenger train, high-speed",person*km
2779,market for bromopropane,kg
2956,"market for chlorine, for reuse in titanium tetrachloride production",kg
5285,"market for small pelagic fish, fresh",kg
3152,"market for deinked pulp, wet lap",kg
9159,"water pump production, 22kW",unit
2356,"market for ammonia, anhydrous, liquid",kg
6002,"market for waste plastic, consumer electronics, sorted",kg
5342,"market for solar collector glass tube, with silver mirror",kg
3413,"market for fish oil, from anchovy",kg
4406,"market for petrol, two-stroke blend",kg
1131,"electricity, high voltage, import from MD",kWh
4908,"market for residues, MSWI[F], waste polystyrene",kg
3534,market for glass wool mat,kg
918,"diode production, auxilliaries and energy use",kg
7064,"retention aid production, for paper production",kg
9154,"water production, decarbonised",kg
5430,"market for storage building, chemicals, solid",unit
8457,"treatment of sewage sludge, 75% water, WWT, WW from medium density board production, sanitary landfill",kg
7745,"treatment of bottom ash, MSWI, LDPE in waste fresh milk carton (chilled), post-industrial, slag compartment",kg
4483,"market for pipeline, natural gas, long distance, low capacity, onshore",km
9032,"trimesoyl chloride production, for membrane filtration production",kg
5642,"market for transport, freight, lorry 7.5-16 metric ton, EURO3",metric ton*km
3588,market for hafnium sponge,kg
44,[sulfonyl]urea-compound production,kg
5606,"market for transmission network, electricity, high voltage direct current subsea cable",km
4257,market for o-aminophenol,kg
4458,"market for photovoltaic panel, single-Si wafer",m2
5898,"market for used train, passenger, long-distance",unit
5789,"market for tyre wear emissions, lorry",kg
474,"carrot seed production, Swiss integrated production, at farm",kg
7019,"rape seed production, for sowing",kg
5524,"market for textile, nonwoven polypropylene",kg
6564,"operation, computer, laptop, 68% active work with internet access 0.2 Mbit/s, electricity from renewable energy products",hour
3318,market for ethyl tert-butyl ether,kg
8807,"treatment of waste paperboard, unsanitary landfill, hyperarid infiltration class (-250mm)",kg
8377,"treatment of sewage sludge, 70% water, WWT, WW from wafer fabrication, municipal incineration",kg
8467,"treatment of sewage sludge, 75% water, WWT, condensate from light oil boiler, sanitary landfill",kg
3562,"market for grass seed, Swiss integrated production, at farm",kg
1491,"generator production, 200kW electrical",unit
515,"catch crop growing, sunflower, August-October, organic fertiliser 20 kg N",kg
7903,"treatment of bottom ash, MSWI[F], waste polyethylene terephthalate, slag compartment",kg
7605,"transport, freight, lorry with refrigeration machine, 7.5-16 ton, EURO5, R134a refrigerant, cooling",metric ton*km
9099,"ventilation control and wiring production, decentralized unit",unit
2098,"maintenance, bicycle",unit
3731,"market for impact extrusion of steel, cold, initial surface treatment",kg
2434,market for barley grain,kg
2524,market for bleach,kg
8446,"treatment of sewage sludge, 75% water, WWT, WW from LCD production, sanitary landfill",kg
3926,"market for lime, packed",kg
1975,latex production,kg
3711,"market for hydropower plant, run-of-river",unit
2697,"market for bottom ash, MSWI[F], waste plastic, consumer electronics",kg
123,aluminium chloride production,kg
2324,market for aluminium hydroxide factory,unit
3511,"market for gas power plant, 300MW electrical",unit
8421,"treatment of sewage sludge, 70% water, WWT-SLF, waste plastic, mixture, municipal incineration FAE",MJ
2206,market for 2-methyl-1-butanol,kg
4326,"market for organo-mineral phosphorus fertiliser, as P2O5",kg
6787,"planing, lath, hardwood, u=20%",m3
2380,"market for anode, graphite, for Li-ion battery",kg
4146,"market for mine infrastructure, open cast, lignite",unit
7460,"tillage, disking, with amendment",ha
7010,"raffinate to generic market for residual hydrocarbon mix, from steam cracking operations",kg
7274,soy-based resin production,kg
8445,"treatment of sewage sludge, 75% water, WWT, WW from LCD backlight production, sanitary landfill",kg
3168,"market for diesel, burned in diesel-electric generating set, 18.5kW",MJ
6089,"market for wax, lost-wax casting",kg
3693,"market for housing system, cattle, tied, per animal unit",unit
7833,"treatment of bottom ash, MSWI-WWT-SLF, inert waste, slag compartment",kg
6390,"natural gas, burned in micro gas turbine, 100kWe",kWh
4664,"market for propylene oxide, liquid",kg
5971,market for waste frit from cathode ray tube production,kg
1137,"electricity, high voltage, import from MY",kWh
1337,"fava bean, feed production, Swiss integrated production",kg
2491,"market for beverage carton, 1 L, for fresh milk (chilled)",unit
5668,"market for transport, freight, lorry with refrigeration machine, 3.5-7.5 ton, EURO6, R134a refrigerant, cooling",metric ton*km
3338,"market for exhaust air outlet, steel/aluminium, 85x365 mm",unit
9153,"water production, completely softened",kg
812,"cooling energy production, at -45 °C, R-134a compression refrigeration system 1 MW",MJ
6901,potassium perchlorate production,kg
4361,market for palm fruit bunch,kg
4519,"market for pointing device, optical mouse, with cable",unit
7939,"treatment of bottom ash, MSWI[F]-WWT, heat carrier liquid, 40% C3H8O2, slag compartment",kg
1587,"hard coal power plant construction, 500MW",unit
5607,"market for transmission network, electricity, medium voltage",km
2214,market for 4-methyl-2-pentanone,kg
4748,"market for residual wood, dry",m3
8953,"treatment of waste textile, soiled, municipal incineration",MJ
6772,"pipeline construction, petroleum",km
1,"1,1-difluoroethane production",kg
3347,market for explosives factory,unit
5530,"market for thermal spraying, cold spray, tungsten carbide-cobalt, on carbon steel substrate",m2
136,"aluminium milling, large parts",kg
8288,"treatment of residues, MSWI[F]-WWT, WW from pig iron production, residual material landfill",kg
4688,market for pyridine-compound,kg
2121,"maintenance, polymer electrolyte membrane fuel cell 2kW electrical",unit
8458,"treatment of sewage sludge, 75% water, WWT, WW from particle board production, sanitary landfill",kg
3531,market for glass from used cathode ray tube,kg
9105,"ventilation of dwellings, decentralized, 6 x 120 m3/h, polyethylene ducts",m2*year
6417,"natural gas, high pressure, import from NG",m3
3738,"market for impact extrusion of steel, hot, deformation stroke",kg
6767,"pipeline construction, natural gas, high pressure distribution network",km
3612,"market for hay, Swiss integrated production, extensive",kg
3748,market for indium,kg
5241,"market for shavings, softwood, measured as dry mass",kg
3828,"market for laminated timber element, transversally prestressed, for outdoor use",m3
1228,engineered wood joist production,m
2659,"market for bottom ash, MSWI-WWT[U], WW from lorry production",kg
8342,"treatment of sewage sludge, 70% water, WWT, WW from LCD backlight production, municipal incineration",kWh
497,"catalytic converter production, oxidation, 20 litre",unit
727,"concrete production, 25MPa, for building construction, for interior use, with cement ZN/D, with 50% RC-C aggregates",m3
8398,"treatment of sewage sludge, 70% water, WWT-SLF, sludge from pulp and paper production, municipal incineration FAE",kg
6118,"market for wind turbine network connection, 2MW, onshore",unit
7764,"treatment of bottom ash, MSWI, residue from mechanical treatment, laser printer, slag compartment",kg
2117,"maintenance, mini CHP plant",unit
6230,"market group for land use change, pasture, man made",ha
2171,manganese production,kg
5300,market for sodium cyanide,kg
5451,"market for sugar, from sugarcane",kg
1377,"field leveling, sugarcane",ha
4969,"market for resistor, surface-mounted",kg
2838,market for canal,m*year
7392,synthetic gas factory construction,unit
3524,"market for glass cullet, lead containing, from used cathode ray tube",kg
1528,gold mine operation and refining,kg
2870,"market for cast iron removed by turning, primarily dressing, conventional",kg
3572,market for green asparagus,kg
4205,"market for natural gas, liquefied",m3
6533,"oat seed production, Swiss integrated production, at farm",kg
4018,"market for maintenance, mini CHP plant",unit
2145,maize grain to generic market for energy feed,kg
310,benzaldehyde-2-sulfonic acid production,kg
102,"aircraft production, passenger aircraft, very short haul",unit
8798,"treatment of waste paperboard, municipal incineration FAE",kg
1412,"flux production, for wave soldering",kg
78,"agricultural machinery production, tillage",kg
7484,tissue paper production,kg
6155,"market for wood preservation, hot/cold dipping, creosote, outdoor use, ground contact",kg
1655,"heat and power co-generation, biogas, gas engine",kWh
5906,market for used ventilation control and wiring central unit,unit
981,"electricity production, compressed air energy storage",kWh
412,"building operation, luxury hotel",guest night
4967,"market for resistor, auxilliaries and energy use",kg
2873,"market for casting, aluminium, lost-wax",kg
1520,glued solid timber production,m3
4818,"market for residues, MSWI-WWT, WW from PV cell production",kg
2566,"market for bottom ash, MSWI, scrap tin sheet",kg
1439,"frozen fish sticks production, hake",kg
3771,"market for insulated gate bipolar transistor, electric vehicle application",kg
746,"concrete production, 30MPa, for building construction, with cement, CP-II-F",m3
5681,"market for transport, freight, lorry with refrigeration machine, 7.5-16 ton, EURO5, R134a refrigerant, freezing",metric ton*km
8383,"treatment of sewage sludge, 70% water, WWT, heat carrier liquid, 40% C3H8O2, municipal incineration",kWh
4365,"market for palm oil, refined",kg
6987,pulverised lignite production,MJ
6514,nutrient supply from triple superphosphate,kg
8198,"treatment of residues, MSWI-WWT-SLF, inert waste, residual material landfill",kg
8116,"treatment of residue from shredder fraction from manual dismantling, municipal incineration",kg
3002,market for coal gas,MJ
5174,"market for sewage sludge, 97% water, WWT, WW from ammonium paratungstate production",kg
1582,hard coal mine operation and hard coal preparation,kg
1664,"heat and power co-generation, natural gas, 500kW electrical, lean burn",MJ
5047,"market for sawnwood, lath, hardwood, raw, dried (u=20%)",m3
9130,"waste collection lorry production, 21 metric ton",unit
2418,"market for bagasse, from sugarcane",kg
1910,"irrigation, surface",m3
5507,market for tebuconazole,kg
2675,"market for bottom ash, MSWI[F], residue from mechanical treatment, laptop computer",kg
7582,"transport, freight, lorry with refrigeration machine, 3.5-7.5 ton, EURO3, R134a refrigerant, freezing",metric ton*km
4923,"market for residues, MSWI[F]-WWT, WW from LCD production",kg
1212,"energy and auxilliary inputs, metal working factory, with heating from light fuel oil",kg
3773,"market for integrated battery interface system, for Li-ion battery",kg
49,"acetamide-anillide-compound production, unspecified",kg
1487,"gas power plant construction, 300MW electrical",unit
1605,"hardwood forestry, birch, sustainable forest management",kg
1047,"electricity voltage transformation, residual mix, from high to medium voltage",kWh
1348,"ferrous metal, in mixed metal scrap, Recycled Content cut-off",kg
4687,market for pyridine,kg
4540,"market for polyethylene terephthalate, granulate, bottle grade, recycled",kg
1789,"housing system construction, cattle, tied",unit
3327,market for ethylene glycol dimethyl ether,kg
6366,"mowing, by rotary or sickle mower",ha
5857,"market for used intermodal shipping container, 20-foot",unit
6528,o-cresol production,kg
109,alkyl sulphate (C12-14) production,kg
1731,"heat production, softwood chips from forest, at furnace 5000kW",MJ
2244,"market for abrasive blasting, alumina, carbon steel substrate",m2
2237,"market for NOx retained, by selective catalytic reduction",kg
6516,nutrient supply from urea ammonium nitrate mix,kg
6709,phosphate rock beneficiation,kg
3871,"market for leachate, SLF, sludge from pulp and paper production",m3
5764,market for trichloroborane,kg
6471,"nuclear fuel element production, for pressure water reactor, UO2 4.2% centrifuge & MOX",kg
4501,"market for planting, by no till drill",ha
2164,malusil production,kg
1098,"electricity, high voltage, import from CZ",kWh
4644,"market for printer, laser, black/white",unit
290,"battery production, lead acid, rechargeable, stationary",kg
7153,"sheep for slaughtering, live weight to generic market for red meat, live weight",kg
8197,"treatment of residues, MSWI-WWT-SLF, hard coal ash, residual material landfill",kg
6410,"natural gas, high pressure, import from ID",m3
6809,"plastic flake, consumer electronics, for recycling, Recycled Content cut-off",kg
724,"concrete production, 25MPa, for building construction, exposure class XC1, with cement, unspecified",m3
900,dimethenamide production,kg
7120,"scandium oxide to generic market for electrolyte, for solid oxide fuel cell",kg
6391,"natural gas, burned in polymer electrolyte membrane fuel cell 2kWe, future",kWh
4530,market for polyester-complexed starch biopolymer,kg
6518,"nutrient supply from vinasse, from fermentation of sugar beet molasses",kg
3265,"market for electricity, medium voltage, cobalt industry",kWh
5330,"market for sodium silicate, without water, in 48% solution state",kg
4296,"market for operation, computer, laptop, 68% active work with internet access 0.2 Mbit/s, electricity from renewable ener",hour
3546,market for glued solid timber,m3
5890,"market for used sealing tape aluminium/PE, 50 mm wide",m
4391,"market for peanut seed, for sowing",kg
1202,"electronic component production, active, unspecified",kg
2672,"market for bottom ash, MSWI[F], residue from mechanical treatment, LCD",kg
2278,"market for air compressor, screw-type compressor, 4kW",unit
2546,"market for bottom ash, MSWI, biowaste",kg
2716,"market for bottom ash, MSWI[F], zinc in car shredder residue",kg
6126,"market for wind turbine, small-scale, 6kW, onshore",unit
4368,market for paper machine,unit
2280,"market for air filter, central unit, 600 m3/h",unit
2441,"market for barley seed, for sowing",kg
461,"capacitor production, film type, for through-hole mounting",kg
1543,"grass production, permanent grassland, Swiss integrated production, extensive",kg
8446,"treatment of sewage sludge, 75% water, WWT, WW from LCD production, sanitary landfill",kWh
2802,"market for butadiene, crude",kg
6970,prohexadione calcium production,kg
1373,"fibreboard production, soft, from wet & dry processes",m3
1469,"furnace production, wood chips, softwood storage area, 1000kW",unit
3295,"market for enriched uranium, 4.2%",kg
931,"display production, liquid crystal, 17 inches",unit
895,diesel-electric generating set production 18.5kW,unit
42,NPK (15-15-15) fertiliser production,kg
8591,"treatment of used blower and heat exchange unit, Avent E 97",unit
5743,"market for transport, passenger train",person*km
8584,"treatment of used air distribution terminal panel, steel, 120 m3/h",unit
9243,"wood preservation, spray tunnel/deluging, water-based preservative, indoor use, dry",kg
3086,market for copper cake,kg
7658,"transport, passenger car, electric",km
8062,"treatment of low level radioactive waste, surface or trench deposit",m3
836,cottonseed to generic market for energy feed,MJ
4811,"market for residues, MSWI, waste wood pole, chrome preserved",kg
6105,"market for wheat grain, organic",kg
2125,"maintenance, solid oxide fuel cell, with micro gas turbine, 180kW electrical, future",unit
3148,market for deep well closure,m
5785,market for tubular particleboard,m3
1508,"glass wool mat production, with phenolic binder, uncoated, Saint-Gobain ISOVER SA",kg
8105,"treatment of residue from mechanical treatment, desktop computer, municipal incineration",MJ
2116,"maintenance, micro gas turbine, 100kW electrical",unit
1860,"industrial machine production, heavy, unspecified",kg
2386,market for anthraquinone,kg
8908,"treatment of waste polyurethane, open burning",kg
5021,market for sawmill,unit
7367,"sulfidic tailing, off-site, high gold content, Recycled Content cut-off",kg
5875,market for used perfluoropentane,kg
3994,"market for magnesium, for reuse in zirconium sponge production",kg
2330,"market for aluminium removed by drilling, computer numerical controlled",kg
8687,"treatment of waste asphalt, sanitary landfill",kg
7195,"sodium aluminate production, powder",kg
8447,"treatment of sewage sludge, 75% water, WWT, WW from PV cell production, sanitary landfill",kWh
1661,"heat and power co-generation, natural gas, 160kW electrical, lambda=1",kWh
6932,"powertrain production, for electric scooter",kg
4956,"market for residues, MSWI[F]-WWT-SLF, waste plastic, mixture",kg
7646,"transport, helicopter",hour
2209,market for 2-nitroaniline,kg
8722,"treatment of waste emulsion paint, on wood, collection for final disposal",kg
5064,market for scrap tin sheet,kg
1895,"iron ore mine operation, 46% Fe",kg
8971,"treatment of waste wood, untreated, unsanitary landfill, dry infiltration class (100mm)",kg
1379,"finishing, textile, knit cotton",kg
2782,"market for bronze scrap, post-consumer",kg
4420,"market for phosgene, liquid",kg
575,charcoal production,kg
1493,geothermal power plant construction,unit
6325,"mine construction, gold and silver",unit
8348,"treatment of sewage sludge, 70% water, WWT, WW from ammonium paratungstate production, municipal incineration",kg
5804,"market for uranium, enriched 3.8%, per separative work unit",unit
8958,"treatment of waste wire plastic, municipal incineration FAE",kWh
7295,"sputtering, indium tin oxide, for liquid crystal display",m3
6905,potato haulm cutting,ha
3925,"market for lime, hydraulic",kg
2445,market for base plaster,kg
8960,"treatment of waste wood pole, chrome preserved, municipal incineration FAE",kWh
1549,"grass seed production, organic, for sowing",kg
7857,"treatment of bottom ash, MSWI-WWT-SLF, waste polyvinylchloride, slag compartment",kg
651,clefting/splitting of energy wood,hour
1159,"electricity, high voltage, import from SY",kWh
45,[thio]carbamate-compound production,kg
8404,"treatment of sewage sludge, 70% water, WWT-SLF, waste bitumen, municipal incineration FAE",MJ
5738,"market for transport, passenger car, small size, natural gas, EURO 5",km
1414,foam glass factory construction,unit
8393,"treatment of sewage sludge, 70% water, WWT-SLF, refinery sludge, municipal incineration FAE",MJ
6321,milking parlour construction,unit
2853,"market for carboxymethyl cellulose, powder",kg
784,concrete slab production,m3
3796,"market for iron scrap, sorted, pressed",kg
3550,market for glycine,kg
3992,"market for magnesium, for reuse in hafnium sponge production",kg
7610,"transport, freight, lorry with refrigeration machine, 7.5-16 ton, EURO6, R134a refrigerant, freezing",metric ton*km
2234,market for NMC111 oxide,kg
8550,"treatment of spent cation exchange resin from potable water production, municipal incineration FAE",MJ
1120,"electricity, high voltage, import from IN-Northern grid",kWh
3506,"market for garage, wood, non-insulated, fire-protected",m2
2167,"mandarin production, sorted and graded",kg
8243,"treatment of residues, MSWI[F], scrap tin sheet, residual material landfill",kg
5003,market for samarium oxide,kg
8074,"treatment of municipal solid waste, sanitary landfill",kg
8130,"treatment of residues, MSWI, residue from mechanical treatment, LCD, residual material landfill",kg
5000,market for salicylic acid,kg
8684,"treatment of used window frame, wood, collection for final disposal",m2
6583,"operation, intermodal shipping container, 45-foot, high-cube",kg*day
3782,"market for internet access, videoconference, 0.7 Mbit/s",hour
63,acrylic acid production,kg
3552,market for glyphosate,kg
2033,"liquefied petroleum gas production, petroleum refinery operation",kg
3754,"market for inductor, low value multilayer chip",kg
3499,"market for furnace, wood chips, with silo, 50kW",unit
3147,"market for deep drawing, steel, 650 kN press, single stroke",kg
5044,"market for sawnwood, lath, hardwood, dried (u=10%), planed",m3
728,"concrete production, 25MPa, for building construction, for interior use, with cement ZN/D, with <30% RC-M aggregates",kg
1232,"epoxy resin insulator, SiO2 production",kg
5228,"market for sewage sludge, dried",kg
6389,"natural gas, burned in gas turbine",MJ
1183,"electricity, low voltage, European attribute mix",kWh
6449,"nickel concentrate, 16% Ni to generic market for nickel-rich materials",kg
8057,"treatment of lignite ash, sanitary landfill",kWh
2649,"market for bottom ash, MSWI-WWT-SLF, waste polyethylene",kg
1380,"finishing, textile, woven cotton",kg
5709,"market for transport, passenger car with internal combustion engine",km
8416,"treatment of sewage sludge, 70% water, WWT-SLF, waste paperboard, municipal incineration",kg
2303,"market for alkyd paint, white, without water, in 60% solution state",kg
7875,"treatment of bottom ash, MSWI[F], residue from mechanical treatment, LCD, slag compartment",kg
3069,"market for containerboard, linerboard",kg
5698,"market for transport, freight, sea, tanker for petroleum",metric ton*km
1609,"hardwood forestry, mixed species, sustainable forest management",kg
4516,"market for plug, inlet and outlet, for network cable",unit
6642,paper machine production,unit
6149,"market for wood preservation, dipping/immersion method, organic solvent-based, indoor use, dry",kg
4012,"market for maintenance, light commercial vehicle",unit
6889,portafer production,kg
9095,vegetable oil esterification facility construction,unit
2850,"market for carbon fibre reinforced plastic, injection moulded",kg
3846,"market for laser machining, metal, with CO2-laser, 2700W power",hour
2980,"market for chromium steel removed by milling, large parts",kg
4504,"market for planting, by row crop planter",ha
3822,market for kerosene,kg
3838,"market for land use change, perennial crop",ha
4917,"market for residues, MSWI[F], waste wire plastic",kg
6570,"operation, computer, laptop, video mode, electricity from renewable energy products",hour
5101,"market for sewage sludge, 70% water, WWT, WW from tube collector production",kg
1235,establishing orchard,unit
6774,piperidine production,kg
1013,"electricity production, photovoltaic, 3kWp facade installation, single-Si, panel, mounted",kWh
8891,"treatment of waste polystyrene, open dump, dry infiltration class (100mm)",kg
3411,market for fish freezing plant,unit
5672,"market for transport, freight, lorry with refrigeration machine, 7.5-16 ton, EURO3, R134a refrigerant, cooling",metric ton*km
4932,"market for residues, MSWI[F]-WWT, WW from pig iron production",kg
6003,"market for waste plastic, consumer electronics, unsorted",kg
8251,"treatment of residues, MSWI[F], waste emulsion paint, residual material landfill",kg
7627,"transport, freight, sea, tanker for petroleum",metric ton*km
7825,"treatment of bottom ash, MSWI-WWT, WW from tube collector production, slag compartment",kg
2509,"market for bitumen adhesive compound, hot",kg
9236,"wood preservation, hot/cold dipping, creosote, outdoor use, ground contact",kg
469,"carbon fibre reinforced plastic, injection moulded",kg
4904,"market for residues, MSWI[F], waste plastic, mixture",kg
6910,"potato seed production, Swiss integrated production, for setting",kg
7034,"recultivation, iron mine",m2
1768,"heavy fuel oil, import from RoW",kg
1540,grass fibre to generic market for energy feed,MJ
5041,"market for sawnwood, hardwood, raw",m3
3587,"market for gypsum, mineral",kg
9029,triethyl amine production,kg
560,"cement production, ZN/D, new alternative constituents 36-50%, in conformity with SIA 2049",kg
8165,"treatment of residues, MSWI, waste vapour barrier, flame-retarded, residual material landfill",kg
8110,"treatment of residue from mechanical treatment, laptop computer, municipal incineration FAE",kg
5099,"market for sewage sludge, 70% water, WWT, WW from potato starch production",kg
1775,"heptane to generic market for solvent, organic",kg
777,"concrete production, 40MPa, with cement, CEM II/B-V",m3
5466,"market for sulfidic tailings, generic",kg
2198,"market for 2,4-di-tert-butylphenol",kg
3143,"market for deep drawing, steel, 3500 kN press, single stroke",kg
9077,"uranium production, enriched 4.2%, centrifugal enrichment",kg
8737,"treatment of waste glass, open dump, dry infiltration class (100mm)",kg
4905,"market for residues, MSWI[F], waste polyethylene",kg
4626,market for printed wiring board mounting facility,unit
211,"application of plant protection product, by field sprayer",ha
1655,"heat and power co-generation, biogas, gas engine",MJ
911,dimethylamine production,kg
6649,"paper production, woodfree, coated, at integrated mill",kg
8761,"treatment of waste graphical paper, unsanitary landfill, wet infiltration class (500mm)",kg
4498,"market for planting with starter fertiliser or amendment, by subsoiler/v-ripper planter",ha
3354,market for fatty acid methyl ester,kg
1107,"electricity, high voltage, import from FR",kWh
7453,thulium oxide to generic market for mischmetal,kg
8262,"treatment of residues, MSWI[F], waste polyethylene, residual material landfill",kg
3230,market for drying of protein pea,l
908,dimethyl sulfoxide production,kg
6863,"polystyrene foam slab with graphite, 6% recycled",kg
2372,market for anhydrite rock,kg
2285,market for air separation facility,unit
3876,"market for leachate, SLF, waste glass",m3
3044,"market for concentrated solar power plant, solar tower, 20 MW",unit
6966,"process-specific burdens, slag landfill",kg
7219,sodium methoxide production,kg
1671,"heat and power co-generation, wood chips, 2000 kW, state-of-the-art 2014",MJ
8419,"treatment of sewage sludge, 70% water, WWT-SLF, waste plastic plaster, municipal incineration FAE",kg
7276,soybean meal and crude oil production,kg
1835,"impact extrusion of steel, hot, 3 strokes",kg
4846,"market for residues, MSWI-WWT-SLF, residue from cooling tower",kg
4499,"market for planting with starter fertiliser, by no till planter",ha
9086,"used nitrate salts, for solar power application to market for nitrate salts, for solar power application",kg
546,"cement production, CEM IV/A",kg
1200,electronic component factory construction,unit
677,"coke production, wet quenching",MJ
8434,"treatment of sewage sludge, 70% water, WWT-SLF, waste wood, untreated, municipal incineration",kWh
7165,"silicon production, electronics grade",kg
8804,"treatment of waste paperboard, open dump, wet infiltration class (500mm)",kg
3721,"market for impact extrusion of aluminium, 5 strokes",kg
5834,"market for used blower and heat exchange unit decentralized, 180-250 m3/h",unit
5616,"market for transport, freight, conveyor belt",metric ton*km
2454,market for basic oxygen furnace waste,kg
1725,"heat production, natural gas, at industrial furnace low-NOx >100kW",MJ
433,"cable production, data cable in infrastructure",m
3305,market for ethane,kg
2953,"market for chipper, stationary, electric",unit
8702,"treatment of waste cement-fibre slab, dismantled, municipal incineration",kg
6195,"market for zinc coat, pieces, adjustment per micro-m",m2
8895,"treatment of waste polystyrene, open dump, wet infiltration class (500mm)",kg
852,dairy construction,m3
7727,"treatment of average incineration residue, residual material landfill",kg
5633,"market for transport, freight, lorry 3.5-7.5 metric ton, EURO1",metric ton*km
3868,"market for leachate, SLF, refinery sludge",m3
5586,"market for toner module, laser printer, black/white",unit
8475,"treatment of sewage sludge, 97% water, WWT, WW from LCD production, landfarming",kg
7822,"treatment of bottom ash, MSWI-WWT, WW from plywood production, slag compartment",kg
8433,"treatment of sewage sludge, 70% water, WWT-SLF, waste polyvinylchloride, municipal incineration FAE",kWh
7203,sodium chloride to generic market for de-icer,kg
3607,"market for harvesting, forestry harvester",hour
62,acrolein production,kg
2417,"market for backlight, for liquid crystal display",kg
8222,"treatment of residues, MSWI-WWT-SLF, waste polyvinylchloride, residual material landfill",kg
5537,market for thionyl chloride,kg
8335,"treatment of scrap tin sheet, municipal incineration",kg
9209,"wind turbine network connection construction, small-scale, 6kW, onshore",unit
6264,meat and bone meal to generic market for protein feed,kg
1176,"electricity, high voltage, natural gas, import from Germany",kWh
455,calcium nitrate production,kg
2799,market for burnt shale,kg
585,chicken production,kg
130,aluminium hydroxide production,kg
324,biogas production from grass,kg
6450,"nickel mine operation and benefication to nickel concentrate, 16% Ni",kg
108,"alkyd resin production, long oil, product in 70% white spirit solution state",kg
3212,market for dolomite quarry infrastructure,unit
471,carbon tetrachloride production,kg
7407,"tap water production, conventional with biological treatment",kg
7927,"treatment of bottom ash, MSWI[F]-WWT, WW from glass production, slag compartment",kg
7240,sodium silver thiosulfate production,kg
6837,"polyether polyols production, short chain",kg
6292,methacrylic acid production,kg
837,"cottonseed, organic to generic market for energy feed",MJ
1298,"evaporation of natural gas, import from US",m3
980,"electricity production, cobalt industry",kWh
1847,"impact extrusion of steel, warm, initial warming",kg
4076,"market for manure, liquid, cattle",kg
8042,"treatment of leachate, SLF, waste polyethylene terephthalate, wastewater treatment",m3
3294,market for energy wood harvester,unit
6266,mecoprop production,kg
7252,"softwood forestry, pine, sustainable forest management",m3
1933,"laminated timber element production, for outdoor use",m3
8272,"treatment of residues, MSWI[F], waste vapour barrier, flame-retarded, residual material landfill",kg
4167,"market for mixed natural gas and biomethane, high pressure",m3
4708,"market for rape seed, organic, for sowing",kg
3820,market for kaolin,kg
484,"cast iron milling, small parts",kg
4153,"market for mine infrastructure, treatment of sulfidic tailing, off-site, high gold content",unit
718,"concrete production, 20MPa, self-construction, for building construction, with cement, type IP",m3
8408,"treatment of sewage sludge, 70% water, WWT-SLF, waste graphical paper, municipal incineration",kWh
2825,market for cadmium sludge from zinc electrolysis stockpiling,kg
4792,"market for residues, MSWI, waste packaging paper",kg
9137,"waste paperboard, sorted, Recycled Content cut-off",kg
4180,"market for mounting, surface mount technology, Pb-containing solder",m2
7271,"sound insulation construction, heat and power co-generation unit, 160kW electrical",unit
6624,"packing, cement",kg
2576,"market for bottom ash, MSWI, waste glass",kg
8088,"treatment of rainwater mineral oil storage, wastewater treatment",m3
1305,expanded perlite production,kg
2423,market for bamboo pole,kg
7260,"solar glass production, low-iron",kg
2930,"market for cement, type IP/P",kg
3485,"market for furnace, pellets, 9kW",unit
8129,"treatment of residues, MSWI, residue from mechanical treatment, IT accessory, residual material landfill",kg
7740,"treatment of biowaste, municipal incineration FAE",MJ
9272,"yarn production, silk, long fibre",kg
4568,"market for polyvinylchloride, suspension polymerised",kg
8011,"treatment of hard coal ash, sanitary landfill",kg
4046,"market for maize seed, Swiss integrated production, for sowing",kg
6960,"process-specific burdens, hazardous waste incineration plant",kg
3638,"market for heat and power co-generation unit, 6400kW thermal, building",unit
4424,"market for phosphoric acid, fertiliser grade, without water, in 70% solution state",kg
5254,market for silica sand,kg
4067,market for manganese sulfate,kg
5337,market for sodium tripolyphosphate,kg
8803,"treatment of waste paperboard, open dump, very wet infiltration class (1000mm)",kg
2168,maneb production,kg
4836,"market for residues, MSWI-WWT, WW from wafer fabrication",kg
8985,"treatment of wastewater from anaerobic digestion of whey, wastewater treatment, rural",MJ
8643,"treatment of used lorry, 40 metric ton",unit
8627,"treatment of used intermodal shipping container, 40-foot",unit
6415,"natural gas, high pressure, import from MX",m3
8894,"treatment of waste polystyrene, open dump, very wet infiltration class (1000mm)",kg
1969,"laser machining, metal, with YAG-laser, 330W power",hour
3551,market for glyoxal,kg
6393,"natural gas, burned in solid oxide fuel cell, with micro gas turbine, 180kWe, future",MJ
1025,"electricity production, photovoltaic, 3kWp slanted-roof installation, single-Si, laminated, integrated",kWh
2138,"maize grain processing, dry milling",kg
8944,"treatment of waste reinforcement steel, collection for final disposal",kg
3229,market for drying of maize straw and whole-plant,l
9163,"water works construction, capacity 1.1E10l/year, direct filtration treatment",unit
6483,nutrient supply from NPK (26-15-15) fertiliser,kg
5245,"market for sheep for slaughtering, live weight",kg
2771,"market for brass removed by turning, primarily dressing, conventional",kg
1007,"electricity production, oil",kWh
7301,stearic acid production,kg
5768,market for triethanolamine,kg
2641,"market for bottom ash, MSWI-WWT-SLF, waste glass",kg
943,"dried roughage store construction, air dried, solar",m3
5774,market for trimethyl borate,kg
3108,"market for cottonseed oil, refined",kg
1247,ethanol production from sugar beet,kg
2848,"market for carbon dioxide, liquid",kg
8927,"treatment of waste polyvinylchloride, open dump, very wet infiltration class (1000mm)",kg
6251,market group for waste paperboard,kg
7815,"treatment of bottom ash, MSWI-WWT, WW from grass refinery, slag compartment",kg
454,calcium chloride to generic market for de-icer,kg
2575,"market for bottom ash, MSWI, waste expanded polystyrene",kg
4636,"market for printed wiring board, mounted mainboard, desktop computer, Pb free",kg
6468,"nuclear fuel element production, for pressure water reactor, UO2 3.9% & MOX",kg
4139,"market for mine infrastructure, bauxite",unit
4988,"market for rutile, 95% titanium dioxide",kg
1821,"impact extrusion of aluminium, 5 strokes",kg
6368,mulching,ha
221,"asparagus seedling production, for planting",unit
5832,market for used blower and heat exchange unit Twl-700,unit
3139,market for decommissioned tram track,m*year
2585,"market for bottom ash, MSWI, waste polyethylene",kg
5376,market for spent antifreezer liquid,kg
9221,"wood cladding production, softwood",kg
7169,"silicon production, single crystal, Czochralski process, photovoltaics",kg
8194,"treatment of residues, MSWI-WWT, condensate from light oil boiler, residual material landfill",kg
8402,"treatment of sewage sludge, 70% water, WWT-SLF, waste asphalt, municipal incineration FAE",kg
2922,"market for cement, Portland SR3",kg
8350,"treatment of sewage sludge, 70% water, WWT, WW from black chrome coating, municipal incineration FAE",kg
5631,"market for transport, freight, lorry 16-32 metric ton, unregulated",metric ton*km
6838,"polyether polyols production, short chain, ISOPA",kg
70,activated bentonite production,kg
4765,"market for residues, MSWI, aluminium in car shredder residue",kg
8403,"treatment of sewage sludge, 70% water, WWT-SLF, waste bitumen, municipal incineration",kWh
8617,"treatment of used exhaust air roof hood, steel, DN 400",unit
3135,"market for decommissioned airport infrastructure, contaminated gravel",unit
6969,prochloraz production,kg
1184,"electricity, low voltage, photovoltaic, import from Germany",kWh
8797,"treatment of waste paperboard, municipal incineration",MJ
3045,market for concrete block,kg
3401,"market for filter cake, from sugarcane juice filtration",kg
8041,"treatment of leachate, SLF, waste plastic, mixture, wastewater treatment",m3
8464,"treatment of sewage sludge, 75% water, WWT, WW from vegetable oil refinery, sanitary landfill",kWh
7677,"transport, passenger car, medium size, petrol, EURO 5",km
2193,market for 1-methylcyclopropene,kg
8900,"treatment of waste polystyrene, unsanitary landfill, very wet infiltration class (1000mm)",kg
4889,"market for residues, MSWI[F], spent cation exchange resin from potable water production",kg
4993,"market for rye grain, organic",kg
7729,"treatment of bagasse, from sweet sorghum, in heat and power co-generation unit, 6400kW thermal",kWh
2419,"market for bagasse, from sweet sorghum",kg
175,ammonium carbonate production,kg
1986,"lean concrete production, for building construction, with cement ZN/D, with 100% RC-M aggregates",kg
3901,market for lentil,kg
4582,market for potassium hydroxide,kg
3625,"market for heat and power co-generation unit, 1MWel, 6.4MWth",unit
5110,"market for sewage sludge, 70% water, WWT-SLF, lignite ash",kg
1386,fish freezing plant construction and maintenance,unit
6241,market group for tap water,kg
5438,market for stretch blow moulding,kg
9268,"yarn production, cotton, ring spinning, for knitting",kg
5983,"market for waste natural gas, sour",MJ
7834,"treatment of bottom ash, MSWI-WWT-SLF, lignite ash, slag compartment",kg
6670,"peanut production, reduced tillage",kg
5156,"market for sewage sludge, 75% water, WWT, WW from pig iron production",kg
1081,"electricity, high voltage, import from CA-ON",kWh
5102,"market for sewage sludge, 70% water, WWT, WW from vegetable oil refinery",kg
6248,market group for waste glass,kg
354,"blast furnace sludge to market for blast furnace sludge, for recovery",kg
6785,"planing, board, softwood, u=20%",kg
8155,"treatment of residues, MSWI, waste polyethylene, residual material landfill",kg
5170,"market for sewage sludge, 97% water, WWT, WW from GGBFS production",kg
3099,market for copper-rich materials,kg
6996,"purse seiner construction, wood",kg
4787,"market for residues, MSWI, waste cement-fibre slab, dismantled",kg
5065,"market for seal, natural rubber based",kg
8970,"treatment of waste wood, untreated, sanitary landfill",kWh
7485,"tissue paper production, virgin",kg
3997,market for magnetite,kg
8878,"treatment of waste polypropylene, open dump, moist infiltration class (300mm)",kg
1356,fibre cement facing tile production,kg
5005,market for sand,kg
1741,"heat production, wood chips from industry, at furnace 300kW",MJ
5652,"market for transport, freight, lorry >32 metric ton, EURO6",metric ton*km
8095,"treatment of refinery sludge, sanitary landfill",kWh
8703,"treatment of waste cement-fibre slab, dismantled, municipal incineration FAE",MJ
5084,"market for sewage sludge, 70% water, WWT, WW from LCD production",kg
7768,"treatment of bottom ash, MSWI, scrap steel, slag compartment",kg
5239,"market for shavings, hardwood, measured as dry mass",kg
8869,"treatment of waste polyethylene, unsanitary landfill, moist infiltration class (300mm)",kg
2437,"market for barley grain, feed, Swiss integrated production",kg
2768,"market for brass removed by turning, average, computer numerical controlled",kg
8959,"treatment of waste wood pole, chrome preserved, municipal incineration",kWh
5461,"market for sulfidic tailings, from copper mine operation",kg
8651,"treatment of used purse seiner, wood",kg
8337,"treatment of scrap tin sheet, sanitary landfill",MJ
3442,market for foam glass factory,unit
1324,"fatty alcohol production, from coconut oil",kg
3384,market for fibre cement roof slate,kg
8729,"treatment of waste glass pane in burnable frame, collection for final disposal",kg
9011,"treatment of water discharge from petroleum/natural gas extraction, onshore",kg
763,"concrete production, 37MPa, for civil engineering, with cement, CEM II/A",m3
6179,"market for wooden board factory, organic bonded boards",unit
3261,"market for electricity, low voltage",kWh
7510,"train production, passenger, regional",unit
1785,"hot rolling, steel",kg
9060,"uranium fuel element production, enriched 3.9%, for light water reactor",kg
6848,"polyethylene terephthalate production, granulate, bottle grade, recycled",kg
3514,"market for gas turbine, 80MW, for compressed air energy storage",unit
8601,"treatment of used capacitor, to hazardous waste incineration",kg
7230,sodium perchlorate production,kg
6422,"natural gas, high pressure, import from QA",m3
679,colemanite mine operation and beneficiation,kg
3426,"market for fleece, polyethylene",kg
1738,"heat production, untreated waste wood, at furnace 1000-5000 kW, state-of-the-art 2014",kg
5865,market for used liquid crystal display module,kg
2997,"market for cleft timber, measured as dry mass",kg
8468,"treatment of sewage sludge, 75% water, WWT, heat carrier liquid, 40% C3H8O2, sanitary landfill",kg
755,"concrete production, 35MPa, for building construction, with cement, CP-II-E",m3
8226,"treatment of residues, MSWI-WWT[R], WW from anaerobic digestion of whey, residual material landfill",kg
2021,"lime production, milled, packed",kg
4872,"market for residues, MSWI[F], aluminium in car shredder residue",kg
740,"concrete production, 30MPa, for building construction, for interior use, with cement ZN/D",m3
3336,"market for excavation, hydraulic digger",m3
8727,"treatment of waste frit from cathode ray tube production, residual material landfill",kg
9222,wood pellet factory production,unit
1875,intensive beef cattle production on pasture,kg
5234,"market for sewer grid, rural",m3
8121,"treatment of residues, MSWI, aluminium in car shredder residue, residual material landfill",kg
8533,"treatment of slaughterhouse waste, rendering",kg
4742,market for reinforcing steel,kg
1638,"heat and power co-generation unit construction, 200kW electrical, diesel SCR, components for electricity only",unit
9111,"ventilation system production, decentralized, 6 x 120 m3/h, polyethylene ducts",unit
8326,"treatment of scrap aluminium, municipal incineration",kg
1985,"lean concrete production, for building construction, with cement ZN/D",m3
4121,market for methyl iodide,kg
8405,"treatment of sewage sludge, 70% water, WWT-SLF, waste emulsion paint, municipal incineration",kg
4964,"market for residues, MSWI[F]-WWT-SLF, wood ash mixture, pure",kg
1473,"furnace production, wood chips, with silo, 300kW",unit
806,"cooling energy production, at -100 °C, R-134a-carbon dioxide-ethylene compression refrigeration system 1 MW",MJ
1004,"electricity production, nuclear, boiling water reactor",kWh
4496,"market for planting with starter fertiliser or amendment, by no till planter",ha
4177,market for monoethanolamine,kg
6487,nutrient supply from ammonium nitrate phosphate,kg
5868,"market for used lorry with refrigeration machine, 16 metric ton",unit
2127,"maintenance, tanker, for liquefied natural gas",unit
3437,"market for fluosilicic acid, without water, in 22% solution state",kg
7258,"solar collector system installation, Cu flat plate collector, one-family house, hot water",unit
6779,"planing, beam, hardwood, u=20%",m3
7970,"treatment of coating from waste cathode ray tube display, municipal incineration",kg
573,ceramic tile production,kg
4390,"market for peanut seed, at farm",kg
7103,"sawing, hardwood",m3
2393,"market for application of plant protection product, by airplane",ha
3409,market for fish curing plant,unit
1743,"heat production, wood chips from industry, at furnace 5000kW",MJ
5136,"market for sewage sludge, 70% water, WWT-SLF, wood ash mixture, pure",kg
7241,"sodium sulfate production, from natural sources",kg
4656,market for prohexadione calcium,kg
5290,"market for sodium aluminate, powder",kg
4800,"market for residues, MSWI, waste polypropylene",kg
1674,"heat and power co-generation, wood chips, 6667 kW, state-of-the-art 2014, renewable energy products",MJ
7493,tofu production,kg
6096,"market for welding, gas, steel",m
2872,"market for cast iron removed by turning, primarily roughing, conventional",kg
5694,"market for transport, freight, sea, container ship with reefer, freezing",metric ton*km
100,"aircraft production, passenger aircraft, medium haul",unit
9185,"wheat grain, feed production, organic",kg
157,"aluminium turning, primarily roughing, computer numerical controlled",kg
3953,market for lithium manganese oxide,kg
2139,maize grain production,kg
8021,"treatment of leachate, SLF, hard coal ash, wastewater treatment",m3
8725,"treatment of waste expanded polystyrene, municipal incineration FAE",kWh
6586,"operation, liquid manure storage and processing facility",m3
6199,market for zinc oxide,kg
1536,granulated blast furnace slag to generic market for supplementary cementitious materials,kg
7585,"transport, freight, lorry with refrigeration machine, 3.5-7.5 ton, EURO4, R134a refrigerant, cooling",metric ton*km
4486,"market for pipeline, petroleum, offshore",km
3207,"market for display, liquid crystal, 17 inches",unit
6250,market group for waste packaging paper,kg
6869,"polystyrene production, high impact",kg
8660,"treatment of used refrigerant R600a, venting",kg
7638,"transport, freight, small lorry with refrigeration machine, EURO5, R134a refrigerant, cooling to generic market",metric ton*km
4557,"market for polystyrene, extruded",kg
8385,"treatment of sewage sludge, 70% water, WWT, rainwater mineral oil storage, municipal incineration",kg
2985,"market for chromium steel removed by turning, primarily dressing, conventional",kg
3824,market for kiwi,kg
367,"blower and heat exchange unit production, Twl-700",unit
6385,"natural gas production, low pressure, vehicle grade",kg
6083,"market for water works, capacity 6.23E10l/year",unit
3610,"market for harvesting/bundling, energy wood harvester",hour
5969,market for waste fibreboard,kg
8415,"treatment of sewage sludge, 70% water, WWT-SLF, waste paint, municipal incineration FAE",kg
8089,"treatment of raw sewage sludge, municipal incineration",kg
1097,"electricity, high voltage, import from CR",kWh
5473,market for sulfur stockpiling,kg
1211,"energy and auxilliary inputs, metal working factory, with heating from heavy fuel oil",kg
99,"aircraft production, passenger aircraft, long haul",unit
1950,"land use change, forest, intensive",ha
2701,"market for bottom ash, MSWI[F], waste polyethylene terephthalate",kg
1073,"electricity, high voltage, import from BT",kWh
8896,"treatment of waste polystyrene, sanitary landfill",kWh
9177,wheat bran to generic market for energy feed,MJ
2385,market for anthranilic acid,kg
697,"compressed air production, 600 kPa gauge, >30kW, optimized generation",m3
2005,"lightweight concrete block production, expanded clay",kg
8300,"treatment of residues, MSWI[F]-WWT-SLF, residue from cooling tower, residual material landfill",kg
8828,"treatment of waste plastic, mixture, municipal incineration",MJ
5813,market for urea ammonium nitrate mix,kg
4225,market for nitric oxide,kg
3600,"market for hard disk drive, for desktop computer",unit
1464,"furnace production, wood chips, average storage area, 300kW",unit
8847,"treatment of waste polyethylene terephthalate, open dump, hyperarid infiltration class (-250mm)",kg
3191,market for dinitroaniline-compound,kg
8827,"treatment of waste plastic, industrial electronics, municipal incineration FAE",kg
547,"cement production, CEM IV/B",kg
7109,sawmill construction,unit
2362,market for ammonium nitrite,kg
738,"concrete production, 30MPa, exposure classes XC3/XD2/XF1/XA1, with cement, unspecified",kg
1984,lead concentrate stockpiling,kg
1712,"heat production, mixed logs, at wood heater 6kW",MJ
610,chlorothalonil production,kg
3788,"market for inverter, for electric passenger car",kg
9132,"waste packaging glass, unsorted, Recycled Content cut-off",kg
8777,"treatment of waste newspaper, municipal incineration",kWh
8905,"treatment of waste polyurethane, inert material landfill",kg
8716,"treatment of waste emulsion paint, collection for final disposal",kg
6446,navy bean production,kg
5653,"market for transport, freight, lorry >32 metric ton, unregulated",metric ton*km
1822,"impact extrusion of aluminium, cold, initial surface treatment",kg
4236,"market for non-sulfidic tailing, off-site",kg
3290,"market for energy requirement for assembly of heat and power co-generation unit, 160kW electrical",unit
6732,"photovoltaic laminate production, ribbon-Si",m2
5860,"market for used intermodal shipping container, 45-foot, high-cube",unit
6873,polyurethane adhesive production,kg
6037,market for waste yarn and waste textile,kg
8117,"treatment of residue from shredder fraction from manual dismantling, municipal incineration FAE",kWh
2643,"market for bottom ash, MSWI-WWT-SLF, waste gypsum",kg
7028,"rare earth tailings, from bastnaesite and monazite ore, Recycled Content cut-off",kg
8989,"treatment of wastewater from concrete production, wastewater treatment",m3
463,"capacitor production, tantalum-, for through-hole mounting",kg
2639,"market for bottom ash, MSWI-WWT-SLF, waste bitumen",kg
5957,"market for waste cement-fibre slab, dismantled",kg
4396,market for pentaerythritol,kg
825,core board production,kg
1145,"electricity, high voltage, import from PL",kWh
2348,"market for aluminium, in mixed metal scrap",kg
6270,melamine production,kg
330,"biomethane production, high pressure from synthetic gas, wood, fluidised technology",m3
4882,"market for residues, MSWI[F], residue from mechanical treatment, desktop computer",kg
3601,"market for hard disk drive, for laptop computer",unit
5408,"market for steel removed by milling, large parts",kg
6240,market group for sweet corn,kg
7101,"sawing and planing, azobe, air dried",m3
8560,"treatment of spent solvent mixture, hazardous waste incineration, with energy recovery",MJ
3708,"market for hydropower plant, reservoir",unit
5783,market for tube insulation factory,unit
390,"brass turning, primarily roughing, conventional",kg
8359,"treatment of sewage sludge, 70% water, WWT, WW from hard fibreboard production, municipal incineration",kWh
2092,"magnesium, for reuse in titanium sponge production, to generic market for magnesium",kg
6789,"planing, lath, softwood, u=20%",kg
4757,"market for residue from mechanical treatment, laptop computer",kg
7103,"sawing, hardwood",kg
7366,"sulfate pulp production, from softwood, unbleached",kg
4233,market for non-ferrous metal smelter,unit
1977,"lath, hardwood, raw, kiln drying to u=10%",m3
1142,"electricity, high voltage, import from NO",kWh
1766,"heavy fuel oil production, petroleum refinery operation",kg
8778,"treatment of waste newspaper, municipal incineration FAE",kWh
4999,market for ryegrass-red&Egyptian clover-mixture silage,kg
4760,"market for residue from rutile production, synthetic, 56% water",kg
1354,"fibre and fabric waste, polyester, Recycled Content cut-off",kg
3153,"market for deinking emulsion, in paper production",kg
4695,"market for quicklime, milled, loose",kg
5526,"market for textile, woven cotton",kg
8163,"treatment of residues, MSWI, waste sealing sheet, polyvinylchloride, residual material landfill",kg
7191,"soda ash production, dense, Hou's process",kg
1617,"harvesting, sugarcane",ha
4535,"market for polyethylene pipe, DN 200, SDR 41",m
7424,"tellurium production, semiconductor-grade",kg
7735,"treatment of bilge oil, hazardous waste incineration",kg
9234,"wood preservation, dipping/immersion, water-based preservative, indoor use, occasionally wet",kg
4259,market for o-chlorotoluene,kg
8844,"treatment of waste polyethylene terephthalate, municipal incineration FAE",kg
5830,market for used blower and heat exchange unit KWLC 1200,unit
5088,"market for sewage sludge, 70% water, WWT, WW from ceramic production",kg
6320,milking,kg
6372,municipal waste incineration facility construction,unit
5721,"market for transport, passenger car, large size, petrol, EURO 4",km
723,"concrete production, 25-30MPa, with cement, Portland",m3
964,"electric arc furnace secondary metallurgy slag, for recovery, Recycled Content cut-off",kg
3484,"market for furnace, pellets, 25kW",unit
4311,"market for operation, housing system, pig, per pig place, electricity from renewable energy products",unit
8681,"treatment of used ventilation control and wiring, central unit",unit
2081,"machine operation, diesel, >= 74.57 kW, steady-state",hour
2543,"market for bottom ash, MSWI, LDPE/Alu in waste UHT milk carton (ambient), post-industrial",kg
8371,"treatment of sewage sludge, 70% water, WWT, WW from potato starch production, municipal incineration FAE",MJ
2144,"maize grain production, second crop",kg
8444,"treatment of sewage sludge, 75% water, WWT, WW from GGBFS production, sanitary landfill",kWh
4328,"market for organophosphorus-compound, unspecified",kg
5590,"market for tower silo, plastic",m3
4397,market for pentane,kg
4224,"market for nitric acid, without water, in 50% solution state",kg
247,"bark chips, wet, measured as dry mass to generic market for residual hardwood, wet",m3
4536,"market for polyethylene pipe, corrugated, DN 75",m
4724,"market for red kidney bean seed, for sowing",kg
71,"activated carbon production, granular from hard coal",kg
8392,"treatment of sewage sludge, 70% water, WWT-SLF, refinery sludge, municipal incineration",kWh
2111,"maintenance, light commercial vehicle",unit
577,"charger production, for electric scooter",kg
7477,tin mine operation,kg
8307,"treatment of residues, MSWI[F]-WWT-SLF, waste gypsum, residual material landfill",kg
5927,"market for ventilation system, decentralized, 6 x 120 m3/h, polyethylene ducts",unit
7887,"treatment of bottom ash, MSWI[F], steel in car shredder residue, slag compartment",kg
3193,market for dioctyl adipate,kg
420,butane to generic market for generic C4 hydrocarbons,kg
2624,"market for bottom ash, MSWI-WWT, WW from wafer fabrication",kg
3015,market for cobwork,kg
917,dioctyl terephthalate production,kg
1375,"fibreboard production, soft, latex bonded",m3
3209,market for dithiocarbamate-compound,kg
8951,"treatment of waste sealing sheet, polyvinylchloride, municipal incineration",kg
6615,"packaging glass production, green",kg
6637,palm oil mill operation,kg
2800,market for bus,unit
1754,"heat pump production, 30kW",unit
4155,"market for mine infrastructure, underground, non-ferrous metal",unit
9246,"wood preservation, vacuum pressure method, inorganic salt, containing Cr, outdoor use, ground contact",kg
1484,"gas motor production, 206kW",unit
2129,"maintenance, tanker, for petroleum",unit
7769,"treatment of bottom ash, MSWI, scrap tin sheet, slag compartment",kg
6580,"operation, intermodal shipping container, 20-foot",kg*day
1642,"heat and power co-generation unit construction, 500kW electrical, components for heat only",unit
1737,"heat production, untreated waste wood, at furnace 1000-5000 kW",kg
3119,market for cucumber,kg
5729,"market for transport, passenger car, medium size, natural gas, EURO 5",km
4023,"market for maintenance, refrigeration machine",unit
5092,"market for sewage sludge, 70% water, WWT, WW from hard fibreboard production",kg
816,copper carbonate production,kg
5053,"market for sawnwood, softwood, dried (u=10%), planed",m3
840,cross-laminated timber production,kg
482,"cast iron milling, dressing",kg
6751,"photovoltaic slanted-roof installation, 3kWp, multi-Si, laminated, integrated, on roof",unit
8355,"treatment of sewage sludge, 70% water, WWT, WW from glass production, municipal incineration",MJ
1310,explosives factory construction,unit
1771,heavy water production,kg
7711,"treatment of LDPE in waste fresh milk carton (chilled), post-industrial, municipal incineration",MJ
1858,"industrial furnace production, natural gas",unit
8624,"treatment of used industrial electronic device, mechanical treatment",kg
4863,"market for residues, MSWI-WWT-SLF, waste polypropylene",kg
5855,market for used industrial electronic device,kg
1688,"heat production, biomethane, low pressure, at diffusion absorption heat pump 4kW, future",MJ
335,"biomethane, low pressure burned in polymer electrolyte membrane fuel cell 2kWe, future",MJ
6151,"market for wood preservation, dipping/immersion method, organic solvent-based, outdoor use, no ground contact",kg
4332,market for oxalic acid,kg
7112,"sawnwood production, hardwood, raw, dried (u=10%)",m3
2029,"limestone, crushed, washed to generic market for supplementary cementitious materials",kg
320,"beverage carton production, 1 L, for UHT milk (ambient)",unit
399,"bronze scrap, post-consumer to generic market for bronze",kg
2753,"market for bottom ash, MSWI[F]-WWT-SLF, waste polyethylene",kg
797,"containerboard production, unspecified",kg
9223,wood pellet production,kg
8103,"treatment of residue from mechanical treatment, cathode ray tube display, municipal incineration",MJ
3517,market for generic C4 hydrocarbons,kg
5819,market for used Ni-metal hydride battery,kg
8463,"treatment of sewage sludge, 75% water, WWT, WW from tube collector production, sanitary landfill",kg
2580,"market for bottom ash, MSWI, waste paint",kg
7734,"treatment of basic oxygen furnace waste, residual material landfill",kg
7527,"transport, freight train, electricity",metric ton*km
6189,market for yttrium oxide,kg
3964,market for low level radioactive waste for final repository,m3
148,"aluminium scrap, new, Recycled Content cut-off",kg
6599,"orange production, processing grade",kg
5818,market for used Li-ion battery,kg
5714,"market for transport, passenger car, large size, diesel, EURO 3",km
4377,"market for paper, woodfree, uncoated",kg
5713,"market for transport, passenger car, electric",km
8432,"treatment of sewage sludge, 70% water, WWT-SLF, waste polyvinylchloride, municipal incineration",MJ
4110,market for metamitron,kg
4697,market for radish,kg
4876,"market for residues, MSWI[F], lead in car shredder residue",kg
5480,market for sunflower silage,kg
5175,"market for sewage sludge, 97% water, WWT, WW from black chrome coating",kg
4719,"market for recultivation, iron mine",m2
8004,"treatment of glass cullet, lead containing, from used cathode ray tube, 0% water, inert material landfill",kg
7162,"silica fume, densified, Recycled Content cut-off",kg
632,"clay brick production, extruded",kg
1378,"filter cake, from sugarcane juice filtration, Recycled Content cut-off",kg
7092,samarium oxide to generic market for mischmetal,kg
640,"cleaning consumables, without water, in 13.6% solution state",kg
7616,"transport, freight, lorry, all sizes, EURO4 to generic market for transport, freight, lorry, unspecified",metric ton*km
9120,"vinasse, from fermentation of sugarcane, Recycled Content cut-off",kg
2852,market for carbon tetrachloride,kg
8018,"treatment of inert waste, sanitary landfill",kWh
926,dishwasher production,unit
6852,"polylactic acid production, granulate",kg
2887,"market for cathode, for aluminium electrolysis",kg
9085,"used beverage cans, Recycled Content cut-off",kg
6942,"printed wiring board production, for power supply unit, desktop computer, Pb free",kg
5634,"market for transport, freight, lorry 3.5-7.5 metric ton, EURO2",metric ton*km
3495,"market for furnace, wood chips, softwood storage area, 50kW",unit
6223,market group for heavy fuel oil,kg
1752,"heat production, wood pellet, at furnace 9kW",MJ
1683,"heat production, at hot water tank, solar+gas, flat plate, one-family house",MJ
1167,"electricity, high voltage, import from US-TRE",kWh
4622,"market for precious metal from electronics scrap, in anode slime",kg
5546,"market for tillage, disking, with amendment",ha
8190,"treatment of residues, MSWI-WWT, WW from tube collector production, residual material landfill",kg
5615,"market for transport, freight, aircraft, very short haul",metric ton*km
1231,"epoxy resin insulator, Al2O3 production",kg
988,"electricity production, high voltage, for Swiss Federal Railways",kWh
8413,"treatment of sewage sludge, 70% water, WWT-SLF, waste packaging paper, municipal incineration",kWh
6197,market for zinc in car shredder residue,kg
6307,methylamine production,kg
602,chloroacetyl chloride production,kg
22,"3-methyl-1-butyl acetate production",kg
8339,"treatment of sewage sludge, 70% water, WWT, WW from CRT production, municipal incineration",kWh
4250,"market for nuclear waste storage, final repository for low level radioactive waste",unit
6048,market for wastewater from ceramic production,m3
8849,"treatment of waste polyethylene terephthalate, open dump, very wet infiltration class (1000mm)",kg
5762,market for triazine-compound,kg
6735,"photovoltaic module production, building-integrated, for slanted-roof installation",m2
3648,"market for heat carrier liquid, 40% C3H8O2",m3
6588,"operation, printer, laser, colour, per kg printed paper",kg
5060,market for scrap copper,kg
5187,"market for sewage sludge, 97% water, WWT, WW from potato starch production",kg
6479,"nuclear waste storage construction, final repository for low level radioactive waste",unit
491,"cast iron turning, primarily roughing, conventional",kg
1447,"furnace production, logs, 30kW",unit
5835,market for used bus,unit
873,desulfurisation of hard coal flue gas,kg
8122,"treatment of residues, MSWI, biowaste, residual material landfill",kg
8113,"treatment of residue from mechanical treatment, liquid crystal display, municipal incineration",kg
1757,"heat pump production, for mini CHP plant",unit
5173,"market for sewage sludge, 97% water, WWT, WW from PV cell production",kg
483,"cast iron milling, large parts",kg
7206,sodium cyanide production,kg
6510,"nutrient supply from poultry manure, dried",kg
8554,"treatment of spent oxychlor catalyst, hazardous waste incineration, with energy recovery",kWh
8358,"treatment of sewage sludge, 70% water, WWT, WW from grass refinery, municipal incineration FAE",kg
1449,"furnace production, logs, average storage area, 100kW",unit
6589,"operation, reefer, cooling, 40-foot, high-cube, R134a as refrigerant",kg*day
4590,market for potato,kg
7342,structural timber production,kg
8750,"treatment of waste graphical paper, open burning",kg
118,"aluminium alloy production, AlMg3",kg
7526,"transport, freight train, diesel, with particle filter",metric ton*km
8325,"treatment of salt tailing from potash mine, residual material landfill",kg
6130,"market for window frame, wood-metal, U=1.6 W/m2K",m2
6702,"phenol production, cumene oxidation",kg
3083,"market for cooling energy, at -25 °C",MJ
489,"cast iron turning, primarily dressing, conventional",kg
6166,"market for wood preservation, vacuum pressure method, organic salts, Cr-free, outdoor use, ground contact",kg
4197,market for naphthalene sulfonic acid,kg
8539,"treatment of spent Formox catalyst base from formaldehyde production, residual material landfill",kg
3326,market for ethylene glycol diethyl ether,kg
2722,"market for bottom ash, MSWI[F]-WWT, WW from ceramic production",kg
5525,"market for textile, silk",kg
3098,"market for copper, cathode",kg
5571,"market for titania slag, 85% titanium dioxide",kg
1331,"fatty alcohol sulfate production, petrochemical",kg
7313,"steel production, electric, low-alloyed",MJ
155,"aluminium turning, primarily dressing, computer numerical controlled",kg
8673,"treatment of used train, passenger, regional",unit
5319,"market for sodium perborate, monohydrate, powder",kg
4706,"market for rape seed, for sowing",kg
8725,"treatment of waste expanded polystyrene, municipal incineration FAE",MJ
5151,"market for sewage sludge, 75% water, WWT, WW from hard fibreboard production",kg
284,"battery production, Li-ion, LiMn2O4, rechargeable, prismatic",kg
994,"electricity production, hydro, reservoir, tropical region",kWh
3337,"market for excavation, skid-steer loader",m3
868,"deep well drilling, for geothermal power, onshore, 6000m",m
9221,"wood cladding production, softwood",m2
8958,"treatment of waste wire plastic, municipal incineration FAE",MJ
8914,"treatment of waste polyurethane, sanitary landfill",kg
2302,"market for alkyd paint, white, without solvent, in 60% solution state",kg
3586,market for gypsum plasterboard,kg
8843,"treatment of waste polyethylene terephthalate, municipal incineration",MJ
8391,"treatment of sewage sludge, 70% water, WWT-SLF, municipal solid waste, municipal incineration FAE",kWh
4860,"market for residues, MSWI-WWT-SLF, waste plastic, mixture",kg
7408,"tap water production, direct filtration treatment",kg
1300,"excavation, skid-steer loader",m3
3388,"market for fibre, flax, long, scutched",kg
8428,"treatment of sewage sludge, 70% water, WWT-SLF, waste polystyrene, municipal incineration",kg
8369,"treatment of sewage sludge, 70% water, WWT, WW from plywood production, municipal incineration FAE",kg
7900,"treatment of bottom ash, MSWI[F], waste plastic, consumer electronics, slag compartment",kg
4803,"market for residues, MSWI, waste polyvinylchloride",kg
4367,market for papaya,kg
439,"cable yarder production, trailer-mounted",unit
6884,"polyvinylfluoride, film production",kg
6853,polymer foaming,kg
6226,"market group for inorganic potassium fertiliser, as K2O",kg
3184,market for dimethyl sulfide,kg
6157,"market for wood preservation, oscillating pressure method, organic salt, Cr-free, outdoor use, ground contact",kg
8371,"treatment of sewage sludge, 70% water, WWT, WW from potato starch production, municipal incineration FAE",kWh
3254,"market for electricity, for reuse in municipal waste incineration only",kWh
7943,"treatment of bottom ash, MSWI[F]-WWT-SLF, residue from cooling tower, slag compartment",kg
6986,"pulpwood, softwood, measured as solid wood under bark, import from Europe without Switzerland",m3
3189,market for dimethylaminopropylamine,kg
3348,"market for extrusion of plastic sheets and thermoforming, inline",kg
6341,"mine infrastructure construction, underground, uranium",unit
9273,"yarn production, silk, short fibre",kg
4147,"market for mine infrastructure, open cast, non-ferrous metal",unit
5741,"market for transport, passenger car, small size, petrol, EURO 5",km
2988,"market for chromium trioxide, flakes",kg
5726,"market for transport, passenger car, medium size, liquefied petroleum gas, EURO 5",km
2389,market for antimony,kg
738,"concrete production, 30MPa, exposure classes XC3/XD2/XF1/XA1, with cement, unspecified",m3
9076,"uranium production, diffusion, enriched 4.2%",unit
711,concrete mixing factory construction,unit
7479,"tin plating, pieces",m2
8242,"treatment of residues, MSWI[F], residue from shredder fraction from manual dismantling, residual material landfill",kg
7231,sodium persulfate production,kg
4853,"market for residues, MSWI-WWT-SLF, waste glass",kg
5700,"market for transport, freight, train with reefer, freezing",metric ton*km
4890,"market for residues, MSWI[F], steel in car shredder residue",kg
5308,market for sodium hydrogen sulfite,kg
2494,market for bilge oil,kg
4333,"market for oxygen, liquid",kg
6508,nutrient supply from potassium nitrate,kg
133,aluminium melting furnace production,unit
8695,"treatment of waste building wood, chrome preserved, municipal incineration",kg
7813,"treatment of bottom ash, MSWI-WWT, WW from concrete production, slag compartment",kg
6613,"packaging glass production, brown",kg
1736,"heat production, straw, organic, at furnace 300kW",MJ
1275,ethylene glycol monoethyl ether production,kg
5578,"market for titanium, triple-melt",kg
403,"building construction, hall, steel construction",m2
7628,"transport, freight, small lorry with refrigeration machine, EURO3, CO2 refrigerant, cooling to generic market",metric ton*km
512,"catch crop growing, ryegrass-red&Egyptian clover-mixture, August-April, organic fertiliser 80 kg N, three cuts",kg
8030,"treatment of leachate, SLF, waste asphalt, wastewater treatment",m3
8935,"treatment of waste polyvinylfluoride, municipal incineration",kg
6231,"market group for land use change, perennial crop",ha
6212,"market group for concrete, normal strength",m3
5882,market for used railway track,m*year
8431,"treatment of sewage sludge, 70% water, WWT-SLF, waste polyurethane, municipal incineration FAE",kg
5386,market for spinach,kg
1287,"evaporation of natural gas, import from DZ",m3
8358,"treatment of sewage sludge, 70% water, WWT, WW from grass refinery, municipal incineration FAE",kWh
1306,expanded vermiculite production,kg
4287,"market for operation, computer, desktop, with cathode ray tube display, active mode",hour
8931,"treatment of waste polyvinylchloride, unsanitary landfill, hyperarid infiltration class (-250mm)",kg
4674,market for pulverised lignite,MJ
5669,"market for transport, freight, lorry with refrigeration machine, 3.5-7.5 ton, EURO6, R134a refrigerant, freezing",metric ton*km
6058,market for wastewater from maize starch production,m3
2503,"market for biowaste, garden waste",kg
509,"catch crop growing, ryegrass-Egyptian&Persian clover-mixture, August-October, organic fertiliser 30 kg N, two cuts",kg
2932,"market for cement, type S",kg
2448,market for basic oxygen furnace secondary metallurgy slag,kg
7540,"transport, freight, conveyor belt",metric ton*km
1237,esterification of rape oil,kg
837,"cottonseed, organic to generic market for energy feed",kg
1279,"ethylenediaminetetraacetic acid production, alkaline cyanomethylation of ethylenediamine",kg
6816,"platinum group metal, extraction and refinery operations",kg
7981,"treatment of damaged clay roof tile, glazed, open dump",kg
1266,"ethyl tert-butyl ether production, from bioethanol",kg
3830,"market for land tenure, arable land, measured as carbon net primary productivity, annual crop",kg
3803,"market for iron(III) chloride, without water, in a 12% iron solution state",kg
4371,market for paper sack,kg
743,"concrete production, 30MPa, for building construction, with cement, CEM III/A",m3
5905,"market for used vegetable cooking oil, purified",kg
7979,treatment of crust from Parkes process for lead production,kg
1586,"hard coal power plant construction, 100MW",unit
1779,hexamethylenediamine production,kg
1809,"hydropower plant construction, reservoir, alpine region",unit
6805,"planting, tree",unit
8666,"treatment of used silencer, steel, DN 315, 50 mm",unit
1694,"heat production, hardwood chips from forest, at furnace 1000kW, state-of-the-art 2014",MJ
8646,"treatment of used powertrain for electric passenger car, manual dismantling",kg
1686,"heat production, at solar+wood heating, flat plate, one-family house, combined system",MJ
5498,"market for tall oil, crude",kg
2012,lignite dust factory construction,unit
1681,"heat production, at hot water tank, solar+electric, flat plate, multiple dwelling",MJ
1777,"hexamethyldisilazane production, amination of chlorosilane",kg
7664,"transport, passenger car, large size, natural gas, EURO 5",km
7168,"silicon production, single crystal, Czochralski process, electronics",kg
8420,"treatment of sewage sludge, 70% water, WWT-SLF, waste plastic, mixture, municipal incineration",kg
6253,market group for waste polyethylene,kg
8777,"treatment of waste newspaper, municipal incineration",MJ
36,"NCA hydroxide production, for Li-ion battery",kg
2292,"market for aircraft, dedicated freight, medium haul",unit
3225,market for drying of feed grain,l
7345,styrene-acrylonitrile copolymer production,kg
6981,protein pea production,kg
6899,"potassium nitrate production, industrial grade",kg
7364,"sulfate pulp production, from hardwood, bleached",MJ
8320,"treatment of residues, MSWI[F]-WWT-SLF, wood ash mixture, pure, residual material landfill",kg
1078,"electricity, high voltage, import from CA-NB",kWh
4823,"market for residues, MSWI-WWT, WW from glass production",kg
1472,"furnace production, wood chips, with silo, 1000kW",unit
2154,"maize seed production, organic, at farm",kg
2084,"magnesium chloride, from titanium sponge production, Recycled Content cut-off",kg
7268,"solvent production, organic",kg
3802,"market for iron(III) chloride, without water, in 40% solution state",kg
7398,tall oil refinery operation,kg
7695,"transport, passenger, electric bicycle, electricity from renewable energy products",person*km
8996,"treatment of wastewater from liquid crystal production, wastewater treatment",MJ
4721,"market for recultivation, potash salt mine",m2
6582,"operation, intermodal shipping container, 40-foot, high-cube",kg*day
6534,"oat seed production, for sowing",kg
4137,market for mill scale,kg
5143,"market for sewage sludge, 75% water, WWT, WW from LCD production",kg
3984,"market for machine, for treatment of waste electric and electronic equipment",unit
9015,"treatment of wood ash mixture, pure, sanitary landfill",MJ
9191,white lined chipboard carton production,kg
7318,"steel turning, primarily dressing, conventional",kg
1654,"heat and power co-generation unit construction, organic Rankine cycle, 3MW electrical",unit
6545,olive production,kg
3590,market for hair dryer,unit
4609,"market for power adapter, for smartphone",unit
6430,"natural gas, liquefied, import from AU",m3
3107,"market for cottonseed oil, crude",kg
59,acetyl chloride production,kg
1707,"heat production, lignite briquette, at stove 5-15kW",MJ
593,"chlor-alkali electrolysis, membrane cell",kg
5780,market for trisodium phosphate,kg
9131,"waste newspaper, Recycled Content cut-off",kg
7819,"treatment of bottom ash, MSWI-WWT, WW from medium density board production, slag compartment",kg
8061,"treatment of low level radioactive waste, plasma torch incineration",m3
1225,"energy use and operation emissions, electric bicycle",km
5280,market for sludge from FeCl3 production,kg
7757,"treatment of bottom ash, MSWI, raw sewage sludge, slag compartment",kg
6502,nutrient supply from monoammonium phosphate,kg
8879,"treatment of waste polypropylene, open dump, very wet infiltration class (1000mm)",kg
6706,phenyl isocyanate production,kg
2891,market for cauliflower,kg
8456,"treatment of sewage sludge, 75% water, WWT, WW from maize starch production, sanitary landfill",kg
5006,market for sand-lime brick,kg
6749,"photovoltaic slanted-roof installation, 3kWp, a-Si, laminated, integrated, on roof",unit
7914,"treatment of bottom ash, MSWI[F], waste vapour barrier, flame-retarded, slag compartment",kg
6134,"market for wood chipping, chipper, mobile, diesel, at forest road",hour
3259,"market for electricity, high voltage, for internal use in coal mining",kWh
664,"coconut oil production, crude",kg
6362,"mounting, through-hole technology, Pb-containing solder",m2
1672,"heat and power co-generation, wood chips, 6667 kW",kWh
7388,"sweetening, natural gas",m3
3094,market for copper smelting facility,unit
6383,"natural gas production, high pressure, vehicle grade",kg
8723,"treatment of waste emulsion paint, sanitary landfill",kg
6160,"market for wood preservation, spray tunnel/deluging, organic solvent-based, indoor use, occasionally wet",kg
6554,"operation, computer, desktop, with cathode ray tube display, office use",hour
1191,"electrode production, positive, LaNi5",kg
460,"capacitor production, electrolyte type, > 2cm height",kg
5281,market for sludge from pulp and paper production,kg
2523,market for blasting,kg
7625,"transport, freight, sea, tanker for liquefied natural gas",metric ton*km
2159,maize starch production,kg
9075,"uranium production, diffusion, enriched 4.0%",unit
285,"battery production, Li-ion, NCA, rechargeable, prismatic",kg
4234,market for non-ionic surfactant,kg
8309,"treatment of residues, MSWI[F]-WWT-SLF, waste paint, residual material landfill",kg
1887,"inverter production, 2.5kW",unit
4035,"market for maintenance, transmission network, electricity, high voltage direct current land cable",km*year
607,chloronitrobenzene production,kg
1301,"exhaust air outlet production, steel/aluminium, 85x365 mm",unit
1998,"light fuel oil production, petroleum refinery operation",kg
240,barite production,kg
6867,"polystyrene production, extruded, HFC-152a blown",kg
4476,market for pineapple,kg
3772,"market for insulation spiral-seam duct, rockwool, DN 400, 30 mm",m
476,"carton board box production service, with gravure printing",kg
6345,"mini CHP plant production, components for heat only",unit
5796,market for uranium enrichment diffusion facility,unit
7065,rhodium to generic market for metal catalyst for catalytic converter,kg
1368,"fibre, silk, short to generic market for silky fibres",kg
9065,"uranium mine operation, open cast",kg
6066,market for wastewater from tube collector production,m3
3898,market for lead smelter slag,kg
2050,lithium hydroxide production,kg
5717,"market for transport, passenger car, large size, natural gas, EURO 3",km
3000,"market for clover seed, Swiss integrated production, at farm",kg
8142,"treatment of residues, MSWI, waste building wood, chrome preserved, residual material landfill",kg
4537,"market for polyethylene terephthalate, granulate, amorphous",kg
7098,sanitary ceramics production,kg
1689,"heat production, borehole heat exchanger, brine-water heat pump 10kW",MJ
5799,"market for uranium ore, as U",kg
2890,"market for cattle for slaughtering, live weight",kg
6220,"market group for heat, central or small-scale, other than natural gas",MJ
6802,"planting, by row crop planter",ha
5208,"market for sewage sludge, 97% water, WWT-SLF, waste glass",kg
8112,"treatment of residue from mechanical treatment, laser printer, municipal incineration FAE",kg
811,"cooling energy production, at -25 °C, propylene compression refrigeration system 1 MW",MJ
6049,market for wastewater from concrete production,m3
8261,"treatment of residues, MSWI[F], waste polyethylene terephthalate, residual material landfill",kg
3351,"market for extrusion, plastic pipes",kg
7384,sweet corn production,kg
2399,market for arsine,kg
4136,market for milking parlour,unit
4467,"market for photovoltaic slanted-roof installation, 3kWp, ribbon-Si, panel, mounted, on roof",unit
1966,"laser machining, metal, with YAG-laser, 120W power",hour
5777,market for triphenyl phosphate,kg
2190,"market for 1,4-butanediol",kg
8621,"treatment of used glider, electric scooter, shredding",kg
1424,folding boxboard carton production,kg
4209,"market for natural gas, vented",m3
5611,"market for transport, freight, aircraft, long haul",metric ton*km
7858,"treatment of bottom ash, MSWI-WWT-SLF, waste wood, untreated, slag compartment",kg
6563,"operation, computer, laptop, 68% active work with internet access 0.2 Mbit/s",hour
9199,"wind power plant construction, 800kW, fixed parts",unit
7190,soap production,kg
4982,"market for road, company, internal",m2*year
8647,"treatment of used powertrain, electric scooter, manual dismantling",kg
8403,"treatment of sewage sludge, 70% water, WWT-SLF, waste bitumen, municipal incineration",MJ
5934,"market for vinasse, from fermentation of sugar beet",kg
2756,"market for bottom ash, MSWI[F]-WWT-SLF, waste polystyrene",kg
1737,"heat production, untreated waste wood, at furnace 1000-5000 kW",MJ
3129,market for damaged clay material,kg
7792,"treatment of bottom ash, MSWI, waste polyurethane, slag compartment",kg
2902,"market for cement, CEM II/A-S",kg
9173,"weed control, by brush cutter, pasture",ha
5511,"market for tempering, flat glass",kg
5635,"market for transport, freight, lorry 3.5-7.5 metric ton, EURO3",metric ton*km
8459,"treatment of sewage sludge, 75% water, WWT, WW from pig iron production, sanitary landfill",kg
1021,"electricity production, photovoltaic, 3kWp slanted-roof installation, multi-Si, panel, mounted",kWh
2698,"market for bottom ash, MSWI[F], waste plastic, industrial electronics",kg
4373,"market for paper, newsprint",kg
7475,"tillage, subsoiling, by subsoiler plow",ha
8887,"treatment of waste polystyrene isolation, flame-retardant, collection for final disposal",kg
2221,"market for EDTA, ethylenediaminetetraacetic acid",kg
5116,"market for sewage sludge, 70% water, WWT-SLF, waste aluminium",kg
4915,"market for residues, MSWI[F], waste textile, soiled",kg
3778,"market for intermodal shipping container, 40-foot, high-cube",unit
5433,market for straw,kg
4292,"market for operation, computer, desktop, with liquid crystal display, standby mode",hour
2269,market for adhesive mortar,kg
2761,"market for bottom ash, MSWI[F]-WWT[R], WW from anaerobic digestion of whey",kg
8687,"treatment of waste asphalt, sanitary landfill",kWh
1629,"heat and power co-generation unit construction, 1MW electrical, common components for heat+electricity",unit
3533,"market for glass tube, borosilicate",kg
8415,"treatment of sewage sludge, 70% water, WWT-SLF, waste paint, municipal incineration FAE",MJ
8356,"treatment of sewage sludge, 70% water, WWT, WW from glass production, municipal incineration FAE",kg
3340,"market for exhaust air valve, in-wall housing, plastic/steel, DN 125",unit
7816,"treatment of bottom ash, MSWI-WWT, WW from hard fibreboard production, slag compartment",kg
4630,"market for printed wiring board, for power supply unit, desktop computer, Pb free",kg
4883,"market for residues, MSWI[F], residue from mechanical treatment, industrial device",kg
5010,"market for sawdust, loose, wet, measured as dry mass",kg
802,"controller production, for electric scooter",kg
156,"aluminium turning, primarily dressing, conventional",kg
3500,"market for furniture, wooden",kg
4597,"market for potato seed, for setting",kg
6568,"operation, computer, laptop, standby/sleep mode",hour
8340,"treatment of sewage sludge, 70% water, WWT, WW from CRT production, municipal incineration FAE",kg
3669,"market for heating and sanitary equipment, mini CHP plant",unit
7199,sodium borate mine operation and beneficiation,kg
9156,"water production, ultrapure",kg
1842,"impact extrusion of steel, warm, 2 strokes",kg
8376,"treatment of sewage sludge, 70% water, WWT, WW from vegetable oil refinery, municipal incineration",MJ
2626,"market for bottom ash, MSWI-WWT, condensate from light oil boiler",kg
1925,"kerosene production, petroleum refinery operation",kg
1180,"electricity, high voltage, residual mix",kWh
8957,"treatment of waste wire plastic, municipal incineration",kg
5577,"market for titanium zinc plate, without pre-weathering",kg
8266,"treatment of residues, MSWI[F], waste polyvinylchloride, residual material landfill",kg
2289,"market for aircraft, belly freight, short haul",unit
3377,"market for fertilising, by rig fertiliser, sugarcane",ha
1798,"hydrochloric acid production, Mannheim process",kg
9012,"treatment of wood ash mixture, pure, landfarming",kg
3976,"market for machine operation, diesel, >= 18.64 kW and < 74.57 kW, low load factor",hour
1130,"electricity, high voltage, import from MA",kWh
996,"electricity production, hydro, run-of-river, renewable energy products",kWh
1292,"evaporation of natural gas, import from NO",m3
7061,"resorcinol production, benzene disulfonation",kg
7078,"rutile production, synthetic, 95% titanium dioxide, Becher process",kg
2833,"market for calcium carbide, technical grade",kg
1813,hydroxylamine production,kg
1850,"indium tin oxide powder production, nanoscale, for sputtering target",kg
12,"2,4-dichlorotoluene production",kg
4158,"market for mineral supplement, for beef cattle",kg
4891,"market for residues, MSWI[F], used LCD module",kg
7152,"shed construction, large, wood, non-insulated, fire-unprotected",m2
1109,"electricity, high voltage, import from GE",kWh
5256,market for silicon tetrachloride,kg
5941,market for vinyl fluoride,kg
3756,"market for inductor, ring core choke type",kg
8530,"treatment of sewage sludge, 97% water, WWT[U], WW from lorry production, landfarming",kg
5346,"market for solar collector system, with evacuated tube collector, one-family house, combined system",unit
7255,"solar collector glass tube production, with silver mirror",kg
3251,"market for electric parts, heat and power co-generation unit, 160kW electrical",unit
1053,"electricity, high voltage, hydro, import from CA-NF",kWh
8202,"treatment of residues, MSWI-WWT-SLF, residue from cooling tower, residual material landfill",kg
184,anaerobic digestion of manure,m3
1849,"indium rich leaching residues, from zinc production stockpiling",kg
7871,"treatment of bottom ash, MSWI[F], municipal solid waste, slag compartment",kg
1776,"hexafluoroethane production, from fluorination of tetrafluoroethane",kg
8966,"treatment of waste wood, untreated, open dump, hyperarid infiltration class (-250mm)",kg
3991,market for magnesium sulfate,kg
3696,market for hydraulic digger,unit
2188,"market for 1,1-dimethylcyclopentane",kg
2204,market for 2-butanol,kg
8829,"treatment of waste plastic, mixture, municipal incineration FAE",MJ
7362,sulfamic acid production,kg
5591,"market for tractor, 4-wheel, agricultural",kg
6454,"nitrate salts production, for solar power application",kg
5866,market for used locomotive,unit
1912,isohexane production,kg
7401,"tanker production, for liquid goods other than petroleum and liquefied natural gas",unit
4101,"market for metal working, average for chromium steel product manufacturing",kg
7711,"treatment of LDPE in waste fresh milk carton (chilled), post-industrial, municipal incineration",kWh
1433,fosetyl-Al production,kg
8388,"treatment of sewage sludge, 70% water, WWT-SLF, inert waste, municipal incineration",kg
2787,"market for building operation, upmarket hotel",guest night
453,"calcium carbonate production, precipitated",kg
5416,"market for steel, chromium steel 18/8",kg
7449,thermoforming of plastic sheets,kg
4780,"market for residues, MSWI, scrap tin sheet",kg
7364,"sulfate pulp production, from hardwood, bleached",kg
4683,"market for purse seiner, wood",kg
7441,"thermal energy storage construction, for adiabatic compressed air energy storage",unit
2180,manual dismantling of used passenger car with internal combustion engine,unit
9042,tube insulation factory construction,unit
3918,market for lignite dust factory,unit
7707,"trawler construction, steel",kg
3317,market for ethyl benzene,kg
1466,"furnace production, wood chips, hardwood storage area, 1000kW",unit
8440,"treatment of sewage sludge, 70% water, WWT[R], WW from anaerobic digestion of whey, municipal incineration FAE",kg
2603,"market for bottom ash, MSWI-WWT, WW from GGBFS production",kg
4632,"market for printed wiring board, for surface mounting, Pb free surface",m2
2653,"market for bottom ash, MSWI-WWT-SLF, waste polyurethane",kg
5479,"market for sunflower seed, for sowing",kg
2743,"market for bottom ash, MSWI[F]-WWT-SLF, waste asphalt",kg
3854,"market for laser machining, metal, with YAG-laser, 330W power",hour
5375,market for spent anion exchange resin from potable water production,kg
8997,"treatment of wastewater from lorry production, wastewater treatment, urban",m3
9210,"window frame production, aluminium, U=1.6 W/m2K",m2
1661,"heat and power co-generation, natural gas, 160kW electrical, lambda=1",MJ
7200,"sodium chlorate production, powder",kg
6462,nitrous oxide production,kg
9264,"yarding, mobile cable yarder on trailer",hour
5257,market for silicon tetrahydride,kg
4574,market for port facilities,unit
7468,"tillage, harrowing, by tandem disk",ha
1309,"explosive production, tovex",kg
5184,"market for sewage sludge, 97% water, WWT, WW from particle board production",kg
4578,market for potassium carbonate,kg
319,beverage carton converting,m2
3036,"market for compressed air, 1000 kPa gauge",m3
1312,"extrusion, co-extrusion of plastic sheets",kg
20,"2-nitroaniline production",kg
8474,"treatment of sewage sludge, 97% water, WWT, WW from LCD backlight production, landfarming",kg
1256,"ethoxylated alcohol (AE11) production, palm oil",kg
2535,"market for blower and heat exchange unit, decentralized, 180-250 m3/h",unit
745,"concrete production, 30MPa, for building construction, with cement, CP-II-E",m3
8913,"treatment of waste polyurethane, open dump, wet infiltration class (500mm)",kg
1960,"laser machining, metal, with CO2-laser, 2000W power",hour
693,"compressed air production, 1200 kPa gauge, <30kW, average generation",m3
8778,"treatment of waste newspaper, municipal incineration FAE",MJ
795,"containerboard production, linerboard, kraftliner",kg
1666,"heat and power co-generation, natural gas, combined cycle power plant, 400MW electrical",MJ
8200,"treatment of residues, MSWI-WWT-SLF, municipal solid waste, residual material landfill",kg
6661,"particleboard production, uncoated, from virgin wood",m3
9204,"wind turbine construction, 750kW, onshore",unit
8791,"treatment of waste paint, municipal incineration",MJ
1409,"fluorescent whitening agent production, distyrylbiphenyl type",kg
7663,"transport, passenger car, large size, natural gas, EURO 4",km
442,"cadmium chloride production, semiconductor-grade",kg
3579,"market for green manure, organic, until February",ha
2755,"market for bottom ash, MSWI[F]-WWT-SLF, waste polypropylene",kg
511,"catch crop growing, ryegrass-red&Egyptian clover-mixture, August-April, organic fertiliser 60 kg N, three cuts",kg
8856,"treatment of waste polyethylene terephthalate, unsanitary landfill, wet infiltration class (500mm)",kg
81,"air compressor production, screw-type compressor, 300kW",unit
9229,"wood preservation facility construction, vacuum pressure vessel",unit
7924,"treatment of bottom ash, MSWI[F]-WWT, WW from black chrome coating, slag compartment",kg
3589,market for hafnium tetrachloride,kg
653,"clover seed production, Swiss integrated production, at farm",kg
4935,"market for residues, MSWI[F]-WWT, WW from soft fibreboard production",kg
6953,"printed wiring board production, surface mounted, unspecified, Pb free",kg
2187,"market for 1,1-difluoroethane",kg
1351,"fertilising, by injection",ha
8724,"treatment of waste expanded polystyrene, municipal incineration",kWh
5150,"market for sewage sludge, 75% water, WWT, WW from grass refinery",kg
3809,market for isobutyl acetate,kg
1562,"green manure growing, organic, until January",ha
9015,"treatment of wood ash mixture, pure, sanitary landfill",kWh
6158,"market for wood preservation, pressure vessel, creosote, outdoor use, ground contact",kg
2020,"lime production, milled, loose",kg
1152,"electricity, high voltage, import from RO",kWh
5196,"market for sewage sludge, 97% water, WWT-SLF, hard coal ash",kg
970,"electric connector production, peripheral type buss",kg
244,barium sulfide production,kg
4945,"market for residues, MSWI[F]-WWT-SLF, sludge from pulp and paper production",kg
6444,"natural stone plate production, grounded",kg
6165,"market for wood preservation, vacuum pressure method, inorganic salt, containing Cr, outdoor use, ground contact",kg
384,brass production,kg
2110,"maintenance, intermodal shipping container, 45-foot, high-cube",unit
3427,"market for flexible duct, aluminium/PET, DN of 125",m
1625,hazardous waste incineration facility construction,unit
7688,"transport, passenger train",person*km
8987,"treatment of wastewater from cathode ray tube production, wastewater treatment",MJ
7912,"treatment of bottom ash, MSWI[F], waste sealing sheet, polyvinylchloride, slag compartment",kg
7670,"transport, passenger car, medium size, diesel, EURO 5",km
1198,"electrolyte, nickel-rich to generic market for nickel-rich materials",kg
8923,"treatment of waste polyvinylchloride, open burning",kg
8510,"treatment of sewage sludge, 97% water, WWT-SLF, waste emulsion paint, landfarming",kg
8452,"treatment of sewage sludge, 75% water, WWT, WW from glass production, sanitary landfill",MJ
9134,waste paper sorting facility construction,unit
2940,"market for charger, for electric scooter",kg
1252,"ethanol production, ethylene hydration",kg
7980,"treatment of damaged clay material, open dump",kg
5559,"market for tillage, rotary cultivator",ha
8752,"treatment of waste graphical paper, open dump, hyperarid infiltration class (-250mm)",kg
7302,steatite quarry operation,kg
2346,"market for aluminium sulfate, without water, in 4.33% aluminium solution state",kg
3505,"market for gallium, semiconductor-grade",kg
2589,"market for bottom ash, MSWI, waste polyurethane",kg
8749,"treatment of waste graphical paper, municipal incineration FAE",kWh
379,boric oxide production,kg
8440,"treatment of sewage sludge, 70% water, WWT[R], WW from anaerobic digestion of whey, municipal incineration FAE",kWh
5495,market for synthetic rubber,kg
1323,"fatty acid production, from soybean oil",kg
2366,"market for anaerobic digestion plant, agricultural",unit
6750,"photovoltaic slanted-roof installation, 3kWp, a-Si, panel, mounted, on roof",unit
8495,"treatment of sewage sludge, 97% water, WWT, WW, average, landfarming",kg
363,"blower and heat exchange unit production, GE 250 RH",unit
2248,market for acetanilide,kg
6133,"market for wood ash mixture, pure",kg
4354,"market for packing, lime product",kg
2783,market for building machine,unit
5797,market for uranium hexafluoride,kg
5203,"market for sewage sludge, 97% water, WWT-SLF, sludge from pulp and paper production",kg
8191,"treatment of residues, MSWI-WWT, WW from vegetable oil refinery, residual material landfill",kg
2951,market for chimney,m
8312,"treatment of residues, MSWI[F]-WWT-SLF, waste plastic, mixture, residual material landfill",kg
5366,"market for soybean oil, refined",kg
7197,sodium arsenide production from Imperial smelting furnace,kg
1810,"hydropower plant construction, reservoir, non-alpine regions",unit
8318,"treatment of residues, MSWI[F]-WWT-SLF, waste polyvinylchloride, residual material landfill",kg
1338,feldspar production,kg
7054,reinforcing steel production,kg
6641,papaya production,kg
7224,sodium oxide production,kg
8921,"treatment of waste polyvinylchloride, municipal incineration",kg
5062,market for scrap preparation facility,unit
7458,"tillage, currying, by weeder",ha
6783,"planing, board, hardwood, u=20%",m3
8470,"treatment of sewage sludge, 75% water, WWT[R], WW from anaerobic digestion of whey, sanitary landfill",MJ
1160,"electricity, high voltage, import from TG",kWh
5271,"market for single-Si wafer, photovoltaic",m2
8256,"treatment of residues, MSWI[F], waste paint, residual material landfill",kg
7794,"treatment of bottom ash, MSWI, waste polyvinylfluoride, slag compartment",kg
9281,"zinc coating, pieces, adjustment per micro-m",m2
5888,"market for used refrigeration machine, carbon dioxide, liquid as refrigerant",unit
5502,"market for tanker, for petroleum",unit
5696,"market for transport, freight, sea, tanker for liquefied natural gas",metric ton*km
277,"battery cell production, Li-ion, LiMn2O4",kg
101,"aircraft production, passenger aircraft, short haul",unit
3414,market for fish residues,kg
8304,"treatment of residues, MSWI[F]-WWT-SLF, waste bitumen, residual material landfill",kg
4986,"market for rosin size, for paper production",kg
514,"catch crop growing, ryegrass-red&Egyptian clover-mixture, September-April, organic fertiliser 60 kg N, one cut",kg
3234,"market for dust collector, electrostatic precipitator, for industrial use",unit
8996,"treatment of wastewater from liquid crystal production, wastewater treatment",m3
5298,market for sodium chloroacetate,kg
5030,"market for sawnwood, beam, softwood, raw, dried (u=20%)",m3
6823,"pointing device production, optical mouse, with cable",unit
725,"concrete production, 25MPa, for building construction, exposure class XC2, with cement, unspecified",m3
8511,"treatment of sewage sludge, 97% water, WWT-SLF, waste glass, landfarming",kg
8979,"treatment of waste, electrical and electronic cables, open burning",kg
8825,"treatment of waste plastic, consumer electronics, unsanitary landfill, wet infiltration class (500mm)",kg
7189,"smelting of copper concentrate, sulfide ore",kg
2261,"market for acrylic dispersion, with water, in 58% solution state",kg
9205,"wind turbine construction, small-scale, 6kW, onshore",unit
4216,"market for neutralising agent, sodium hydroxide-equivalent",kg
8477,"treatment of sewage sludge, 97% water, WWT, WW from ammonium paratungstate production, landfarming",kg
3542,market for glucose,kg
6821,"plug production, inlet and outlet, for printer cable",unit
5180,"market for sewage sludge, 97% water, WWT, WW from hard fibreboard production",kg
833,"cottonseed oil, refined, to generic market for vegetable oil, refined",kg
7963,"treatment of bottom ash, MSWI[F]-WWT-SLF, wood ash mixture, pure, slag compartment",kg
5962,market for waste electric and electronic equipment,kg
876,diammonium phosphate production,kg
9055,uranium conversion facility construction,unit
4902,"market for residues, MSWI[F], waste plastic, consumer electronics",kg
2136,"maintenance, transmission network, electricity, high voltage direct current subsea cable",km*year
2591,"market for bottom ash, MSWI, waste polyvinylfluoride",kg
4649,"market for process-specific burdens, import of copper to Switzerland",kg
7250,"softwood forestry, mixed species, sustainable forest management",kg
4637,"market for printed wiring board, mounted mainboard, laptop computer, Pb containing",kg
8406,"treatment of sewage sludge, 70% water, WWT-SLF, waste emulsion paint, municipal incineration FAE",kg
5303,market for sodium ethoxide,kg
7785,"treatment of bottom ash, MSWI, waste plastic, consumer electronics, slag compartment",kg
5275,"market for slab and siding, hardwood, wet, measured as dry mass",kg
8412,"treatment of sewage sludge, 70% water, WWT-SLF, waste newspaper, municipal incineration FAE",kg
7776,"treatment of bottom ash, MSWI, waste cement-fibre slab, dismantled, slag compartment",kg
2335,"market for aluminium removed by milling, small parts",kg
3252,"market for electric parts, mini CHP plant",unit
4275,"market for oil boiler, 10kW",unit
1476,"furniture production, wooden",kg
457,canal construction,m*year
6831,polydimethylsiloxane production,kg
4435,"market for photovoltaic facade installation, 3kWp, multi-Si, laminated, integrated, at building",unit
4474,market for phthalimide-compound,kg
5305,market for sodium fluoride,kg
1304,expanded clay production,kg
6715,phosphorus pentachloride production,kg
5382,market for spent nuclear fuel,kg
4875,"market for residues, MSWI[F], digester sludge",kg
8888,"treatment of waste polystyrene, municipal incineration",kWh
2355,market for aminopyridine,kg
2487,market for beryllium,kg
5055,"market for sawnwood, softwood, raw",m3
264,"basic oxygen furnace dust, for recovery, Recycled Content cut-off",kg
2545,"market for bottom ash, MSWI, aluminium in car shredder residue",kg
8700,"treatment of waste cement, hydrated, residual material landfill",kg
6032,market for waste wire plastic,kg
485,cast iron production,kg
6820,"plug production, inlet and outlet, for network cable",unit
8744,"treatment of waste glass, unsanitary landfill, hyperarid infiltration class (-250mm)",kg
4747,"market for residual softwood, wet",m3
3103,"market for cork, raw",kg
467,"carbon disulfide production, from charcoal",kg
6722,"photovoltaic facade installation, 3kWp, multi-Si, laminated, integrated, at building",unit
2416,market for azodicarbonamide,kg
5126,"market for sewage sludge, 70% water, WWT-SLF, waste paperboard",kg
8748,"treatment of waste graphical paper, municipal incineration",MJ
5082,"market for sewage sludge, 70% water, WWT, WW from GGBFS production",kg
8082,"treatment of non-Fe-Co-metals, from used Li-ion battery, pyrometallurgical processing",kg
2912,"market for cement, CEM IV/B",kg
1162,"electricity, high voltage, import from TR",kWh
8916,"treatment of waste polyurethane, unsanitary landfill, hyperarid infiltration class (-250mm)",kg
2831,market for calcium ammonium nitrate,kg
422,"butene, mixed to generic market for generic C4 hydrocarbons",kg
6788,"planing, lath, softwood, u=10%",m3
3353,market for fatty acid,kg
2966,market for chloronitrobenzene,kg
2695,"market for bottom ash, MSWI[F], waste paint",kg
6858,polystyrene foam slab for perimeter insulation,kg
248,barley grain production,kg
8052,"treatment of lead in car shredder residue, municipal incineration FAE",kg
2991,market for clay,kg
953,drying of protein pea,l
2843,"market for capacitor, for surface-mounting",kg
7940,"treatment of bottom ash, MSWI[F]-WWT, rainwater mineral oil storage, slag compartment",kg
7967,"treatment of brake wear emissions, passenger car",kg
4172,market for molybdenum,kg
6628,paclobutrazol production,kg
7001,pyridazine-compound production,kg
6029,"market for waste sealing sheet, polyvinylchloride",kg
3055,"market for concrete, 37MPa",m3
5558,"market for tillage, rolling",ha
2374,market for aniline,kg
4346,"market for packaging glass, green",kg
4509,"market for plastic granulate, unspecified, recycled",kg
606,chloromethyl methyl ether production,kg
3027,market for combine harvesting,ha
7703,"transport, regular bus",person*km
4838,"market for residues, MSWI-WWT, condensate from light oil boiler",kg
8607,"treatment of used diesel-electric generating set, 18.5kW",unit
1099,"electricity, high voltage, import from DE",kWh
9133,"waste packaging paper, Recycled Content cut-off",kg
8820,"treatment of waste plastic, consumer electronics, manual dismantling, sorting and cleaning, informal sector",kg
1274,ethylene glycol dimethyl ether production,kg
2628,"market for bottom ash, MSWI-WWT, rainwater mineral oil storage",kg
8263,"treatment of residues, MSWI[F], waste polypropylene, residual material landfill",kg
8528,"treatment of sewage sludge, 97% water, WWT-SLF[W], waste plastic, consumer electronics, landfarming",kg
4240,"market for nuclear fuel element, for pressure water reactor, UO2 4.0% & MOX",kg
8349,"treatment of sewage sludge, 70% water, WWT, WW from black chrome coating, municipal incineration",kg
7516,"transistor production, surface-mounted",kg
2035,"liquefied petroleum gas, import from RoW",kg
3138,market for decommissioned road,m*year
7267,"solid manure loading and spreading, by hydraulic loader and spreader",kg
9216,"wood chipping, industrial residual wood, stationary electric chipper",kg
4893,"market for residues, MSWI[F], waste building wood, chrome preserved",kg
427,butyl acrylate production,kg
1166,"electricity, high voltage, import from US-NPCC",kWh
3907,market for light fuel oil,kg
1650,"heat and power co-generation unit construction, organic Rankine cycle, 1400kW thermal, building",unit
1873,"integrated circuit production, logic type",kg
5547,"market for tillage, field cultivator",ha
8364,"treatment of sewage sludge, 70% water, WWT, WW from medium density board production, municipal incineration",kWh
6584,"operation, internet access equipment",hour
5861,"market for used internal combustion engine, passenger car",kg
3856,"market for laser machining, metal, with YAG-laser, 500W power",hour
9016,"treatment of zinc in car shredder residue, municipal incineration",kg
8782,"treatment of waste packaging paper, sanitary landfill",MJ
8763,"treatment of waste gypsum plasterboard, recycling",kg
6286,"metalliferous hydroxide sludge, Recycled Content cut-off",kg
1903,"iron(III) chloride production, product in 40% solution state",kg
4764,"market for residues, MSWI, LDPE/Alu in waste juice carton (ambient), post-industrial",kg
552,"cement production, CP II-Z",kg
4429,market for phosphorus trichloride,kg
7524,"transport, freight train",metric ton*km
195,anionic resin production,kg
3070,"market for containerboard, unspecified",kg
8587,"treatment of used air filter, decentralized unit, 250 m3/h",unit
2338,"market for aluminium removed by turning, primarily dressing, computer numerical controlled",kg
2317,"market for aluminium around steel bi-metal wire, 3.67mm external diameter",m
7762,"treatment of bottom ash, MSWI, residue from mechanical treatment, industrial device, slag compartment",kg
6453,"niobium mine operation and beneficiation, from pyrochlore ore",kg
4260,market for o-cresol,kg
963,"electric arc furnace secondary metallurgy slag, for recovery to generic market for supplementary cementitious materials",kg
6021,market for waste polyvinylfluoride,kg
4169,"market for mobile cable yarder, truck-mounted, incl. processor",unit
8513,"treatment of sewage sludge, 97% water, WWT-SLF, waste gypsum, landfarming",kg
4953,"market for residues, MSWI[F]-WWT-SLF, waste paint",kg
3165,"market for diesel, burned in building machine",MJ
6520,"nutrient supply from vinasse, from fermentation of sweet sorghum",kg
241,barium carbonate production,kg
6826,polyacrylamide production,kg
8298,"treatment of residues, MSWI[F]-WWT-SLF, municipal solid waste, residual material landfill",kg
1384,fish curing plant construction and maintenance,unit
663,"coconut husk, Recycled Content cut-off",kg
8105,"treatment of residue from mechanical treatment, desktop computer, municipal incineration",kWh
409,building machine production,unit
5185,"market for sewage sludge, 97% water, WWT, WW from pig iron production",kg
4677,"market for pump, 40W",unit
2211,market for 3-methyl-1-butanol,kg
7330,"storage building construction, chemicals, solid",unit
7657,"transport, passenger car, EURO 5",km
5367,"market for soybean seed, for sowing",kg
1909,"irrigation, sprinkler",m3
7971,"treatment of coating from waste cathode ray tube display, municipal incineration FAE",kg
352,blast furnace production,unit
4547,"market for polymethyl methacrylate, beads",kg
3060,"market for concrete, normal strength",m3
7922,"treatment of bottom ash, MSWI[F]-WWT, WW from LCD production, slag compartment",kg
7739,"treatment of biowaste, municipal incineration",kWh
6532,"oat grain, feed production",kg
8409,"treatment of sewage sludge, 70% water, WWT-SLF, waste graphical paper, municipal incineration FAE",kg
1571,gypsum plasterboard production,kg
21,"2-pyridinol production",kg
1578,hard coal briquettes factory construction,unit
8733,"treatment of waste glass, inert material landfill",kg
8890,"treatment of waste polystyrene, open burning",kg
7149,"shavings, hardwood, measured as dry mass to generic market for residual wood, dry",m3
8827,"treatment of waste plastic, industrial electronics, municipal incineration FAE",MJ
2586,"market for bottom ash, MSWI, waste polyethylene terephthalate",kg
4565,"market for polyurethane, rigid foam",kg
3218,"market for dried roughage store, air dried, solar",m3
6675,peat production,kg
4548,"market for polymethyl methacrylate, sheet",kg
7483,"tinplate, in mixed metal scrap, Recycled Content cut-off",kg
7278,soybean meal to generic market for protein feed,MJ
5838,market for used cathode ray tube display,kg
4579,market for potassium chloride,kg
498,"catalytic converter production, selective catalytic reduction, 200 litre",unit
1344,"ferromanganese production, high-coal, 74.5% Mn",kg
7272,"sour gas, burned in gas turbine",MJ
162,"aluminium, ingot, primary, import from EU27 & EFTA",kg
2439,"market for barley grain, organic",kg
8254,"treatment of residues, MSWI[F], waste newspaper, residual material landfill",kg
1755,"heat pump production, brine-water, 10kW",unit
8918,"treatment of waste polyurethane, unsanitary landfill, very wet infiltration class (1000mm)",kg
4508,"market for plastic flake, consumer electronics, for recycling",kg
2961,market for chloroacetic acid,kg
7643,"transport, freight, small lorry with refrigeration machine, EURO6, R134a refrigerant, freezing to generic market",metric ton*km
719,"concrete production, 20MPa, self-construction, for building construction, with cement, type general use",m3
305,"bell pepper production, open field",kg
3412,"market for fish freezing, small fish",kg
8101,"treatment of residue from mechanical treatment, IT accessory, municipal incineration",MJ
2274,"market for agricultural machinery, tillage",kg
1108,"electricity, high voltage, import from GB",kWh
1006,"electricity production, nuclear, pressure water reactor, heavy water moderated",kWh
2871,"market for cast iron removed by turning, primarily roughing, computer numerical controlled",kg
9036,triphenyl phosphate production,kg
3201,market for dipropylene glycol monomethyl ether,kg
3378,"market for fertilising, by stool splitter, sugarcane",ha
899,"digester sludge, Recycled Content cut-off",kg
6625,"packing, clay product",kg
2910,"market for cement, CEM III/C",kg
4218,"market for nickel concentrate, 7% Ni",kg
2889,market for cationic resin,kg
9177,wheat bran to generic market for energy feed,kg
2461,"market for battery management system, for Li-ion battery",kg
2860,market for cast iron,kg
3513,"market for gas turbine, 10MW electrical",unit
6674,"peat moss production, horticultural use",m3
4720,"market for recultivation, limestone mine",m2
5374,"market for spent activated carbon, granular",kg
2595,"market for bottom ash, MSWI, waste textile, soiled",kg
563,"cement production, type ICo",kg
6778,"planing, beam, hardwood, u=10%",kg
3482,"market for furnace, pellet, 15kW",unit
1603,"hardwood forestry, azobe, sustainable forest management",m3
7784,"treatment of bottom ash, MSWI, waste paperboard, slag compartment",kg
2632,"market for bottom ash, MSWI-WWT-SLF, municipal solid waste",kg
1917,isopropylamine production,kg
5489,"market for sweetening, natural gas",m3
776,"concrete production, 40MPa, for civil engineering, with cement, type IP",m3
8735,"treatment of waste glass, municipal incineration FAE",kg
6437,"natural gas, liquefied, import from OM",m3
1665,"heat and power co-generation, natural gas, 50kW electrical, lean burn",kWh
4562,market for polyurethane adhesive,kg
4017,"market for maintenance, micro gas turbine, 100kW electrical",unit
5001,market for salt,kg
8116,"treatment of residue from shredder fraction from manual dismantling, municipal incineration",MJ
5943,"market for wafer, fabricated, for integrated circuit",m2
5921,"market for ventilation duct, elbow 90°, steel, 100x50 mm",unit
271,"basic oxygen furnace sludge to market for basic oxygen furnace sludge, for recovery",kg
7259,"solar collector system installation, evacuated tube collector, one-family house, combined system",unit
5456,market for sulfamic acid,kg
3626,"market for heat and power co-generation unit, 200kW electrical, common components for heat+electricity",unit
1330,"fatty alcohol sulfate production, palm oil",kg
7161,"silencer production, steel, DN 315, 50 mm",unit
8785,"treatment of waste paint on wall, collection for final disposal",kg
8338,treatment of sewage sludge by anaerobic digestion,m3
2904,"market for cement, CEM II/B",kg
52,"acetic acid production, methanol carboxylation (Monsanto), product in 98% solution state",kg
8604,"treatment of used cathode ray tube display, mechanical treatment",kg
3137,"market for decommissioned pipeline, natural gas",kg
6766,"pipeline construction, liquid manure",km*year
5565,"market for tin plated chromium steel sheet, 2 mm",m2
8990,"treatment of wastewater from glass production, wastewater treatment",m3
3839,"market for landed anchovy by-catch, fresh",kg
5325,market for sodium phosphate,kg
8234,"treatment of residues, MSWI[F], raw sewage sludge, residual material landfill",kg
8413,"treatment of sewage sludge, 70% water, WWT-SLF, waste packaging paper, municipal incineration",kg
5204,"market for sewage sludge, 97% water, WWT-SLF, waste aluminium",kg
4560,"market for polysulfide, sealing compound",kg
1857,"industrial furnace production, coal, 1-10MW",unit
1591,"hard coal preparation, crushing and destoning",kg
8543,"treatment of spent anion exchange resin from potable water production, municipal incineration FAE",kg
1881,"internal combustion engine production, passenger car",kg
377,"borehole heat exchanger production, 150m",unit
4514,market for platinum group metal concentrate,kg
6992,"purge gas, rich in sodium nitrate, Recycled Content cut-off",kg
1744,"heat production, wood chips from industry, at furnace 5000kW, state-of-the-art 2014",MJ
1730,"heat production, softwood chips from forest, at furnace 300kW, state-of-the-art 2014",MJ
8181,"treatment of residues, MSWI-WWT, WW from hard fibreboard production, residual material landfill",kg
9169,"weaned calves production on native and planted pasture, Pantanal",kg
1765,"heating and sanitary equipment production, mini CHP plant",unit
5392,market for sponge iron,kg
6804,"planting, sugarcane",ha
8680,"treatment of used vegetable cooking oil, purified, esterification",kg
1163,"electricity, high voltage, import from TZ",kWh
6629,"paint production, for electrostatic painting for aluminium",kg
5467,market for sulfite,kg
1747,"heat production, wood chips from post-consumer wood, at furnace 300kW",MJ
894,"diesel, low-sulfur, import from RoW",kg
609,chlorosulfonic acid production,kg
2241,"market for SOx retained, in lignite flue gas desulfurisation",kg
6875,"polyurethane production, flexible foam, TDI-based, flame retardant",kg
2774,"market for brazing solder, cadmium free",kg
2427,market for barite,kg
6106,"market for wheat seed, Swiss integrated production, for sowing",kg
3144,"market for deep drawing, steel, 38000 kN press, automode",kg
8739,"treatment of waste glass, open dump, moist infiltration class (300mm)",kg
906,dimethyl sulfate production,kg
4030,"market for maintenance, train, passenger, high-speed",unit
8278,"treatment of residues, MSWI[F]-WWT, WW from LCD backlight production, residual material landfill",kg
5909,"market for used window frame, wood",m2
313,"benzoic acid production, toluene oxidation",kg
921,dioxane production,kg
5447,market for sugar beet pulp,kg
2516,market for blast furnace dust,kg
4009,"market for maintenance, intermodal shipping container, 40-foot",unit
2016,"lime production, algae",kg
8788,"treatment of waste paint, hazardous waste incineration",kg
1024,"electricity production, photovoltaic, 3kWp slanted-roof installation, ribbon-Si, panel, mounted",kWh
252,barley grain to generic market for energy feed,MJ
1116,"electricity, high voltage, import from ID",kWh
3431,market for floor heating from borehole heat pump,MJ
5284,"market for sludge, NaCl electrolysis Hg",kg
6755,"photovoltaic slanted-roof installation, 3kWp, single-Si, laminated, integrated, on roof",unit
8432,"treatment of sewage sludge, 70% water, WWT-SLF, waste polyvinylchloride, municipal incineration",kg
8821,"treatment of waste plastic, consumer electronics, municipal incineration",kg
7426,terbium oxide to generic market for mischmetal,kg
835,"cottonseed production, for sowing, organic",kg
7269,sorting and pressing of iron scrap,kg
6214,"market group for diesel, low-sulfur",kg
4342,"market for packaging film, low density polyethylene",kg
8111,"treatment of residue from mechanical treatment, laser printer, municipal incineration",kWh
6050,market for wastewater from glass production,m3
8283,"treatment of residues, MSWI[F]-WWT, WW from concrete production, residual material landfill",kg
3181,market for dimethyl hexynediol,kg
4414,market for phacelia silage,kg
643,"clear-cutting, grassland to arable land, pasture, man made",kg
4487,market for piperidine,kg
8001,"treatment of garden biowaste, home composting in heaps",kg
351,"blast furnace gas, Recycled Content cut-off",MJ
6004,"market for waste plastic, industrial electronics",kg
858,"deep drawing, steel, 10000 kN press, automode",kg
5851,"market for used flexible duct aluminium/PET, DN of 125",m
5048,"market for sawnwood, lath, softwood, dried (u=10%), planed",m3
8866,"treatment of waste polyethylene, sanitary landfill",kg
8396,"treatment of sewage sludge, 70% water, WWT-SLF, scrap tin sheet, municipal incineration",kg
1210,"energy and auxilliary inputs, metal working factory, with heating from hard coal",kg
3030,"market for combine harvesting, sweet corn",ha
616,"chromium steel drilling, computer numerical controlled",kg
5781,market for trout,kg
7009,"radish production, in heated greenhouse",kg
6631,palm date production,kg
3798,market for iron sinter,kg
3658,"market for heat, central or small-scale, biomethane",MJ
1889,"inverter production, for electric passenger car",kg
987,"electricity production, hard coal, supercritical",kWh
4040,"market for maize grain, Swiss integrated production",kg
314,benzoic-compound production,kg
1634,"heat and power co-generation unit construction, 200kW electrical, common components for heat+electricity",unit
8851,"treatment of waste polyethylene terephthalate, sanitary landfill",kg
9003,"treatment of wastewater from potato starch production, wastewater treatment",MJ
110,"alkylbenzene production, linear",kg
5673,"market for transport, freight, lorry with refrigeration machine, 7.5-16 ton, EURO3, R134a refrigerant, freezing",metric ton*km
8797,"treatment of waste paperboard, municipal incineration",kg
7935,"treatment of bottom ash, MSWI[F]-WWT, WW from tube collector production, slag compartment",kg
3476,"market for furnace, logs, hardwood storage area, 100kW",unit
5117,"market for sewage sludge, 70% water, WWT-SLF, waste asphalt",kg
704,"compressed air production, 800 kPa gauge, >30kW, best generation",m3
8156,"treatment of residues, MSWI, waste polypropylene, residual material landfill",kg
4506,"market for planting, sugarcane",ha
3688,market for horticultural fleece,m2
8074,"treatment of municipal solid waste, sanitary landfill",MJ
1189,"electrode production, negative, LiC6",kg
4065,market for manganese concentrate,kg
594,"chlor-alkali electrolysis, mercury cell",kg
1831,"impact extrusion of steel, cold, initial surface treatment",kg
9253,"wood preservative production, organic, outdoor use, no ground contact",kg
8796,"treatment of waste paperboard, inert material landfill",kg
530,cement factory construction,unit
1448,"furnace production, logs, 6kW",unit
1539,graphite production,kg
1788,"housing system construction, cattle, loose",unit
1148,"electricity, high voltage, import from RAF",kWh
9118,"vinasse, from fermentation of sugar beet molasses, Recycled Content cut-off",kg
7145,"sewer grid construction, rural",m3
3025,"market for collector field area, solar thermal parabolic trough, 50 MW",unit
1720,"heat production, natural gas, at boiler fan burner non-modulating <100kW",MJ
3652,"market for heat pump, diffusion absorption, 4kW, future",unit
1317,"fattening of calves for beef production, feedlot",kg
7018,"rape seed production, Swiss integrated production, intensive",kg
3980,"market for machine operation, diesel, >= 74.57 kW, high load factor",hour
8067,"treatment of municipal solid waste, municipal incineration FAE",MJ
7,"1-naphthylacetic acid production",kg
6937,primary zinc production from concentrate,kg
4858,"market for residues, MSWI-WWT-SLF, waste paperboard",kg
3672,market for heavy water,kg
5533,"market for thermal storage system, solar tower power plant, 20 MW",unit
3641,"market for heat and power co-generation unit, organic Rankine cycle, 1000kW electrical",unit
5878,market for used printed wiring boards,kg
8036,"treatment of leachate, SLF, waste newspaper, wastewater treatment",m3
741,"concrete production, 30MPa, for building construction, for interior use, with cement ZN/D, with 30% RC-M aggregates",m3
8140,"treatment of residues, MSWI, used LCD module, residual material landfill",kg
6687,"petrol production, 5% ethanol by volume from biomass",kg
870,"deinking emulsion production, in paper production",kg
7371,"sulfur dioxide production, liquid",kg
8199,"treatment of residues, MSWI-WWT-SLF, lignite ash, residual material landfill",kg
8460,"treatment of sewage sludge, 75% water, WWT, WW from plywood production, sanitary landfill",MJ
8341,"treatment of sewage sludge, 70% water, WWT, WW from GGBFS production, municipal incineration",kg
7730,"treatment of basic oxygen furnace dust, residual material landfill",kg
7107,"sawlog and veneer log, meranti, debarked, measured as solid wood, import from MY",m3
8610,"treatment of used door, inner, glass-wood, collection for final disposal",m2
7791,"treatment of bottom ash, MSWI, waste polystyrene, slag compartment",kg
5660,"market for transport, freight, lorry with refrigeration machine, 3.5-7.5 ton, EURO4, R134a refrigerant, cooling",metric ton*km
5600,"market for transistor, surface-mounted",kg
3762,market for inert gas for discharge lamps,kg
5515,market for tetrachloroethylene,kg
8328,"treatment of scrap copper, municipal incineration",kg
7443,"thermal spraying, atmospheric plasma spray, tungsten carbide-cobalt, on carbon steel substrate",m2
4208,"market for natural gas, medium pressure, vehicle grade",kg
8776,"treatment of waste natural gas, sweet, burned in production flare",MJ
8340,"treatment of sewage sludge, 70% water, WWT, WW from CRT production, municipal incineration FAE",kWh
2657,"market for bottom ash, MSWI-WWT-SLF[W], waste plastic, consumer electronics",kg
3357,market for fava bean,kg
631,"cladding production, crossbar-pole, aluminium",m2
6466,"nuclear fuel element production, for boiling water reactor, UO2 4.0% & MOX",kg
4685,market for pyrethroid-compound,kg
1592,"hard coal, import from AU",kg
8448,"treatment of sewage sludge, 75% water, WWT, WW from ammonium paratungstate production, sanitary landfill",kWh
4553,"market for polystyrene foam slab with graphite, 6% recycled",kg
8529,"treatment of sewage sludge, 97% water, WWT[R], WW from anaerobic digestion of whey, landfarming",kg
9107,"ventilation of dwellings, decentralized, 6 x 120 m3/h, steel ducts",m2*year
3068,"market for containerboard, fluting medium",kg
2208,market for 2-methylpentane,kg
7596,"transport, freight, lorry with refrigeration machine, 3.5-7.5 ton, EURO6, carbon dioxide, liquid refrigerant, freezing",metric ton*km
6874,"polyurethane production, flexible foam, MDI-based",kg
7630,"transport, freight, small lorry with refrigeration machine, EURO3, R134a refrigerant, cooling to generic market",metric ton*km
6185,"market for yarn, kenaf",kg
6480,"nuclear waste storage construction, interim, for high level radioactive waste before final repository",unit
9116,"venting of nitrogen, liquid",kg
2061,"lorry production, 40 metric ton",unit
3270,"market for electrolyte, KOH, LiOH additive",kg
1922,kaolin production,kg
5746,"market for transport, passenger, electric bicycle, electricity from renewable energy products",person*km
7378,sunflower production,kg
3167,"market for diesel, burned in diesel-electric generating set, 10MW, for oil and gas extraction",MJ
1866,"inorganic phosphorus, as P2O5 to generic market for organic phosphorus, as P2O5",kg
2072,"machine operation, diesel, < 18.64 kW, underground mining",hour
7882,"treatment of bottom ash, MSWI[F], scrap copper, slag compartment",kg
5685,"market for transport, freight, lorry with refrigeration machine, 7.5-16 ton, EURO6, R134a refrigerant, freezing",metric ton*km
6097,market for wheat bran,kg
3345,"market for expansion vessel, 80l",unit
6196,market for zinc concentrate,kg
5959,market for waste concrete,kg
3864,"market for leachate, SLF, hard coal ash",m3
2457,"market for battery cell, Li-ion, LiMn2O4",kg
7634,"transport, freight, small lorry with refrigeration machine, EURO4, R134a refrigerant, cooling to generic market",metric ton*km
8384,"treatment of sewage sludge, 70% water, WWT, heat carrier liquid, 40% C3H8O2, municipal incineration FAE",MJ
4666,"market for protein feed, 100% crude",kg
809,"cooling energy production, at -160 °C, propylene-ethylene-methane compression refrigeration system 1 MW",MJ
2588,"market for bottom ash, MSWI, waste polystyrene",kg
4714,"market for receiver system, solar tower power plant, 20 MW",unit
2321,market for aluminium electrolysis facility,unit
7714,treatment of Sn-based antifouling paint emissions,kg
7312,"steel production, electric, chromium steel 18/8",kg
9009,"treatment of wastewater, unpolluted, wastewater treatment",m3
652,clinker production,kg
4288,"market for operation, computer, desktop, with cathode ray tube display, off mode",hour
6445,"natural stone plate production, polished",kg
6903,potassium sulfate production,kg
4337,market for p-nitrophenol,kg
1401,flax production,kg
8039,"treatment of leachate, SLF, waste paperboard, wastewater treatment",m3
8382,"treatment of sewage sludge, 70% water, WWT, condensate from light oil boiler, municipal incineration FAE",kg
2823,"market for cadmium chloride, semiconductor-grade",kg
6119,"market for wind turbine network connection, 4.5MW, onshore",unit
169,amidosulfuron production,kg
3753,"market for inductor, auxilliaries and energy use",kg
464,captan production,kg
5322,market for sodium perchlorate,kg
2515,market for blast furnace,unit
4809,"market for residues, MSWI, waste vapour barrier, flame-retarded",kg
1089,"electricity, high voltage, import from CN-CSG",kWh
6784,"planing, board, softwood, u=10%",kg
6293,methallylchloride production,kg
8400,"treatment of sewage sludge, 70% water, WWT-SLF, waste aluminium, municipal incineration FAE",kg
864,"deep drawing, steel, 650 kN press, automode",kg
6098,market for wheat flour,kg
545,"cement production, CEM III/C",kg
967,"electric arc furnace slag, for recovery, Recycled Content cut-off",kg
8675,"treatment of used trawler, steel",kg
2225,"market for LDPE/Alu in waste UHT milk carton (ambient), post-industrial",kg
7461,"tillage, field cultivator",ha
7136,"selective coating, copper sheet, sputtering",m2
6537,"offshore platform production, natural gas",unit
4659,"market for propane, burned in building machine",MJ
7721,"treatment of aluminium scrap, post-consumer, prepared for recycling, at remelter",kg
6353,molybdenite mine operation,kg
8835,"treatment of waste plastic, mixture, open dump, wet infiltration class (500mm)",kg
7433,"textile production, cotton, air jet loom weaving",kg
2573,"market for bottom ash, MSWI, waste cement-fibre slab, dismantled",kg
4906,"market for residues, MSWI[F], waste polyethylene terephthalate",kg
8089,"treatment of raw sewage sludge, municipal incineration",kWh
2645,"market for bottom ash, MSWI-WWT-SLF, waste paint",kg
2634,"market for bottom ash, MSWI-WWT-SLF, residue from cooling tower",kg
877,diazine-compound production,kg
4266,market for oat grain,kg
2757,"market for bottom ash, MSWI[F]-WWT-SLF, waste polyurethane",kg
6521,nylon 6 production,kg
4388,market for peach,kg
5440,"market for strontium sulfate, 90% SrSO4",kg
2130,"maintenance, train, passenger, high-speed",unit
7778,"treatment of bottom ash, MSWI, waste expanded polystyrene, slag compartment",kg
4113,market for methallylchloride,kg
8836,"treatment of waste plastic, mixture, sanitary landfill",kWh
7209,sodium ethoxide production,kg
7999,"treatment of fly ash and scrubber sludge, hazardous waste incineration",kg
5349,"market for solder, bar, Sn63Pb37, for electronics industry",kg
8437,"treatment of sewage sludge, 70% water, WWT-SLF, wood ash mixture, pure, municipal incineration FAE",kg
9160,water storage construction,unit
564,"cement production, type IP",kg
3714,market for iceberg lettuce,kg
9044,tubular particleboard production,m3
7749,"treatment of bottom ash, MSWI, biowaste, slag compartment",kg
1595,"hard coal, import from Indonesia",kg
7718,"treatment of aluminium scrap, new, at remelter",kg
5972,market for waste glass,kg
395,bromine production,kg
8670,"treatment of used toner module, laser printer, colour, recycling",unit
2510,market for bitumen seal,kg
7926,"treatment of bottom ash, MSWI[F]-WWT, WW from concrete production, slag compartment",kg
6497,"nutrient supply from filter cake, from sugarcane juice filtration",kg
8187,"treatment of residues, MSWI-WWT, WW from plywood production, residual material landfill",kg
8221,"treatment of residues, MSWI-WWT-SLF, waste polyurethane, residual material landfill",kg
3573,market for green liquor dregs,kg
6723,"photovoltaic facade installation, 3kWp, multi-Si, panel, mounted, at building",unit
2395,"market for application of plant protection product, fumigation",ha
4563,"market for polyurethane, flexible foam",kg
1575,"hake, capture by long liner and landing whole, fresh",kg
9074,"uranium production, diffusion, enriched 3.9%",unit
2899,"market for cement, ART",kg
6224,"market group for inorganic nitrogen fertiliser, as N",kg
4873,"market for residues, MSWI[F], biowaste",kg
6036,market for waste x-ray film,kg
187,"anaerobic digestion plant construction, for biowaste",unit
4810,"market for residues, MSWI, waste wire plastic",kg
998,"electricity production, medium voltage, petroleum refinery operation",kWh
4635,"market for printed wiring board, mounted mainboard, desktop computer, Pb containing",kg
5784,"market for tube insulation, elastomere",kg
4360,"market for palm date, organic",kg
1253,"ethanol, from fermentation, to market for ethanol, vehicle grade",kg
8674,treatment of used tram,unit
9276,yttrium oxide to generic market for mischmetal,kg
2352,"market for aluminium, wrought alloy",kg
6488,nutrient supply from ammonium sulfate,kg
1316,"fattening of calves for beef cattle production, on pasture",kg
1075,"electricity, high voltage, import from CA-AB",kWh
5948,market for waste bamboo residues,kg
8965,"treatment of waste wood, untreated, open dump, dry infiltration class (100mm)",kg
7955,"treatment of bottom ash, MSWI[F]-WWT-SLF, waste plastic, mixture, slag compartment",kg
1288,"evaporation of natural gas, import from EG",m3
4856,"market for residues, MSWI-WWT-SLF, waste packaging paper",kg
6577,"operation, housing system, cattle, tied",unit
4279,market for olive,kg
2306,"market for alkylbenzene sulfonate, linear, petrochemical",kg
6239,market group for soybean,kg
1277,"ethylene oxide production, ethylene oxidation",kg
2177,"mango seedling production, for planting",unit
8244,"treatment of residues, MSWI[F], spent anion exchange resin from potable water production, residual material landfill",kg
5873,"market for used nitrate salts, for solar power application",kg
4898,"market for residues, MSWI[F], waste newspaper",kg
3978,"market for machine operation, diesel, >= 18.64 kW and < 74.57 kW, underground mining",hour
2710,"market for bottom ash, MSWI[F], waste textile, soiled",kg
4426,market for phosphorous chloride,kg
3649,"market for heat distribution equipment, hydronic radiant floor heating, 150m2",unit
215,argon to generic market for inert gas for discharge lamps,kg
6747,"photovoltaic slanted-roof installation, 3kWp, CIS, panel, mounted, on roof",unit
1610,"hardwood forestry, oak, sustainable forest management",kg
6870,"polystyrene scrap, post-consumer, Recycled Content cut-off",kg
712,"concrete production, 20MPa, for building construction, with cement, ART",m3
61,aclonifen production,kg
4955,"market for residues, MSWI[F]-WWT-SLF, waste plastic plaster",kg
7073,rock crushing,kg
6609,p-phenylene diamine production,kg
2360,market for ammonium nitrate,kg
134,"aluminium milling, average",kg
7545,"transport, freight, light commercial vehicle",metric ton*km
625,"chromium steel turning, primarily dressing, computer numerical controlled",kg
7192,"soda ash, dense, to generic market for neutralising agent",kg
4827,"market for residues, MSWI-WWT, WW from maize starch production",kg
7094,"sand quarry operation, open pit mine",kg
2549,"market for bottom ash, MSWI, digester sludge",kg
5867,"market for used long liner, steel",kg
7986,treatment of decommissioned road,m*year
2122,"maintenance, reefer, intermodal shipping container, 40-foot, high-cube",unit
4596,"market for potato seed, at farm",kg
8229,"treatment of residues, MSWI[F], biowaste, residual material landfill",kg
9126,wafer factory construction,unit
1359,fibre cement roof slate production,kg
2070,"machine operation, diesel, < 18.64 kW, low load factor",hour
4461,"market for photovoltaic slanted-roof installation, 3kWp, CdTe, laminated, integrated, on roof",unit
789,"consumer electronics production, mobile device, tablet",unit
834,"cottonseed production, for sowing",kg
8702,"treatment of waste cement-fibre slab, dismantled, municipal incineration",MJ
4408,"market for petrol, unleaded, burned in machinery",MJ
5566,"market for tin plating, pieces",m2
1326,"fatty alcohol production, from palm oil",kg
2287,"market for aircraft, belly freight, long haul",unit
9034,trimethylamine production,kg
8463,"treatment of sewage sludge, 75% water, WWT, WW from tube collector production, sanitary landfill",kWh
9008,"treatment of wastewater, average, wastewater treatment",m3
4829,"market for residues, MSWI-WWT, WW from particle board production",kg
9093,vanilla production,kg
3182,market for dimethyl malonate,kg
7247,sodium tripolyphosphate production,kg
8708,"treatment of waste concrete, inert material landfill",kg
5846,"market for used double glazing, U<1.1W/m2K",m2
5358,"market for sorting facility, for construction waste",unit
624,"chromium steel turning, average, conventional",kg
2967,market for chloropropionic acid,kg
8452,"treatment of sewage sludge, 75% water, WWT, WW from glass production, sanitary landfill",kWh
5069,"market for section bar rolling, steel",kg
415,bulk lead-zinc concentrate to generic markets for zinc concentrate and lead concentrate,kg
2598,"market for bottom ash, MSWI, waste wood pole, chrome preserved",kg
1997,"light fuel oil production, from waste polyethylene",kg
6678,pentane production,kg
682,"collector field area construction, solar tower power plant, 20 MW",unit
6740,photovoltaic panel factory construction,unit
7048,"refractory production, high aluminium oxide, packed",kg
4325,"market for organo-mineral nitrogen fertiliser, as N",kg
7820,"treatment of bottom ash, MSWI-WWT, WW from particle board production, slag compartment",kg
4459,"market for photovoltaic plant, 570kWp, multi-Si, on open ground",unit
555,"cement production, CP V RS",kg
7182,"skimmed milk, from cow milk to generic market for protein feed",MJ
9138,"waste paperboard, unsorted, Recycled Content cut-off",kg
3945,market for lithium,kg
5651,"market for transport, freight, lorry >32 metric ton, EURO5",metric ton*km
9139,"waste plastic, consumer electronics, sorted, Recycled Content cut-off",kg
1226,"energy use and operation emissions, electric bicycle, electricity from renewable energy products",km
8219,"treatment of residues, MSWI-WWT-SLF, waste polypropylene, residual material landfill",kg
8150,"treatment of residues, MSWI, waste paperboard, residual material landfill",kg
2010,lignite briquettes factory construction,unit
3675,"market for helium, crude",kg
4797,"market for residues, MSWI, waste plastic, mixture",kg
8515,"treatment of sewage sludge, 97% water, WWT-SLF, waste packaging paper, landfarming",kg
5262,"market for silicon, single crystal, Czochralski process, photovoltaics",kg
2764,"market for brake wear emissions, passenger car",kg
4242,"market for nuclear fuel element, for pressure water reactor, UO2 4.2% centrifuge & MOX",kg
6040,"market for waste, from silicon wafer production",kg
1181,"electricity, high voltage, wind power, import from Germany",kWh
8365,"treatment of sewage sludge, 70% water, WWT, WW from particle board production, municipal incineration",kg
5514,market for terrain chipper on forwarder,unit
5794,market for uranium conversion facility,unit
2685,"market for bottom ash, MSWI[F], used LCD module",kg
6129,"market for window frame, wood, U=1.5 W/m2K",m2
916,dioctyl adipate production,kg
7005,"pyrolysis fuel oil to generic market for residual hydrocarbon mix, from steam cracking operations",kg
331,"biomethane production, high pressure, vehicle grade",kg
8471,"treatment of sewage sludge, 75% water, WWT[U], WW from lorry production, sanitary landfill",kg
9056,uranium enrichment centrifuge facility construction,unit
8948,"treatment of waste rubber, unspecified, municipal incineration FAE",MJ
8115,"treatment of residue from rutile production, synthetic, 56% water, residual material landfill",kg
4152,"market for mine infrastructure, steatite",unit
8577,"treatment of tyre wear emissions, lorry",kg
7720,"treatment of aluminium scrap, post-consumer, prepared for recycling, at refiner",kg
279,"battery cell production, Li-ion, NMC111",kg
7876,"treatment of bottom ash, MSWI[F], residue from mechanical treatment, desktop computer, slag compartment",kg
3955,market for locomotive,unit
7265,"solder production, paste, Sn95.5Ag3.9Cu0.6, for electronics industry",kg
8955,"treatment of waste vapour barrier, flame-retarded, municipal incineration",MJ
5120,"market for sewage sludge, 70% water, WWT-SLF, waste glass",kg
8418,"treatment of sewage sludge, 70% water, WWT-SLF, waste plastic plaster, municipal incineration",kg
4182,"market for mounting, through-hole technology, Pb-containing solder",m2
2017,"lime production, hydrated, loose weight",kg
4334,"market for ozone, liquid",kg
3655,"market for heat storage, 2000l",unit
956,dung slab construction,m2
8520,"treatment of sewage sludge, 97% water, WWT-SLF, waste polyethylene terephthalate, landfarming",kg
7968,"treatment of coal gas, in power plant",kWh
5240,"market for shavings, softwood, loose, measured as dry mass",kg
6573,"operation, dried roughage store, air dried, solar",kg
3054,"market for concrete, 35MPa",m3
7853,"treatment of bottom ash, MSWI-WWT-SLF, waste polyethylene, slag compartment",kg
5506,"market for tea, dried",kg
1251,ethanol production from wood,kg
5186,"market for sewage sludge, 97% water, WWT, WW from plywood production",kg
8702,"treatment of waste cement-fibre slab, dismantled, municipal incineration",kWh
6895,potassium hydroxide production,kg
7050,"refrigeration machine production, R134a as refrigerant",unit
5334,market for sodium sulfite,kg
8590,treatment of used bicycle,unit
3405,"market for fish block, hake",kg
9292,"zirconium sponge production, from zirconium tetrachloride",kg
2636,"market for bottom ash, MSWI-WWT-SLF, sludge from pulp and paper production",kg
8376,"treatment of sewage sludge, 70% water, WWT, WW from vegetable oil refinery, municipal incineration",kWh
2584,"market for bottom ash, MSWI, waste plastic, mixture",kg
6481,"nuclear waste storage construction, interim, for low level radioactive waste before final repository",unit
5040,"market for sawnwood, hardwood, dried (u=20%), planed",m3
2197,"market for 2,3-dimethylbutane",kg
3627,"market for heat and power co-generation unit, 200kW electrical, components for electricity only",unit
8434,"treatment of sewage sludge, 70% water, WWT-SLF, waste wood, untreated, municipal incineration",kg
6744,"photovoltaic panel production, ribbon-Si",m2
7326,stone meal production,kg
1628,"heat and power co-generation unit construction, 160kW electrical, components for heat only",unit
1956,landed hake to generic market for marine fish,kg
8239,"treatment of residues, MSWI[F], residue from mechanical treatment, industrial device, residual material landfill",kg
2408,"market for assembly of generator and motor, auxilliaries and energy use, heat and power co-generation unit, 160kW",unit
3585,market for gypsum fibreboard,kg
8073,"treatment of municipal solid waste, open dump, wet infiltration class (500mm)",kg
6014,market for waste polystyrene,kg
3890,"market for leachate, SLF, waste polyvinylchloride",m3
2609,"market for bottom ash, MSWI-WWT, WW from ceramic production",kg
2470,"market for battery, NiMH, rechargeable, prismatic",kg
7154,"sheep production, for meat",kg
1656,"heat and power co-generation, biogas, gas engine, renewable energy products",MJ
1127,"electricity, high voltage, import from LT",kWh
5437,"market for strawberry seedling, for planting",unit
5893,market for used smartphone,kg
8324,"treatment of road wear emissions, passenger car",kg
7613,"transport, freight, lorry, all sizes, EURO1 to generic market for transport, freight, lorry, unspecified",metric ton*km
4290,"market for operation, computer, desktop, with liquid crystal display, active mode",hour
7383,"swath, by rotary windrower",ha
3039,"market for compressed air, 700 kPa gauge",m3
5058,market for scandium oxide,kg
892,"diesel, import from RoW",kg
5579,market for tofu,kg
5568,"market for tinplate scrap, sorted",kg
7116,"sawnwood production, softwood, raw, dried (u=10%)",m3
8184,"treatment of residues, MSWI-WWT, WW from medium density board production, residual material landfill",kg
5613,"market for transport, freight, aircraft, short haul",metric ton*km
960,dysprosium oxide to generic market for mischmetal,kg
8166,"treatment of residues, MSWI, waste wire plastic, residual material landfill",kg
5404,"market for steel removed by drilling, computer numerical controlled",kg
4995,"market for rye seed, for sowing",kg
1804,"hydrogen production, coal gasification",kg
2196,market for 1-propanol,kg
478,cashew production,kg
3777,"market for intermodal shipping container, 40-foot",unit
7583,"transport, freight, lorry with refrigeration machine, 3.5-7.5 ton, EURO3, carbon dioxide, liquid refrigerant, cooling",metric ton*km
6730,"photovoltaic laminate production, a-Si",m2
6719,"photovoltaic cell production, multi-Si wafer",m2
2263,"market for acrylic varnish, with water, in 53% solution state",kg
6336,"mine construction, underground, non-ferrous metal",unit
4020,"market for maintenance, passenger car, electric, without battery",unit
4100,"market for metal working, average for aluminium product manufacturing",kg
8926,"treatment of waste polyvinylchloride, open dump, moist infiltration class (300mm)",kg
4766,"market for residues, MSWI, biowaste",kg
154,"aluminium turning, average, conventional",kg
6306,methyl-3-methoxypropionate production,kg
4085,"market for mechanical treatment facility, waste electric and electronic equipment",unit
8602,"treatment of used capacitor, to hazardous waste incineration, with energy recovery",kg
1612,"harvesting, by complete harvester, beets",ha
1692,"heat production, hard coal coke, stove 5-15kW",MJ
7796,"treatment of bottom ash, MSWI, waste sealing sheet, polyethylene, slag compartment",kg
7097,"sanforizing, textile",kg
1664,"heat and power co-generation, natural gas, 500kW electrical, lean burn",kWh
4791,"market for residues, MSWI, waste newspaper",kg
8455,"treatment of sewage sludge, 75% water, WWT, WW from liquid crystal production, sanitary landfill",kWh
6075,"market for water discharge from petroleum extraction, offshore",kg
7099,sanitary landfill facility construction,unit
5771,market for trifluoroacetic acid,kg
7798,"treatment of bottom ash, MSWI, waste textile, soiled, slag compartment",kg
1322,"fatty acid production, from palm oil",kg
6972,"propane, burned in building machine",MJ
2001,"light fuel oil, import from RoW",kg
6694,"petroleum and gas production, offshore",m3
3272,"market for electrolyte, for Li-ion battery",kg
9262,"xenon and krypton purification, air separation",kg
7288,"spent automobile catalyst, Recycled Content cut-off",kg
5807,"market for uranium, enriched 4%, in fuel element for light water reactor",kg
3794,"market for iron ore, crude ore, 63% Fe",kg
3359,"market for fava bean seed, organic, for sowing",kg
8545,"treatment of spent antifreezer liquid, hazardous waste incineration, with energy recovery",kWh
2279,"market for air distribution terminal panel, steel, 120 m3/h",unit
459,"capacitor production, electrolyte type, < 2cm height",kg
5269,market for single superphosphate,kg
1907,iron-nickel-chromium alloy production,kg
4267,"market for oat grain, feed",kg
657,"coating service, melamine impregnated paper, double-sided",m2
5966,"market for waste emulsion paint, on wood",kg
7958,"treatment of bottom ash, MSWI[F]-WWT-SLF, waste polypropylene, slag compartment",kg
3717,"market for impact extrusion of aluminium, 1 stroke",kg
3213,"market for door, inner, glass-wood",m2
66,acrylic filler production,kg
5250,market for shredder fraction after manual dismantling of used electronic product,kg
8417,"treatment of sewage sludge, 70% water, WWT-SLF, waste paperboard, municipal incineration FAE",kg
4061,"market for mandarin, fresh grade",kg
1223,"energy saving, from ventilation system, 6 x 120 m3/h, steel ducts",MJ
5007,"market for sanforizing, textile",kg
1893,iron ore beneficiation,kg
8542,"treatment of spent anion exchange resin from potable water production, municipal incineration",kg
1410,"fluorine production, liquid",kg
3319,market for ethylamine,kg
7450,"thermoforming, with calendering",kg
8100,"treatment of residue from cooling tower, sanitary landfill",kWh
1440,"fruit tree seedling production, for planting",unit
6205,market for zirconium oxide,kg
8339,"treatment of sewage sludge, 70% water, WWT, WW from CRT production, municipal incineration",kg
3602,market for harvester,kg
4283,market for onshore petroleum field infrastructure,unit
8545,"treatment of spent antifreezer liquid, hazardous waste incineration, with energy recovery",kg
5592,"market for train, passenger, high speed",unit
1829,"impact extrusion of steel, cold, 5 strokes",kg
1994,light clay brick production,kg
5439,market for strontium carbonate,kg
5747,"market for transport, passenger, electric scooter",km
2789,"market for building, hall",m2
2735,"market for bottom ash, MSWI[F]-WWT, condensate from light oil boiler",kg
5087,"market for sewage sludge, 70% water, WWT, WW from black chrome coating",kg
9261,woven bamboo mat production,kg
7907,"treatment of bottom ash, MSWI[F], waste polyurethane, slag compartment",kg
7928,"treatment of bottom ash, MSWI[F]-WWT, WW from grass refinery, slag compartment",kg
6016,market for waste polyurethane,kg
7158,"sheet rolling, copper",kg
1522,"glycerin distillate bottom, Recycled Content cut-off",kg
4196,market for naphtha,kg
3211,market for dolomite,kg
6737,"photovoltaic mounting system production, for facade installation",m2
6309,methylcyclohexane production,kg
2619,"market for bottom ash, MSWI-WWT, WW from plywood production",kg
761,"concrete production, 37MPa, for building construction, for interior use, with cement ZN/D, with 35% RC-C aggregates",kg
5720,"market for transport, passenger car, large size, petrol, EURO 3",km
6736,"photovoltaic mounting system production, for 570kWp open ground module",m2
2525,"market for bleaching and dyeing, yarn",kg
4538,"market for polyethylene terephthalate, granulate, amorphous, recycled",kg
9146,"waste wood, post-consumer, Recycled Content cut-off",kg
9030,trifluoroacetic acid production,kg
6209,market group for barley grain,kg
8112,"treatment of residue from mechanical treatment, laser printer, municipal incineration FAE",MJ
2492,"market for beverage carton, 1 L, for juice (ambient)",unit
8920,"treatment of waste polyvinylchloride product, collection for final disposal",kg
3516,"market for generator, mini CHP plant",unit
9267,"yarn production, cotton, ring spinning",kg
8933,"treatment of waste polyvinylchloride, unsanitary landfill, very wet infiltration class (1000mm)",kg
4725,"market for red meat, live weight",kg
8949,"treatment of waste sealing sheet, polyethylene, municipal incineration",kWh
1644,"heat and power co-generation unit construction, 50kW electrical, components for electricity only",unit
4468,"market for photovoltaic slanted-roof installation, 3kWp, single-Si, laminated, integrated, on roof",unit
5973,market for waste glass pane in burnable frame,kg
6961,"process-specific burdens, import of copper to Switzerland",kg
2780,market for bromoxynil,kg
3560,market for graphite,kg
7587,"transport, freight, lorry with refrigeration machine, 3.5-7.5 ton, EURO4, carbon dioxide, liquid refrigerant, cooling",metric ton*km
5911,market for vacuum cleaner,unit
3539,"market for glazing, triple, U<0.5 W/m2K",m2
2582,"market for bottom ash, MSWI, waste plastic, consumer electronics",kg
8370,"treatment of sewage sludge, 70% water, WWT, WW from potato starch production, municipal incineration",kWh
7022,"rare earth element mine operation and beneficiation, bastnaesite and monazite ore",kg
8422,"treatment of sewage sludge, 70% water, WWT-SLF, waste polyethylene terephthalate, municipal incineration",kg
6512,nutrient supply from single superphosphate,kg
1209,enamelling,m2
4222,market for nickel-rich materials,kg
3079,market for cooling energy,MJ
3467,"market for fuel cell, solid oxide, with micro gas turbine, 180kW electrical, future",unit
1284,evacuated tube collector production,m2
737,"concrete production, 30-32MPa, with cement, Portland",m3
6799,"planting, by no till drill",ha
7925,"treatment of bottom ash, MSWI[F]-WWT, WW from ceramic production, slag compartment",kg
4032,"market for maintenance, train, passenger, regional",unit
8874,"treatment of waste polypropylene, municipal incineration FAE",MJ
3950,market for lithium hexafluorophosphate,kg
3569,"market for gravel, crushed",kg
8888,"treatment of waste polystyrene, municipal incineration",MJ
1901,iron sulfate production,kg
159,"aluminium, in mixed metal scrap, Recycled Content cut-off",kg
2406,"market for asparagus seedling, for planting",unit
4073,market for manual dismantling of used electric passenger car,unit
3478,"market for furnace, logs, hardwood storage area, 6kW",unit
6827,polyaluminium chloride production,kg
8992,"treatment of wastewater from ground granulated blast furnace slag production, wastewater treatment",m3
9293,zucchini production,kg
1524,glycine production,kg
1196,"electrolyte production, for Li-ion battery",kg
4401,"market for pesticide, unspecified",kg
91,"aircraft production, belly-freight aircraft, long haul",unit
7558,"transport, freight, lorry 3.5-7.5 metric ton, EURO1",metric ton*km
2495,market for biogas,m3
6460,"nitrotoluenes production, toluene nitration",kg
6154,"market for wood preservation, dipping/immersion method, water-based, outdoor use, no ground contact",kg
7395,"synthetic graphite production, battery grade",kg
4372,"market for paper, melamine impregnated",kg
8967,"treatment of waste wood, untreated, open dump, moist infiltration class (300mm)",kg
8947,"treatment of waste rubber, unspecified, municipal incineration",kWh
1876,"intensive beef cattle production, fat steers only, on pasture",kg
6676,pendimethalin production,kg
3599,"market for hard coal, run-of-mine",kg
2472,market for bauxite,kg
7020,"rape seed production, organic",kg
5458,"market for sulfate pulp, unbleached",kg
7386,sweet sorghum grain to generic market for energy feed,MJ
2814,market for cable yarding,hour
7913,"treatment of bottom ash, MSWI[F], waste textile, soiled, slag compartment",kg
4103,"market for metal working, average for metal product manufacturing",kg
6829,polycarbonate production,kg
7303,"steel drilling, computer numerical controlled",kg
9178,"wheat grain processing, dry milling",MJ
80,agricultural trailer production,kg
3374,market for ferry,unit
6525,o-aminophenol production,kg
4300,"market for operation, computer, laptop, standby/sleep mode",hour
5557,"market for tillage, ridge cultivator",ha
8929,"treatment of waste polyvinylchloride, sanitary landfill",MJ
3019,"market for coconut oil, crude",kg
1139,"electricity, high voltage, import from NG",kWh
6916,"potentiometer production, unspecified",kg
4094,market for mercury,kg
882,"diesel production, low-sulfur",kg
6291,metazachlor production,kg
6474,"nuclear power plant construction, pressure water reactor 650MW",unit
3298,"market for epoxy resin insulator, Al2O3",kg
8954,"treatment of waste textile, soiled, municipal incineration FAE",kWh
1329,"fatty alcohol sulfate production, from palm kernel oil",kg
7234,"sodium production, sodium chloride electrolysis, molten salt cell",kg
6452,nickel sulfate production,kg
1005,"electricity production, nuclear, pressure water reactor",kWh
4310,"market for operation, housing system, pig, fully-slatted floor, per pig place",unit
7002,"pyridine production, Chichibabin process",kg
1955,landed anchovy to generic market for marine fish,kg
6355,molybdenum trioxide production,kg
7476,tin dioxide production,kg
212,"application of plant protection product, fumigation",ha
5620,"market for transport, freight, inland waterways, barge with reefer, freezing",metric ton*km
8930,"treatment of waste polyvinylchloride, unsanitary landfill, dry infiltration class (100mm)",kg
3749,"market for indium rich leaching residues, from zinc production",kg
207,"anti-reflex-coating, etching, solar glass",m2
3228,market for drying of maize grain,l
4942,"market for residues, MSWI[F]-WWT-SLF, municipal solid waste",kg
751,"concrete production, 30MPa, with cement, CEM II/B-V",m3
5103,"market for sewage sludge, 70% water, WWT, WW from wafer fabrication",kg
6401,"natural gas, high pressure, import from CZ",m3
4689,market for pyrite ash,kg
4888,"market for residues, MSWI[F], spent anion exchange resin from potable water production",kg
5723,"market for transport, passenger car, medium size, diesel, EURO 3",km
6639,"palm oil, refined, to generic market for vegetable oil, refined",kg
1874,"integrated circuit production, memory type",kg
2484,market for benzoic-compound,kg
3220,"market for dried roughage store, non ventilated",m3
3150,"market for deep well, for geothermal power, onshore, 6000m",m
7244,sodium tetrafluoroborate production,kg
1609,"hardwood forestry, mixed species, sustainable forest management",m3
1404,"flexible duct production, aluminium/PET, DN of 125",m
4451,"market for photovoltaic mounting system, for flat-roof installation",m2
1022,"electricity production, photovoltaic, 3kWp slanted-roof installation, multi-Si, panel, mounted, renewable energy product",kWh
2979,"market for chromium steel removed by milling, dressing",kg
4844,"market for residues, MSWI-WWT-SLF, municipal solid waste",kg
1973,"laser machining, metal, with YAG-laser, 60W power",hour
6784,"planing, board, softwood, u=10%",m3
1015,"electricity production, photovoltaic, 3kWp flat-roof installation, single-Si",kWh
672,"coffee green bean production, arabica, semi-mechanized",kg
7419,"tap water production, underground water without treatment",kg
8698,"treatment of waste cement in concrete and mortar, collection for final disposal",kg
5492,market for synthetic gas,m3
7588,"transport, freight, lorry with refrigeration machine, 3.5-7.5 ton, EURO4, carbon dioxide, liquid refrigerant, freezing",metric ton*km
7728,"treatment of bagasse, from sugarcane, in heat and power co-generation unit, 6400kW thermal",MJ
7043,"refinery gas production, petroleum refinery operation",kg
2633,"market for bottom ash, MSWI-WWT-SLF, refinery sludge",kg
2879,"market for catalytic converter, selective catalytic reduction, 200 litre",unit
5562,market for tin,kg
7897,"treatment of bottom ash, MSWI[F], waste packaging paper, slag compartment",kg
3904,market for light clay brick,kg
3611,market for hay,kg
6439,"natural gas, liquefied, import from QA",m3
4213,market for navy bean,kg
4588,market for potassium permanganate,kg
192,anhydrite production,kg
6392,"natural gas, burned in solid oxide fuel cell 125kWe, future",MJ
8861,"treatment of waste polyethylene, open dump, dry infiltration class (100mm)",kg
8038,"treatment of leachate, SLF, waste paint, wastewater treatment",m3
8327,"treatment of scrap aluminium, municipal incineration FAE",kg
5617,"market for transport, freight, inland waterways, barge",metric ton*km
2508,"market for bitumen adhesive compound, cold",kg
3680,"market for hexamethylene-1,6-diisoncyanate",kg
818,"copper mine operation and beneficiation, sulfide ore",kg
7220,sodium nitrate production,kg
8792,"treatment of waste paint, municipal incineration FAE",kWh
5800,"market for uranium tailing, non-radioactive emission",m3
4156,"market for mine infrastructure, underground, uranium",unit
7256,"solar collector system installation, Cu flat plate collector, multiple dwelling, hot water",unit
8602,"treatment of used capacitor, to hazardous waste incineration, with energy recovery",MJ
4900,"market for residues, MSWI[F], waste paint",kg
6203,market for zineb,kg
4975,"market for rice, basmati",kg
5900,market for used tram,unit
4946,"market for residues, MSWI[F]-WWT-SLF, waste aluminium",kg
6340,"mine infrastructure construction, treatment of sulfidic tailing, off-site, high gold content",unit
6062,market for wastewater from plywood production,m3
8910,"treatment of waste polyurethane, open dump, hyperarid infiltration class (-250mm)",kg
2444,market for base oil,kg
6247,"market group for transport, freight, lorry, unspecified",metric ton*km
7956,"treatment of bottom ash, MSWI[F]-WWT-SLF, waste polyethylene terephthalate, slag compartment",kg
6262,"mattress production, pocket spring",unit
7678,"transport, passenger car, small size, diesel, EURO 3",km
3092,"market for copper scrap, sorted, pressed",kg
2520,market for blast furnace sludge,kg
3116,market for cross-laminated timber,m3
1979,"lath, softwood, raw, air drying to u=20%",m3
3742,"market for impact extrusion of steel, warm, 2 strokes",kg
8850,"treatment of waste polyethylene terephthalate, open dump, wet infiltration class (500mm)",kg
3366,market for ferrite,kg
9121,"vinasse, from fermentation of sweet sorghum, Recycled Content cut-off",kg
1019,"electricity production, photovoltaic, 3kWp slanted-roof installation, a-Si, panel, mounted",kWh
5510,"market for tellurium, semiconductor-grade",kg
2526,"market for bleaching, textile",kg
7941,"treatment of bottom ash, MSWI[F]-WWT-SLF, municipal solid waste, slag compartment",kg
3266,"market for electricity, medium voltage, renewable energy products",kWh
4527,"market for polycarboxylates, 40% active substance",kg
1928,keyboard production,unit
3977,"market for machine operation, diesel, >= 18.64 kW and < 74.57 kW, steady-state",hour
7584,"transport, freight, lorry with refrigeration machine, 3.5-7.5 ton, EURO3, carbon dioxide, liquid refrigerant, freezing",metric ton*km
997,"electricity production, lignite",kWh
6919,"powder coating, aluminium sheet",m2
7789,"treatment of bottom ash, MSWI, waste polyethylene, slag compartment",kg
4160,"market for mini CHP plant, components for electricity only",unit
6978,"propylene production, from methanol-to-propylene conversion",kg
5379,market for spent catalytic converter NOx reduction,kg
8740,"treatment of waste glass, open dump, very wet infiltration class (1000mm)",kg
1361,"fibre production, cotton, organic, ginning",kg
971,"electric connector production, wire clamp",kg
6053,market for wastewater from hard fibreboard production,m3
7211,sodium fluoride production,kg
4947,"market for residues, MSWI[F]-WWT-SLF, waste asphalt",kg
494,"casting, bronze",kg
8661,"treatment of used refrigeration machine, R134a as refrigerant",unit
1621,"hay production, Swiss integrated production, extensive",kg
2185,marine electric motor construction,unit
1459,"furnace production, pellet, 50kW",unit
481,"cast iron milling, average",kg
7222,"sodium nitrate production, unrefined from caliche ore mining",kg
1818,"impact extrusion of aluminium, 2 strokes",kg
4866,"market for residues, MSWI-WWT-SLF, waste polyvinylchloride",kg
3818,"market for joist, engineered wood",m
5852,market for used fluorescent lamp,kg
715,"concrete production, 20MPa, for building construction, with cement, type IP",m3
4454,"market for photovoltaic panel, CIS",m2
35,N-methyl-2-pyrrolidone production,kg
1897,iron pellet production,kg
8609,"treatment of used domestic refrigerator, uncontrolled dismantling",unit
5542,"market for tillage, cultivating, by strip tiller",ha
2794,"market for building, multi-storey",m3
9018,"treatment of zinc slag, residual material landfill",kg
7891,"treatment of bottom ash, MSWI[F], waste cement-fibre slab, dismantled, slag compartment",kg
7563,"transport, freight, lorry 3.5-7.5 metric ton, EURO6",metric ton*km
7172,"silicon tetrahydride production, silicon hydrochlorination",kg
7181,"skidding, skidder",hour
6482,nutrient supply from NPK (15-15-15) fertiliser,kg
9165,"water works construction, capacity 1.1E10l/year, ultrafiltration treatment",unit
4418,market for phenyl acetic acid,kg
7697,"transport, passenger, motor scooter",person*km
2054,"lithium production, lithium chloride electrolysis",kg
8182,"treatment of residues, MSWI-WWT, WW from liquid crystal production, residual material landfill",kg
7947,"treatment of bottom ash, MSWI[F]-WWT-SLF, waste bitumen, slag compartment",kg
7090,"salt production from seawater, evaporation pond",kg
8373,"treatment of sewage sludge, 70% water, WWT, WW from soft fibreboard production, municipal incineration FAE",kg
8859,"treatment of waste polyethylene, municipal incineration FAE",kg
6354,molybdenum production,kg
2233,market for NMC111 hydroxide,kg
1792,hydraulic digger production,unit
1597,"hard coal, import from RNA",kg
1594,"hard coal, import from ID",kg
7546,"transport, freight, light commercial vehicle, EURO1",metric ton*km
8840,"treatment of waste plastic, mixture, unsanitary landfill, very wet infiltration class (1000mm)",kg
6887,port facilities construction,unit
2124,"maintenance, solid oxide fuel cell 125kW electrical, future",unit
8092,"treatment of refinery sludge, hazardous waste incineration",kg
6939,"printed wiring board mounting facility construction, surface mounting line",unit
695,"compressed air production, 600 kPa gauge, >30kW, average generation",m3
721,"concrete production, 20MPa, with cement, CEM II/B-V",m3
1157,"electricity, high voltage, import from SI",kWh
6079,"market for water pump, 22kW",unit
5035,"market for sawnwood, board, softwood, dried (u=10%), planed",m3
7756,"treatment of bottom ash, MSWI, municipal solid waste, slag compartment",kg
8279,"treatment of residues, MSWI[F]-WWT, WW from LCD production, residual material landfill",kg
850,cyclohexanol production,kg
1551,"grass silage production, organic",kg
4423,"market for phosphoric acid factory, fertiliser grade",unit
3522,"market for glass cullet, from fluorescent lamps treatment",kg
7102,"sawing and planing, paraná pine, kiln dried",m3
2027,limestone quarry construction,unit
5462,"market for sulfidic tailings, from gold mine operation",kg
6927,"power saw production, without catalytic converter",unit
977,"electric parts production, mini CHP plant",unit
7023,"rare earth element mine operation and beneficiation, bastnaesite ore",kg
7817,"treatment of bottom ash, MSWI-WWT, WW from liquid crystal production, slag compartment",kg
6646,"paper production, newsprint, virgin",kg
7233,sodium phosphate production,kg
2450,market for basic oxygen furnace slag,kg
9241,"wood preservation, spray tunnel/deluging, solvent-based preservative, indoor use, occasionally wet",kg
8489,"treatment of sewage sludge, 97% water, WWT, WW from plywood production, landfarming",kg
5448,"market for sugar beet seed, for sowing",kg
5488,market for sweet sorghum stem,kg
2369,"market for anaerobic digestion plant, for sewage sludge",unit
5513,market for terbium-dysprosium oxide,kg
4694,"market for quicklime, in pieces, loose",kg
1355,fibre cement corrugated slab production,kg
3263,"market for electricity, medium voltage",kWh
6011,"market for waste polyethylene, for recycling, unsorted",kg
7831,"treatment of bottom ash, MSWI-WWT, rainwater mineral oil storage, slag compartment",kg
6904,potato grading,kg
7278,soybean meal to generic market for protein feed,kg
7488,titanium production,kg
9096,vegetable oil refinery construction,unit
1760,"heat transport fluid system construction, solar thermal parabolic trough, 50 MW",unit
8897,"treatment of waste polystyrene, unsanitary landfill, dry infiltration class (100mm)",kg
6278,"metal working machine production, unspecified",kg
7285,"soybean seed production, organic, for sowing",kg
2666,"market for bottom ash, MSWI[F], lead in car shredder residue",kg
7983,"treatment of decommissioned airport infrastructure, contaminated gravel",unit
1697,"heat production, hardwood chips from forest, at furnace 5000kW",MJ
11,"2,4-dichlorophenol production",kg
8805,"treatment of waste paperboard, sanitary landfill",kWh
3271,"market for electrolyte, copper-rich",kg
6860,"polystyrene foam slab production, 10% recycled",kg
8782,"treatment of waste packaging paper, sanitary landfill",kWh
9013,"treatment of wood ash mixture, pure, municipal incineration",kg
2996,"market for cleaning consumables, without water, in 13.6% solution state",kg
954,"drying, natural gas",m3
832,cottonseed oil refinery operation,kg
3962,"market for lorry, 40 metric ton",unit
2571,"market for bottom ash, MSWI, waste bitumen sheet",kg
7544,"transport, freight, inland waterways, barge with reefer, freezing",metric ton*km
2378,"market for anode slime from electrorefining of copper, anode",kg
1385,"fish curing, small fish",kg
6934,praseodymium-neodymium oxide to generic market for mischmetal,kg
2361,market for ammonium nitrate phosphate,kg
8534,"treatment of sludge from FeCl3 production, underground deposit",kg
9063,uranium hexafluoride production,kg
8296,"treatment of residues, MSWI[F]-WWT, heat carrier liquid, 40% C3H8O2, residual material landfill",kg
2621,"market for bottom ash, MSWI-WWT, WW from soft fibreboard production",kg
6561,"operation, computer, laptop, 23% active work",hour
8028,"treatment of leachate, SLF, sludge from pulp and paper production, wastewater treatment",m3
4805,"market for residues, MSWI, waste rubber, unspecified",kg
8516,"treatment of sewage sludge, 97% water, WWT-SLF, waste paint, landfarming",kg
3553,market for gold,kg
1396,"flat glass production, coated",kg
7372,"sulfur hexafluoride production, liquid",kg
8378,"treatment of sewage sludge, 70% water, WWT, WW from wafer fabrication, municipal incineration FAE",kg
1468,"furnace production, wood chips, hardwood storage area, 50kW",unit
2410,market for atrazine,kg
7058,"resistor production, metal film type, through-hole mounting",kg
2009,"lightweight concrete block production, pumice",kg
2465,"market for battery, Li-ion, LiMn2O4, rechargeable, prismatic",kg
5572,"market for titania slag, 94% titanium dioxide",kg
6720,"photovoltaic cell production, ribbon-Si",m2
1395,flat glass factory construction,unit
8453,"treatment of sewage sludge, 75% water, WWT, WW from grass refinery, sanitary landfill",kWh
6317,milk evaporation,kg
5244,market for sheep fleece in the grease,kg
6173,"market for wood preservative, water-based, indoor use, dry",kg
7593,"transport, freight, lorry with refrigeration machine, 3.5-7.5 ton, EURO6, R134a refrigerant, cooling",metric ton*km
8365,"treatment of sewage sludge, 70% water, WWT, WW from particle board production, municipal incineration",MJ
8404,"treatment of sewage sludge, 70% water, WWT-SLF, waste bitumen, municipal incineration FAE",kg
4227,market for nitrobenzene,kg
2834,"market for calcium carbonate, precipitated",kg
2067,"machine construction, for treatment of waste electric and electronic equipment",unit
6110,market for white asparagus,kg
7254,solar collector factory construction,unit
528,cellulose fibre production,kg
9195,"willow production, short rotation coppice",kg
7175,silver mine operation with extraction,kg
1095,"electricity, high voltage, import from CN-SWG",kWh
5395,"market for sputtering, indium tin oxide, for liquid crystal display",m3
7901,"treatment of bottom ash, MSWI[F], waste plastic, industrial electronics, slag compartment",kg
7519,"transmission network construction, electricity, high voltage",km
2026,"limestone production, crushed, washed",kg
8817,"treatment of waste plastic plaster, sanitary landfill",kWh
8576,"treatment of tin slag, residual material landfill",kg
1596,"hard coal, import from RLA",kg
1358,"fibre cement facing tile production, small format",kg
2770,"market for brass removed by turning, primarily dressing, computer numerical controlled",kg
8330,"treatment of scrap lead acid battery, remelting",kg
4183,"market for mounting, through-hole technology, Pb-free solder",m2
6192,market for zinc,kg
9114,"ventilation system production, decentralized, 6 x 120 m3/h, steel ducts, with earth tube heat exchanger",unit
2615,"market for bottom ash, MSWI-WWT, WW from maize starch production",kg
1618,"harvesting, use of harvesting cart",kg
589,"chipper production, mobile, diesel",unit
6703,phenolic resin production,kg
8291,"treatment of residues, MSWI[F]-WWT, WW from soft fibreboard production, residual material landfill",kg
9125,vinyl fluoride production,kg
2898,market for cement tile,kg
8086,"treatment of poultry manure, drying, pelleting",kg
7280,"soybean oil, refined, to generic market for vegetable oil, refined",kg
7866,"treatment of bottom ash, MSWI[F], copper in car shredder residue, slag compartment",kg
2429,market for barium hydroxide,kg
8353,"treatment of sewage sludge, 70% water, WWT, WW from concrete production, municipal incineration",MJ
8063,"treatment of metal part of electronics scrap, in copper, anode, by electrolytic refining",kg
260,"base oil production, petroleum refinery operation",kg
2759,"market for bottom ash, MSWI[F]-WWT-SLF, waste wood, untreated",kg
8560,"treatment of spent solvent mixture, hazardous waste incineration, with energy recovery",kg
3464,"market for fruit tree seedling, for planting",unit
7818,"treatment of bottom ash, MSWI-WWT, WW from maize starch production, slag compartment",kg
2295,"market for aircraft, passenger, long haul",unit
1782,holmium oxide to generic market for mischmetal,kg
3780,"market for internal combustion engine, passenger car",kg
6218,"market group for heat, central or small-scale, biomethane",MJ
3417,"market for fishmeal, 65-67% protein",kg
5520,"market for textile, jute",kg
7132,"selective coating, aluminium sheet, nickel pigmented aluminium oxide",m2
160,"aluminium, ingot, primary, import from Africa",kg
1924,"kenaf production, irrigated",kg
3783,"market for internet access, work, 0.2 Mbit/s",hour
8095,"treatment of refinery sludge, sanitary landfill",kg
6424,"natural gas, high pressure, import from TM",m3
1036,"electricity production, wind, <1MW turbine, onshore",kWh
519,"cathode production, NCA, for Li-ion battery",kg
6597,"optical brighteners production, for paper production",kg
7282,"soybean production, Swiss integrated production, intensive",kg
4239,"market for nuclear fuel element, for pressure water reactor, UO2 3.9% & MOX",kg
6054,market for wastewater from liquid crystal display backlight production,m3
1060,"electricity, high voltage, hydro, run-of-river, import from France, renewable energy products",kWh
3,"1,3-dichloropropene to generic market for pesticide, unspecified",kg
3283,"market for electronics, for control units",kg
4987,"market for router, internet",unit
8128,"treatment of residues, MSWI, residue from mechanical treatment, CRT display, residual material landfill",kg
3496,"market for furnace, wood chips, with silo, 1000kW",unit
526,cauliflower production,kg
9167,"water works construction, capacity 6.23E10l/year, seawater reverse osmosis, ultrafiltration pretreatment",unit
8214,"treatment of residues, MSWI-WWT-SLF, waste paperboard, residual material landfill",kg
6208,market for zucchini,kg
1651,"heat and power co-generation unit construction, organic Rankine cycle, 1400kW thermal, common components, heat+el",unit
7775,"treatment of bottom ash, MSWI, waste building wood, chrome preserved, slag compartment",kg
5509,market for television,unit
4962,"market for residues, MSWI[F]-WWT-SLF, waste polyvinylchloride",kg
4952,"market for residues, MSWI[F]-WWT-SLF, waste newspaper",kg
6946,"printed wiring board production, for through-hole mounting, Pb free surface",m2
2947,"market for chemical, organic",kg
4170,"market for molasses, from sugar beet",kg
6842,"polyethylene production, high density, granulate, recycled",kg
2431,market for barium sulfide,kg
2528,"market for blower and heat exchange unit, Avent E 97",unit
5534,market for thermo-mechanical pulp,kg
5773,market for trimesoyl chloride,kg
5267,market for silver,kg
8644,treatment of used motor scooter,unit
5147,"market for sewage sludge, 75% water, WWT, WW from ceramic production",kg
2128,"maintenance, tanker, for liquid goods other than petroleum and liquefied natural gas",unit
5350,"market for solder, bar, Sn95.5Ag3.9Cu0.6, for electronics industry",kg
1218,"energy requirement for assembly of heat and power co-generation unit, 160kW electrical",unit
8319,"treatment of residues, MSWI[F]-WWT-SLF, waste wood, untreated, residual material landfill",kg
8277,"treatment of residues, MSWI[F]-WWT, WW from CRT production, residual material landfill",kg
8359,"treatment of sewage sludge, 70% water, WWT, WW from hard fibreboard production, municipal incineration",MJ
8635,"treatment of used liquid crystal display module, municipal incineration FAE",kg
475,"carrot seed production, for sowing",kg
3983,"market for machine operation, diesel, >= 74.57, underground mining",hour
674,coffee maker production,unit
4370,"market for paper mill, non-integrated",unit
941,"door production, outer, wood-glass",m2
8106,"treatment of residue from mechanical treatment, desktop computer, municipal incineration FAE",kWh
4329,market for oriented strand board,m3
6243,"market group for transport, freight, inland waterways, barge",metric ton*km
5599,"market for transistor, auxilliaries and energy use",kg
3447,"market for fodder loading, by self-loading trailer",m3
1702,"heat production, light fuel oil, at boiler 100kW condensing, non-modulating",MJ
8973,"treatment of waste wood, untreated, unsanitary landfill, moist infiltration class (300mm)",kg
6363,"mounting, through-hole technology, Pb-free solder",m2
9171,weaned calves production on pasture,kg
3833,"market for land tenure, arable land, measured as carbon net primary productivity, perennial crop",kg
1242,ethanol fermentation plant construction,unit
9129,"washing, drying and finishing laundry",kg
6047,market for wastewater from cathode ray tube production,m3
949,drying of grass,l
6491,nutrient supply from calcium ammonium nitrate,kg
6788,"planing, lath, softwood, u=10%",kg
8792,"treatment of waste paint, municipal incineration FAE",kg
213,apricot production,kg
1094,"electricity, high voltage, import from CN-SGCC",kWh
3767,market for injection moulding,kg
5317,market for sodium nitrite,kg
6259,"market group for waste wood, untreated",kg
6695,"petroleum and gas production, onshore",m3
844,"cumene production, benzene alkylation",kg
8712,"treatment of waste electric and electronic equipment, shredding",kg
7690,"transport, passenger train, long-distance",person*km
883,"diesel production, low-sulfur, petroleum refinery operation",kg
6909,"potato seed production, Swiss integrated production, at farm",kg
5761,"market for trellis system, wooden poles, soft wood, tar impregnated",ha
262,"basic oxygen furnace dust to market for basic oxygen furnace dust, for recovery",kg
1504,"glass production, for liquid crystal display",kg
1461,"furnace production, pellets, 9kW",unit
389,"brass turning, primarily roughing, computer numerical controlled",kg
5981,"market for waste mineral wool, for final disposal",kg
2880,"market for catalytic converter, three-way, 19.1l",unit
265,basic oxygen furnace secondary metallurgy slag to market for basic oxygen furnace secondary metallurgy slag for recovery,kg
300,beef cattle production on pasture and feedlot,kg
7216,sodium hydroxide to generic market for neutralising agent,kg
2083,"magnesium chloride, from hafnium sponge production, Recycled Content cut-off",kg
6968,processing of nickel-rich materials,kg
1400,flax husks to generic market for energy feed,MJ
6152,"market for wood preservation, dipping/immersion method, water-based, indoor use, dry",kg
6509,nutrient supply from potassium sulfate,kg
6885,"polyvinylidenchloride production, granulate",kg
3215,"market for door, outer, wood-aluminium",m2
3970,"market for machine operation, diesel, < 18.64 kW, high load factor",hour
4118,market for methyl acrylate,kg
8117,"treatment of residue from shredder fraction from manual dismantling, municipal incineration FAE",kg
5608,"market for transport, freight train",metric ton*km
708,"concentrated solar power plant construction, solar thermal parabolic trough, 50 MW",unit
8787,"treatment of waste paint on wood, collection for final disposal",kg
1214,"energy and auxilliary inputs, metal working machine, with process heat from hard coal",kg
4774,"market for residues, MSWI, residue from mechanical treatment, LCD",kg
3085,"market for cooling energy, at -55 °C",MJ
3530,"market for glass fibre reinforced plastic, polyester resin, hand lay-up",kg
1570,gypsum fibreboard production,kg
907,dimethyl sulfide production,kg
586,chickpea production,kg
46,"abrasive blasting, alumina, carbon steel substrate",m2
6357,"monochloropentafluoroethane production, chlorofluorination of ethylene",kg
9247,"wood preservation, vacuum pressure method, organic salt, Cr-free, outdoor use, ground contact",kg
8786,"treatment of waste paint on wall, sorting plant",kg
7170,"silicon production, solar grade, modified Siemens process",kg
5965,"market for waste emulsion paint, on wall",kg
8502,"treatment of sewage sludge, 97% water, WWT-SLF, municipal solid waste, landfarming",kg
6213,market group for diesel,kg
1063,"electricity, high voltage, import from AR",kWh
8031,"treatment of leachate, SLF, waste bitumen, wastewater treatment",m3
4658,market for propane,kg
630,citric acid production,kg
8442,"treatment of sewage sludge, 70% water, WWT[U], WW from lorry production, municipal incineration FAE",kg
6090,"market for weaned calves, live weight",kg
5822,"market for used air filter decentralized unit, 180-250 m3/h",unit
3363,market for feldspar,kg
8066,"treatment of municipal solid waste, municipal incineration",kWh
5306,market for sodium formate,kg
935,"dodecanol production, ziegler process",kg
2587,"market for bottom ash, MSWI, waste polypropylene",kg
3827,market for lactic acid,kg
8986,"treatment of wastewater from black chrome coating, wastewater treatment",m3
5806,"market for uranium, enriched 3.9%, per separative work unit",unit
7396,synthetic rubber production,kg
6061,market for wastewater from pig iron production,m3
2855,"market for carrot seed, Swiss integrated production, at farm",kg
766,"concrete production, 40MPa, for building construction, with cement, CEM II/A",m3
4477,market for pinto bean,kg
548,"cement production, CEM V/A",kg
4813,"market for residues, MSWI, zinc in car shredder residue",kg
3126,market for cyclohexanol,kg
6900,"potassium nitrate production, technical grade",kg
3458,market for fraction 1 from naphtha separation,kg
8126,"treatment of residues, MSWI, municipal solid waste, residual material landfill",kg
1124,"electricity, high voltage, import from IT",kWh
687,compact fluorescent lamp production,unit
6623,"packaging production for solid fertiliser or pesticide, per kilogram of packed product",kg
1307,"expansion vessel production, 25l",unit
5618,"market for transport, freight, inland waterways, barge tanker",metric ton*km
9202,"wind turbine construction, 2MW, onshore",unit
8271,"treatment of residues, MSWI[F], waste textile, soiled, residual material landfill",kg
5856,"market for used insulation spiral-seam duct rockwool, DN 400",m
4997,market for ryegrass silage,kg
959,"dust collector production, multicyclone",unit
3614,"market for hay, organic, intensive",kg
8268,"treatment of residues, MSWI[F], waste rubber, unspecified, residual material landfill",kg
328,"biomethane pressure reduction, from high to low pressure",MJ
7201,"sodium chloride production, brine solution",kg
9049,"ultrafiltration module production, hollow fiber",unit
4381,"market for particleboard, uncoated",m3
127,aluminium electrolysis facility construction,unit
8650,"treatment of used purse seiner, steel",kg
5297,"market for sodium chloride, powder",kg
829,corrugated board box production,kg
1185,"electricity, low voltage, residual mix",kWh
8652,treatment of used railway track,m*year
334,"biomethane, low pressure burned in micro gas turbine 100kWe",kWh
5127,"market for sewage sludge, 70% water, WWT-SLF, waste plastic plaster",kg
3917,market for lignite briquettes factory,unit
8962,"treatment of waste wood, untreated, municipal incineration",kWh
7365,"sulfate pulp production, from softwood, bleached",kg
8613,"treatment of used door, outer, wood-glass, collection for final disposal",m2
2264,market for acrylonitrile,kg
1823,"impact extrusion of aluminium, cold, tempering",kg
4261,market for o-dichlorobenzene,kg
3001,"market for clover seed, Swiss integrated production, for sowing",kg
2497,"market for biomethane, high pressure",m3
8456,"treatment of sewage sludge, 75% water, WWT, WW from maize starch production, sanitary landfill",MJ
5289,market for sodium,kg
3895,market for lead concentrate,kg
1250,ethanol production from whey,kg
2251,market for acetoacetic acid,kg
289,"battery production, NiMH, rechargeable, prismatic",kg
2290,"market for aircraft, belly freight, very short haul",unit
7997,"treatment of electronics scrap, metals recovery in copper smelter",kg
5808,"market for uranium, enriched 4.0%, per separative work unit",unit
5155,"market for sewage sludge, 75% water, WWT, WW from particle board production",kg
5778,market for triple superphosphate,kg
1663,"heat and power co-generation, natural gas, 200kW electrical, lean burn",MJ
7454,"tilapia feed production, commercial",kg
5504,"market for tantalum powder, capacitor-grade",kg
1790,"housing system construction, pig, electricity from renewable energy products",unit
1051,"electricity, high voltage, aluminium industry, production mix",kWh
8881,"treatment of waste polypropylene, sanitary landfill",MJ
6902,"potassium permanganate production, manganese dioxide oxidation",kg
4558,"market for polystyrene, general purpose",kg
5697,"market for transport, freight, sea, tanker for liquid goods other than petroleum and liquefied natural gas",metric ton*km
6367,mulberry production,kg
6645,"paper production, newsprint, recycled",kg
4176,market for monochloropentafluoroethane,kg
2242,market for [sulfonyl]urea-compound,kg
7491,titanium tetrachloride production,kg
7331,"storage production, 10'000 l",unit
3204,"market for disk drive, CD/DVD, ROM, for laptop computer",unit
8725,"treatment of waste expanded polystyrene, municipal incineration FAE",kg
1480,"gallium production, semiconductor-grade",kg
2669,"market for bottom ash, MSWI[F], raw sewage sludge",kg
8362,"treatment of sewage sludge, 70% water, WWT, WW from maize starch production, municipal incineration",kWh
5052,"market for sawnwood, paraná pine, dried (u=10%)",m3
8471,"treatment of sewage sludge, 75% water, WWT[U], WW from lorry production, sanitary landfill",kWh
6660,"particleboard production, uncoated, average glue mix",m3
5183,"market for sewage sludge, 97% water, WWT, WW from medium density board production",kg
7869,"treatment of bottom ash, MSWI[F], lead in car shredder residue, slag compartment",kg
1197,"electrolyte, copper-rich to generic market for copper-rich materials",kg
4151,"market for mine infrastructure, potash salt",unit
4729,market for reeled raw silk hank,kg
6549,onshore petroleum field infrastructure construction,unit
8846,"treatment of waste polyethylene terephthalate, open dump, dry infiltration class (100mm)",kg
1708,"heat production, mixed logs, at furnace 100kW",MJ
2032,"linseed seed production, for sowing",kg
591,"chlor-alkali electrolysis, average production",kg
3391,"market for fibre, kenaf",kg
190,"anchovy, capture by wooden purse seiner and landing whole, fresh",kg
5098,"market for sewage sludge, 70% water, WWT, WW from plywood production",kg
1738,"heat production, untreated waste wood, at furnace 1000-5000 kW, state-of-the-art 2014",MJ
230,avocado production,kg
7400,"tanker production, for liquefied natural gas",unit
1785,"hot rolling, steel",MJ
3469,"market for fuel cell, stack solid oxide, 125kW electrical, future",unit
270,"basic oxygen furnace slag, for recovery, Recycled Content cut-off",kg
2157,"maize silage production, Swiss integrated production, intensive",kg
4572,"market for polyvinylidenchloride, granulate",kg
9282,zinc mine operation,kg
7067,"rice production, non-basmati",kg
2854,market for carrot,kg
1161,"electricity, high voltage, import from TN",kWh
2602,"market for bottom ash, MSWI-WWT, WW from CRT production",kg
3187,market for dimethylamine,kg
9090,"used vegetable cooking oil, purified, Recycled Content cut-off",kg
1154,"electricity, high voltage, import from RU",kWh
8616,treatment of used electric bicycle,unit
3941,market for liquid manure storage and processing facility,m3
8264,"treatment of residues, MSWI[F], waste polystyrene, residual material landfill",kg
1691,"heat production, hard coal briquette, stove 5-15kW",MJ
4412,market for petroleum refinery,unit
7942,"treatment of bottom ash, MSWI[F]-WWT-SLF, refinery sludge, slag compartment",kg
2329,"market for aluminium oxide, non-metallurgical",kg
1446,"funnel glass production, for cathode ray tube display",kg
8793,"treatment of waste paint, sanitary landfill",MJ
871,"delimbing, with excavator-based processor",hour
286,"battery production, Li-ion, NMC111, rechargeable, prismatic",kg
8002,"treatment of glass cullet, from fluorescent lamps treatment, 0% water, inert material landfill",kg
623,"chromium steel turning, average, computer numerical controlled",kg
5814,"market for urea formaldehyde foam slab, hard",kg
3929,market for limestone residue,kg
6878,"polyurethane production, rigid foam",kg
6492,nutrient supply from calcium nitrate,kg
9181,"wheat grain production, Swiss integrated production, intensive",kg
634,clay pit construction,unit
6691,"petrol, low-sulfur, import from Europe",kg
7012,"railway track construction, for high-speed train",m*year
8830,"treatment of waste plastic, mixture, open burning",kg
7795,"treatment of bottom ash, MSWI, waste rubber, unspecified, slag compartment",kg
116,alpha-picoline production,kg
1174,"electricity, high voltage, import from ZA",kWh
6120,"market for wind turbine network connection, 750kW, onshore",unit
4165,"market for miscanthus, chopped",kg
296,"beam, softwood, raw, air drying to u=20%",m3
6738,"photovoltaic mounting system production, for flat-roof installation",m2
9179,wheat grain production,kg
8791,"treatment of waste paint, municipal incineration",kg
6084,"market for water, completely softened",kg
7517,"transistor production, wired, big size, through-hole mounting",kg
2594,"market for bottom ash, MSWI, waste sealing sheet, polyvinylchloride",kg
167,"aluminium, ingot, primary, import from South America",kg
774,"concrete production, 40MPa, for civil engineering, with cement, Portland",m3
4389,market for peanut,kg
4758,"market for residue from mechanical treatment, laser printer",kg
2569,"market for bottom ash, MSWI, steel in car shredder residue",kg
7553,"transport, freight, lorry 16-32 metric ton, EURO4",metric ton*km
1739,"heat production, wood chips from industry, at furnace 1000kW",MJ
3869,"market for leachate, SLF, residue from cooling tower",m3
8768,"treatment of waste mineral oil, hazardous waste incineration, with energy recovery",MJ
4237,"market for nuclear fuel element, for boiling water reactor, UO2 4.0% & MOX",kg
3372,market for ferrosilicon,kg
4507,market for plaster mixing,kg
8748,"treatment of waste graphical paper, municipal incineration",kWh
9251,"wood preservative production, organic, indoor use, dry",kg
8289,"treatment of residues, MSWI[F]-WWT, WW from plywood production, residual material landfill",kg
7081,"rye grain, feed production, organic",kg
1890,iodine production,kg
7194,"soda production, solvay process",kg
7508,"train production, passenger, high speed",unit
5212,"market for sewage sludge, 97% water, WWT-SLF, waste packaging paper",kg
5750,"market for transport, pipeline, offshore, long distance, natural gas",metric ton*km
8771,"treatment of waste mineral wool, collection for final disposal",kg
5710,"market for transport, passenger car, EURO 3",km
8116,"treatment of residue from shredder fraction from manual dismantling, municipal incineration",kWh
7880,"treatment of bottom ash, MSWI[F], residue from shredder fraction from manual dismantling, slag compartment",kg
828,cork slab production,kg
5730,"market for transport, passenger car, medium size, petrol, EURO 3",km
1435,"fraction 7 from naphtha separation to generic market for chemical, organic",kg
6328,"mine construction, open cast, hard coal",unit
592,"chlor-alkali electrolysis, diaphragm cell",kg
3883,"market for leachate, SLF, waste plastic plaster",m3
2919,"market for cement, CP IV",kg
2256,market for acetylene,kg
7617,"transport, freight, lorry, all sizes, EURO5 to generic market for transport, freight, lorry, unspecified",metric ton*km
6621,"packaging production for liquid fertiliser or pesticide, per kilogram of packed product",kg
3859,"market for laterite, mineral",kg
923,dipropyl amine production,kg
3262,"market for electricity, low voltage, renewable energy products",kWh
7566,"transport, freight, lorry 7.5-16 metric ton, EURO2",metric ton*km
9002,"treatment of wastewater from plywood production, wastewater treatment",MJ
88,"air input/output unit production, heat and power co-generation unit, 160kW electrical",unit
9239,"wood preservation, pressure vessel, creosote, outdoor use, ground contact",kg
8053,"treatment of lead smelter slag, residual material landfill",kg
8454,"treatment of sewage sludge, 75% water, WWT, WW from hard fibreboard production, sanitary landfill",kWh
1719,"heat production, natural gas, at boiler fan burner low-NOx non-modulating <100kW",MJ
7918,"treatment of bottom ash, MSWI[F], wood ash mixture, pure, slag compartment",kg
3577,"market for green manure, Swiss integrated production, until March",ha
1365,"fibre production, kenaf, retting",kg
6705,phenyl acetic acid production,kg
8870,"treatment of waste polyethylene, unsanitary landfill, very wet infiltration class (1000mm)",kg
4631,"market for printed wiring board, for surface mounting, Pb containing surface",m2
3208,"market for distribution network, electricity, low voltage",km
3930,"market for limestone, crushed, for mill",kg
3307,"market for ethanol, without water, in 95% solution state, from fermentation",kg
6710,"phosphoric acid factory construction, fertiliser grade",unit
2758,"market for bottom ash, MSWI[F]-WWT-SLF, waste polyvinylchloride",kg
4091,market for melon,kg
5310,"market for sodium hydroxide, without water, in 50% solution state",kg
7824,"treatment of bottom ash, MSWI-WWT, WW from soft fibreboard production, slag compartment",kg
2863,"market for cast iron removed by milling, average",kg
4523,market for polyacrylamide,kg
993,"electricity production, hydro, reservoir, non-alpine region",kWh
6531,oat grain production,kg
8441,"treatment of sewage sludge, 70% water, WWT[U], WW from lorry production, municipal incineration",kg
3723,"market for impact extrusion of aluminium, cold, tempering",kg
570,"cement, all types to generic market for cement, unspecified",kg
3404,"market for finishing, textile, woven cotton",kg
4098,market for metal working factory,unit
3656,"market for heat transport fluid system, solar thermal parabolic trough, 50 MW",unit
6244,"market group for transport, freight, inland waterways, barge tanker",metric ton*km
8443,"treatment of sewage sludge, 75% water, WWT, WW from CRT production, sanitary landfill",kg
5854,"market for used glider, passenger car",kg
3486,"market for furnace, pellets, with silo, 300kW",unit
3190,market for dimethyldichlorosilane,kg
4375,"market for paper, woodcontaining, supercalendered",kg
4006,"market for maintenance, goods wagon",unit
4639,"market for printed wiring board, mounted mainboard, mobile device, double-sided, Pb free",m2
2644,"market for bottom ash, MSWI-WWT-SLF, waste packaging paper",kg
1537,grape production,kg
6274,"mercerizing, textile",kg
7896,"treatment of bottom ash, MSWI[F], waste newspaper, slag compartment",kg
6529,o-nitrophenol production,kg
9092,vanadium-titanomagnetite mine operation and beneficiation,kg
2765,market for brass,kg
1856,"industrial furnace production, 1MW, oil",unit
6598,"orange production, fresh grade",kg
3745,"market for impact extrusion of steel, warm, 5 strokes",kg
1608,"hardwood forestry, meranti, sustainable forest management",m3
2433,"market for bark chips, wet, measured as dry mass",kg
8907,"treatment of waste polyurethane, municipal incineration FAE",MJ
3716,market for imidazole,kg
3986,"market for magnesium chloride, from hafnium sponge production",kg
5389,market for spodumene,kg
7104,"sawing, softwood",m3
5312,"market for sodium metasilicate pentahydrate, 58% active substance, powder",kg
8793,"treatment of waste paint, sanitary landfill",kWh
1072,"electricity, high voltage, import from BR-Southern grid",kWh
3120,market for cumene,kg
7781,"treatment of bottom ash, MSWI, waste newspaper, slag compartment",kg
9213,"window frame production, wood-metal, U=1.6 W/m2K",kg
8250,"treatment of residues, MSWI[F], waste cement-fibre slab, dismantled, residual material landfill",kg
2688,"market for bottom ash, MSWI[F], waste cement-fibre slab, dismantled",kg
7998,"treatment of filter dust from Al electrolysis, residual material landfill",kg
171,"aminopyridine production, Chichibabin amination",kg
369,"blower and heat exchange unit production, decentralized, 180-250 m3/h",unit
8696,"treatment of waste building wood, chrome preserved, municipal incineration FAE",kWh
4090,market for melamine urea formaldehyde adhesive,kg
2590,"market for bottom ash, MSWI, waste polyvinylchloride",kg
2463,market for battery separator,kg
2430,market for barium oxide,kg
4886,"market for residues, MSWI[F], residue from shredder fraction from manual dismantling",kg
2428,market for barium carbonate,kg
1684,"heat production, at solar+gas heating, flat plate, one-family house, combined system",MJ
3171,"market for diesel-electric generating set, 10MW",unit
4243,market for nuclear fuel factory,unit
1963,"laser machining, metal, with CO2-laser, 4000W power",hour
5722,"market for transport, passenger car, large size, petrol, EURO 5",km
3700,"market for hydrocarbons, aromatic, cyclic (C9+)",kg
6882,polyvinylfluoride production,kg
4217,"market for nickel concentrate, 16% Ni",kg
4983,market for rock crushing,kg
6689,"petrol production, low-sulfur",kg
6523,nylon 6-6 production,kg
8504,"treatment of sewage sludge, 97% water, WWT-SLF, residue from cooling tower, landfarming",kg
8401,"treatment of sewage sludge, 70% water, WWT-SLF, waste asphalt, municipal incineration",kg
7363,"sulfate pulp production, from eucalyptus, bleached",MJ
7906,"treatment of bottom ash, MSWI[F], waste polystyrene, slag compartment",kg
6391,"natural gas, burned in polymer electrolyte membrane fuel cell 2kWe, future",MJ
830,cottonseed meal to generic market for protein feed,kg
5978,market for waste mineral oil,kg
27,"6-benzyladenine production",kg
9187,"wheat seed production, Swiss integrated production, for sowing",kg
5887,"market for used refrigeration machine, R134a as refrigerant",unit
5313,market for sodium methoxide,kg
3346,"market for explosive, tovex",kg
488,"cast iron turning, primarily dressing, computer numerical controlled",kg
7969,"treatment of coal slurry, impoundment",kg
6930,"power supply unit production, for desktop computer",unit
3227,market for drying of lentils,l
4512,"market for plasticiser, for concrete, based on sulfonated melamine formaldehyde",kg
5391,market for spoil from lignite mining,kg
9244,"wood preservation, spray tunnel/deluging, water-based preservative, indoor use, occasionally wet",kg
5056,"market for sawnwood, softwood, raw, dried (u=10%)",m3
1929,kiwi production,kg
8683,"treatment of used window frame, plastic, collection for final disposal",m2
2828,"market for cadmium, semiconductor-grade",kg
397,bromoxynil production,kg
8313,"treatment of residues, MSWI[F]-WWT-SLF, waste polyethylene terephthalate, residual material landfill",kg
8220,"treatment of residues, MSWI-WWT-SLF, waste polystyrene, residual material landfill",kg
1023,"electricity production, photovoltaic, 3kWp slanted-roof installation, ribbon-Si, laminated, integrated",kWh
2993,market for clay pit infrastructure,unit
6086,"market for water, deionised",kg
6426,"natural gas, high pressure, import from TT",m3
8571,"treatment of sulfidic tailings, from silver mine operation, tailings impoundment",kg
5020,"market for sawlog and veneer log, softwood, measured as solid wood under bark",m3
3394,"market for fibre, viscose",kg
2629,"market for bottom ash, MSWI-WWT-SLF, hard coal ash",kg
2791,"market for building, hall, wood construction",m2
8157,"treatment of residues, MSWI, waste polystyrene, residual material landfill",kg
2398,"market for argon, liquid",kg
5205,"market for sewage sludge, 97% water, WWT-SLF, waste asphalt",kg
8790,"treatment of waste paint, inert material landfill",kg
8789,"treatment of waste paint, hazardous waste incineration, with energy recovery",MJ
3797,"market for iron scrap, unsorted",kg
3396,"market for fibreboard, hard",m3
7946,"treatment of bottom ash, MSWI[F]-WWT-SLF, waste asphalt, slag compartment",kg
6636,palm kernel meal to generic market for protein feed,kg
5678,"market for transport, freight, lorry with refrigeration machine, 7.5-16 ton, EURO4, carbon dioxide, liquid refri(...)_12",metric ton*km
8823,"treatment of waste plastic, consumer electronics, open burning",kg
7829,"treatment of bottom ash, MSWI-WWT, condensate from light oil boiler, slag compartment",kg
135,"aluminium milling, dressing",kg
4362,market for palm kernel meal,kg
4680,"market for purse seiner maintenance, steel",kg
2975,market for chromium steel pipe,kg
2370,market for anhydrite,kg
411,"building operation, hostel",guest night
1989,lemon production,kg
8171,"treatment of residues, MSWI-WWT, WW from GGBFS production, residual material landfill",kg
3744,"market for impact extrusion of steel, warm, 4 strokes",kg
1333,"fava bean production, Swiss integrated production, at farm",kg
1105,"electricity, high voltage, import from ES",kWh
5288,"market for soda ash, light",kg
7890,"treatment of bottom ash, MSWI[F], waste building wood, chrome preserved, slag compartment",kg
574,cerium oxide to generic market for mischmetal,kg
1418,"foam glass production, without cullet, electricity from renewable energy products",kg
8854,"treatment of waste polyethylene terephthalate, unsanitary landfill, moist infiltration class (300mm)",kg
5226,"market for sewage sludge, 97% water, WWT[R], WW from anaerobic digestion of whey",kg
6297,"methanol production, natural gas reforming",kg
9277,"zeolite production, powder",kg
359,"bleaching and dyeing, yarn",kg
4190,"market for multi-Si wafer, ribbon",m2
2689,"market for bottom ash, MSWI[F], waste emulsion paint",kg
65,"acrylic dispersion production, with water, in 58% solution state",kg
2686,"market for bottom ash, MSWI[F], waste bitumen sheet",kg
8907,"treatment of waste polyurethane, municipal incineration FAE",kg
7975,"treatment of copper in car shredder residue, municipal incineration",kg
1904,"iron(III) chloride production, without water, in 12% iron solution state",kg
8451,"treatment of sewage sludge, 75% water, WWT, WW from concrete production, sanitary landfill",MJ
2390,"market for antimony slag, desulfurised",kg
6056,market for wastewater from liquid crystal production,m3
355,"blast furnace sludge, for recovery to generic market for supplementary cementitious materials",kg
919,"diode production, glass-, for surface-mounting",kg
5871,"market for used lorry, 40 metric ton",unit
5553,"market for tillage, harrowing, by spring tine harrow",ha
3541,"market for glider, passenger car",kg
9084,urea production,kg
8011,"treatment of hard coal ash, sanitary landfill",kWh
7552,"transport, freight, lorry 16-32 metric ton, EURO3",metric ton*km
8982,"treatment of waste, pneumatic tyres, open burning",kg
4518,market for plywood,m3
4806,"market for residues, MSWI, waste sealing sheet, polyethylene",kg
6272,melon production,kg
7365,"sulfate pulp production, from softwood, bleached",kWh
8956,"treatment of waste vapour barrier, flame-retarded, municipal incineration FAE",kg
4591,market for potato grading,kg
3422,market for flattened bamboo,kg
6235,market group for municipal solid waste,kg
8032,"treatment of leachate, SLF, waste emulsion paint, wastewater treatment",m3
6760,phthalimide production,kg
3053,"market for concrete, 30MPa",m3
298,"beam, softwood, raw, kiln drying to u=20%",m3
6794,"planting with starter fertiliser or amendment, by no till planter",ha
3275,"market for electron gun, for cathode ray tube display",kg
8766,"treatment of waste gypsum, sanitary landfill",kWh
716,"concrete production, 20MPa, self-construction, for building construction, with cement, Portland",m3
5344,"market for solar collector system, Cu flat plate collector, one-family house, combined system",unit
1114,"electricity, high voltage, import from HR",kWh
2865,"market for cast iron removed by milling, large parts",kg
2364,market for ammonium sulfate,kg
5872,market for used motor scooter,unit
6093,"market for weed control, by brush cutter, pasture",ha
8521,"treatment of sewage sludge, 97% water, WWT-SLF, waste polyethylene, landfarming",kg
253,"barley grain, feed production",kg
6835,"polyether polyols production, long chain",kg
6807,"plastic flake production, consumer electronics, for recycling, by grinding/shredding, formal sector",kg
5517,market for tetrafluoroethylene,kg
3140,"market for deep drawing, steel, 10000 kN press, automode",kg
8556,treatment of spent perfluoropentane,kg
4262,market for o-nitrophenol,kg
198,"anode production, graphite, for Li-ion battery",kg
6467,"nuclear fuel element production, for pressure water reactor, UO2 3.8% & MOX",kg
2036,"liquid crystal display production, minor components, auxilliaries and assembly effort",kg
6352,"molasses, from sugar beet, to generic market for energy feed",MJ
5776,market for trinexapac-ethyl,kg
5272,market for skidder,unit
201,"anode production, silicon coated graphite, NCA, for Li-ion battery",kg
2134,"maintenance, transmission network, electricity, high voltage direct current aerial line",km*year
7988,"treatment of digester sludge, municipal incineration",kWh
3899,market for lean concrete,m3
5801,"market for uranium, enriched 3.0%, in fuel element for light water reactor",kg
6164,"market for wood preservation, spray tunnel/deluging, water-based, outdoor use, no ground contact",kg
8935,"treatment of waste polyvinylfluoride, municipal incineration",MJ
8413,"treatment of sewage sludge, 70% water, WWT-SLF, waste packaging paper, municipal incineration",MJ
6668,peach production,kg
2354,market for amine oxides,kg
1892,ioxynil production,kg
6,"1-methylcyclopropene production",kg
3395,"market for fibre-reinforced concrete, steel",m3
6746,"photovoltaic plant construction, 570kWp, multi-Si, on open ground",unit
6622,"packaging production for pesticide, per kilogram of packed product",kg
8594,"treatment of used blower and heat exchange unit, KWLC 1200",unit
5718,"market for transport, passenger car, large size, natural gas, EURO 4",km
2151,"maize seed production, Swiss integrated production, for sowing",kg
4431,market for photovoltaic cell factory,unit
6847,"polyethylene terephthalate production, granulate, bottle grade",kg
5347,"market for solar glass, low-iron",kg
8293,"treatment of residues, MSWI[F]-WWT, WW from wafer fabrication, residual material landfill",kg
4445,"market for photovoltaic laminate, ribbon-Si",m2
2184,"manure, solid, cattle, Recycled Content cut-off",kg
446,"cadmium sulfide production, semiconductor-grade",kg
3398,"market for fibreboard, soft, latex bonded",m3
9212,"window frame production, wood, U=1.5 W/m2K",m2
2262,market for acrylic filler,kg
1499,"glass cullet, sorted, Recycled Content cut-off",kg
525,"cattle for slaughtering, live weight to generic market for red meat, live weight",kg
177,ammonium nitrate phosphate production,kg
6323,"mine construction, bauxite",unit
6955,"printed wiring board production, through-hole mounted, unspecified, Pb free",kg
3399,"market for fibreboard, soft, without adhesives",m3
1085,"electricity, high voltage, import from CD",kWh
8457,"treatment of sewage sludge, 75% water, WWT, WW from medium density board production, sanitary landfill",MJ
1033,"electricity production, wind, 1-3MW turbine, onshore, renewable energy products",kWh
3474,"market for furnace, logs, average storage area, 30kW",unit
7548,"transport, freight, light commercial vehicle, all, to generic market for transport, freight, light commercial vehicle",metric ton*km
7045,"reformate production, petroleum refinery operation",kg
4577,market for potash salt,kg
1017,"electricity production, photovoltaic, 3kWp slanted-roof installation, CdTe, laminated, integrated",kWh
8949,"treatment of waste sealing sheet, polyethylene, municipal incineration",MJ
6783,"planing, board, hardwood, u=20%",kg
7898,"treatment of bottom ash, MSWI[F], waste paint, slag compartment",kg
7708,"trawler maintenance, steel",kg
224,"assembly of liquid crystal display, auxilliaries and energy use",kg
4081,market for marine fish,kg
1083,"electricity, high voltage, import from CA-QC",kWh
8479,"treatment of sewage sludge, 97% water, WWT, WW from ceramic production, landfarming",kg
5664,"market for transport, freight, lorry with refrigeration machine, 3.5-7.5 ton, EURO5, R134a refrigerant, cooling",metric ton*km
6015,"market for waste polystyrene isolation, flame-retardant",kg
2456,"market for battery cell, Li-ion, LFP",kg
8734,"treatment of waste glass, municipal incineration",kWh
239,barge tanker production,unit
7486,"titanium dioxide production, chloride process",kg
6712,phosphorous chloride production,kg
6268,melamine formaldehyde resin production,kg
2118,"maintenance, motor scooter",unit
5114,"market for sewage sludge, 70% water, WWT-SLF, scrap tin sheet",kg
4607,"market for powder coat, steel",m2
995,"electricity production, hydro, run-of-river",kWh
6824,"polar fleece production, energy use only",kg
8867,"treatment of waste polyethylene, unsanitary landfill, dry infiltration class (100mm)",kg
4984,market for rolling mill,unit
7105,"sawlog and veneer log, azobe, debarked, measured as solid wood, import from CM",m3
2131,"maintenance, train, passenger, long distance",unit
8567,"treatment of sulfidic tailings, from cinnabar mine operation, tailings impoundment",kg
7026,"rare earth oxides production, from rare earth oxide concentrate, 50% REO",kg
5953,"market for waste bulk iron, excluding reinforcement",kg
2425,market for barge,unit
8074,"treatment of municipal solid waste, sanitary landfill",kWh
4355,market for paclobutrazol,kg
4462,"market for photovoltaic slanted-roof installation, 3kWp, a-Si, laminated, integrated, on roof",unit
2574,"market for bottom ash, MSWI, waste emulsion paint",kg
6832,"polyester fibre production, finished",kg
569,cement tile production,kg
4019,"market for maintenance, motor scooter",unit
2227,"market for MOX fuel element, for light water reactor",kg
2631,"market for bottom ash, MSWI-WWT-SLF, lignite ash",kg
8746,"treatment of waste glass, unsanitary landfill, very wet infiltration class (1000mm)",kg
405,"building construction, hostel",unit
8519,"treatment of sewage sludge, 97% water, WWT-SLF, waste plastic, mixture, landfarming",kg
4629,"market for printed wiring board, for power supply unit, desktop computer, Pb containing",kg
598,"chlorine, for reuse in titanium tetrachloride production, to generic market for chlorine",kg
6786,"planing, lath, hardwood, u=10%",m3
3142,"market for deep drawing, steel, 3500 kN press, automode",kg
6217,"market group for electricity, medium voltage",kWh
2732,"market for bottom ash, MSWI[F]-WWT, WW from tube collector production",kg
1126,"electricity, high voltage, import from KZ",kWh
7966,"treatment of brake wear emissions, lorry",kg
1919,jatropha seed production,kg
7992,"treatment of dross from Al electrolysis, residual material landfill",kg
7217,sodium hypochlorite to generic market for bleach,kg
50,acetanilide production,kg
700,"compressed air production, 700 kPa gauge, >30kW, optimized generation",m3
7122,scrap preparation facility construction,unit
8428,"treatment of sewage sludge, 70% water, WWT-SLF, waste polystyrene, municipal incineration",MJ
2519,market for blast furnace slag,kg
535,"cement production, CEM II/A",kg
8459,"treatment of sewage sludge, 75% water, WWT, WW from pig iron production, sanitary landfill",kWh
8524,"treatment of sewage sludge, 97% water, WWT-SLF, waste polyurethane, landfarming",kg
1314,"extrusion, plastic pipes",kg
9263,"yarding and processing, mobile cable yarder on truck",hour
431,cabbage white production,kg
1695,"heat production, hardwood chips from forest, at furnace 300kW",MJ
1930,kraft paper production,MJ
2786,"market for building operation, luxury hotel",guest night
1353,"fertilising, by stool splitter, sugarcane",ha
2462,"market for battery module packaging, Li-ion",kg
5988,market for waste paint,kg
2681,"market for bottom ash, MSWI[F], scrap tin sheet",kg
3642,"market for heat and power co-generation unit, organic Rankine cycle, 1400kW thermal, building",unit
486,"cast iron turning, average, computer numerical controlled",kg
2963,market for chlorodifluoromethane,kg
7354,"sugarcane loading, by loader",ha
79,"agricultural machinery production, unspecified",kg
5164,"market for sewage sludge, 75% water, WWT, condensate from light oil boiler",kg
8749,"treatment of waste graphical paper, municipal incineration FAE",kg
7740,"treatment of biowaste, municipal incineration FAE",kg
6782,"planing, board, hardwood, u=10%",kg
6951,"printed wiring board production, mounted mainboard, mobile device, double-sided, Pb free",m2
2332,"market for aluminium removed by milling, average",kg
3066,market for container ship,unit
2532,"market for blower and heat exchange unit, Storkair G 90",unit
408,"building construction, upmarket hotel",unit
4709,market for rare earth carbonate concentrate,kg
823,copper sulfate production,kg
3303,market for esterquat,kg
4940,"market for residues, MSWI[F]-WWT, heat carrier liquid, 40% C3H8O2",kg
258,"barley seed production, organic, for sowing",kg
8817,"treatment of waste plastic plaster, sanitary landfill",kg
4497,"market for planting with starter fertiliser or amendment, by row crop planter",ha
7315,"steel turning, average, computer numerical controlled",kg
8959,"treatment of waste wood pole, chrome preserved, municipal incineration",MJ
2100,"maintenance, bus",unit
8494,"treatment of sewage sludge, 97% water, WWT, WW from wafer fabrication, landfarming",kg
8235,"treatment of residues, MSWI[F], residue from mechanical treatment, CRT display, residual material landfill",kg
7586,"transport, freight, lorry with refrigeration machine, 3.5-7.5 ton, EURO4, R134a refrigerant, freezing",metric ton*km
4043,"market for maize grain, feed, organic",kg
6139,"market for wood chips, from post-consumer wood, measured as dry mass",kg
4839,"market for residues, MSWI-WWT, heat carrier liquid, 40% C3H8O2",kg
7894,"treatment of bottom ash, MSWI[F], waste glass, slag compartment",kg
2319,market for aluminium chloride,kg
2310,market for almond,kg
6729,"photovoltaic laminate production, CdTe",m2
3791,market for ioxynil,kg
5518,"market for tetrafluoroethylene film, on glass",kg
2760,"market for bottom ash, MSWI[F]-WWT-SLF, wood ash mixture, pure",kg
4533,"market for polyether polyols, short chain",kg
2387,"market for anti-reflex-coating, etching, solar glass",m2
7155,"sheep production, for wool",kg
8091,"treatment of redmud from bauxite digestion, residual material landfill",kg
430,cabbage red production,kg
5042,"market for sawnwood, hardwood, raw, dried (u=10%)",m3
8206,"treatment of residues, MSWI-WWT-SLF, waste asphalt, residual material landfill",kg
8715,"treatment of waste emulsion paint on wall, sorting plant",kg
3508,"market for gas motor, 206kW",unit
8473,"treatment of sewage sludge, 97% water, WWT, WW from GGBFS production, landfarming",kg
7807,"treatment of bottom ash, MSWI-WWT, WW from LCD backlight production, slag compartment",kg
2884,"market for cathode, NCA, for Li-ion battery",kg
4089,market for melamine formaldehyde resin,kg
3415,market for fishmeal plant,unit
3185,market for dimethyl sulfoxide,kg
8390,"treatment of sewage sludge, 70% water, WWT-SLF, municipal solid waste, municipal incineration",MJ
4238,"market for nuclear fuel element, for pressure water reactor, UO2 3.8% & MOX",kg
5500,"market for tanker, for liquefied natural gas",unit
1169,"electricity, high voltage, import from UY",kWh
4789,"market for residues, MSWI, waste expanded polystyrene",kg
9091,vacuum cleaner production,unit
6893,"potassium chloride production, from salar brine",kg
3702,market for hydrogen cyanide,kg
4978,market for road maintenance,m*year
5627,"market for transport, freight, lorry 16-32 metric ton, EURO3",metric ton*km
4282,market for onshore natural gas field infrastructure,unit
628,"chromium steel turning, primarily roughing, conventional",kg
8985,"treatment of wastewater from anaerobic digestion of whey, wastewater treatment, rural",m3
601,chloroacetic acid production,kg
3529,"market for glass fibre reinforced plastic, polyamide, injection moulded",kg
4132,market for metolachlor,kg
4168,"market for mobile cable yarder, trailer-mounted",unit
5068,"market for section bar extrusion, aluminium",kg
7088,"rye seed production, organic, for sowing",kg
1868,"inorganic potassium fertiliser, as K2O to generic market for organic potassium fertiliser, as K2O",kg
8758,"treatment of waste graphical paper, unsanitary landfill, hyperarid infiltration class (-250mm)",kg
1426,forestry harvester production,unit
3928,market for limestone quarry infrastructure,unit
5979,market for waste mineral plaster,kg
1346,"ferroniobium production, from pyrochlore concentrate, 66% Nb",kg
8024,"treatment of leachate, SLF, municipal solid waste, wastewater treatment",m3
4086,market for mecoprop,kg
6064,market for wastewater from soft fibreboard production,m3
9135,"waste paper, sorted, Recycled Content cut-off",kg
4052,"market for maize silage, Swiss integrated production",kg
9053,"unreinforced concrete production, 15MPa, with cement, CEM II/B",m3
4384,"market for passenger car, electric, without battery",kg
8948,"treatment of waste rubber, unspecified, municipal incineration FAE",kWh
2867,"market for cast iron removed by turning, average, computer numerical controlled",kg
1672,"heat and power co-generation, wood chips, 6667 kW",MJ
335,"biomethane, low pressure burned in polymer electrolyte membrane fuel cell 2kWe, future",kWh
3503,market for gadolinium oxide,kg
3801,"market for iron(III) chloride, without water, in 14% iron solution state",kg
4112,market for methacrylic acid,kg
7556,"transport, freight, lorry 16-32 metric ton, unregulated",metric ton*km
2089,"magnesium production, pidgeon process",kg
1848,indium production,kg
8718,"treatment of waste emulsion paint, hazardous waste incineration, with energy recovery",kg
2186,marine engine construction,unit
3299,"market for epoxy resin insulator, SiO2",kg
4029,"market for maintenance, tanker, for petroleum",unit
96,"aircraft production, dedicated freight aircraft, medium haul",unit
8218,"treatment of residues, MSWI-WWT-SLF, waste polyethylene, residual material landfill",kg
1869,"inorganic potassium fertiliser, as K2O to generic market for organo-mineral potassium fertiliser, as K2O",kg
8342,"treatment of sewage sludge, 70% water, WWT, WW from LCD backlight production, municipal incineration",kg
5363,market for soybean beverage,l
8697,"treatment of waste bulk iron, excluding reinforcement, sorting plant",kg
8672,"treatment of used train, passenger, long distance",unit
8054,"treatment of lignite ash, municipal incineration",kg
4732,market for reformate,kg
6963,"process-specific burdens, municipal waste incineration",kg
2243,market for [thio]carbamate-compound,kg
1530,gold production,kg
6602,oriented strand board production,kg
930,"display production, cathode ray tube, 17 inches",unit
1234,erbium oxide to generic market for mischmetal,kg
5135,"market for sewage sludge, 70% water, WWT-SLF, waste wood, untreated",kg
2769,"market for brass removed by turning, average, conventional",kg
7655,"transport, passenger car, EURO 3",km
7870,"treatment of bottom ash, MSWI[F], lignite ash, slag compartment",kg
4264,market for o-phenylene diamine,kg
6085,"market for water, decarbonised",kg
2043,"liquid storage tank production, chemicals, organics",unit
4105,market for metaldehyde,kg
7713,"treatment of LDPE/Alu in waste juice carton (ambient), post-industrial, municipal incineration",kg
7394,"synthetic gas production, from wood, at fluidized bed gasifier",m3
6865,"polystyrene production, extruded, CO2 blown",kg
3697,market for hydraulic fracturing fluid,m3
7237,"sodium silicate production, furnace process, solid product",kg
7335,"strawberry production, in unheated greenhouse",kg
3132,market for de-icer,kg
2711,"market for bottom ash, MSWI[F], waste vapour barrier, flame-retarded",kg
3722,"market for impact extrusion of aluminium, cold, initial surface treatment",kg
3526,"market for glass cullet, sorted",kg
4865,"market for residues, MSWI-WWT-SLF, waste polyurethane",kg
8748,"treatment of waste graphical paper, municipal incineration",kg
3808,market for isobutanol,kg
8015,"treatment of heat carrier liquid, 40% C3H8O2, wastewater treatment",m3
4786,"market for residues, MSWI, waste building wood, chrome preserved",kg
2506,market for bisphenol A epoxy based vinyl ester resin,kg
7474,"tillage, subsoiling, by subsoiler or v-ripper",ha
4102,"market for metal working, average for copper product manufacturing",kg
1916,isopropyl acetate production,kg
2836,market for calcium nitrate,kg
6411,"natural gas, high pressure, import from IR",m3
2108,"maintenance, intermodal shipping container, 40-foot",unit
7146,"sewer grid construction, urban",m3
2231,market for NCA hydroxide,kg
2160,maleic anhydride production by catalytic oxidation of benzene,MJ
8717,"treatment of waste emulsion paint, hazardous waste incineration",kg
2542,"market for bottom ash, MSWI, LDPE in waste fresh milk carton (chilled), post-industrial",kg
5811,"market for uranium, in yellowcake",kg
5455,"market for sugarcane vinasse application, by wheel reel irrigation",ha
3428,market for floating collar cage,m
8390,"treatment of sewage sludge, 70% water, WWT-SLF, municipal solid waste, municipal incineration",kWh
8409,"treatment of sewage sludge, 70% water, WWT-SLF, waste graphical paper, municipal incineration FAE",MJ
7881,"treatment of bottom ash, MSWI[F], scrap aluminium, slag compartment",kg
845,cyanoacetic acid production,kg
3344,"market for expansion vessel, 25l",unit
3033,"market for composting facility, open",unit
6971,propanal production,kg
7141,"sewer grid construction, 1.6E8l/year, 6 km",km
311,benzimidazole-compound production,kg
3043,"market for concentrated solar power plant, solar thermal parabolic trough, 50 MW",unit
119,"aluminium alloy production, Metallic Matrix Composite",kg
4181,"market for mounting, surface mount technology, Pb-free solder",m2
6499,"nutrient supply from manure, liquid, cattle",kg
425,"buttermilk, from cow milk to generic market for protein feed",MJ
3124,market for cyclic N-compound,kg
6917,"poultry manure, dried, Recycled Content cut-off",kg
2699,"market for bottom ash, MSWI[F], waste plastic, mixture",kg
8874,"treatment of waste polypropylene, municipal incineration FAE",kWh
2071,"machine operation, diesel, < 18.64 kW, steady-state",hour
4884,"market for residues, MSWI[F], residue from mechanical treatment, laptop computer",kg
2832,market for calcium borates,kg
1360,"fibre production, cotton, ginning",kg
7836,"treatment of bottom ash, MSWI-WWT-SLF, refinery sludge, slag compartment",kg
1900,iron sinter production,kg
2915,"market for cement, CP II-E",kg
4120,market for methyl formate,kg
6592,"operation, reefer, freezing, 40-foot, high-cube, carbon dioxide, liquid as refrigerant",kg*day
4022,"market for maintenance, reefer, intermodal shipping container, 40-foot, high-cube",unit
323,bicycle production,unit
1995,light commercial vehicle production,unit
6928,"power sawing, with catalytic converter",hour
8554,"treatment of spent oxychlor catalyst, hazardous waste incineration, with energy recovery",kg
2862,"market for cast iron removed by drilling, conventional",kg
6565,"operation, computer, laptop, 68% active work, electricity from renewable energy products",hour
676,"coke production, dry quenching",MJ
9051,"unreinforced concrete production, 15MPa, with cement ZN/D",m3
5706,"market for transport, passenger aircraft, unspecified",person*km
2266,market for activated bentonite,kg
362,"blower and heat exchange unit production, Avent E 97",unit
6109,market for whey,kg
6477,nuclear spent fuel reprocessing facility construction,unit
3360,"market for fava bean, Swiss integrated production",kg
724,"concrete production, 25MPa, for building construction, exposure class XC1, with cement, unspecified",kg
4528,market for polydimethylsiloxane,kg
4350,"market for packaging, for pesticides",kg
3429,market for floating hexagonal metal cage,m
7839,"treatment of bottom ash, MSWI-WWT-SLF, sludge from pulp and paper production, slag compartment",kg
1992,"lettuce360 production, in heated greenhouse",kg
2847,"market for carbon dioxide, in chemical industry",kg
4744,"market for residual hardwood, wet",m3
4671,market for pulp factory,unit
5831,market for used blower and heat exchange unit Storkair G 90,unit
4087,market for medium density fibreboard,m3
325,biogas purification to biomethane by amino washing,m3
5066,"market for sealing tape, aluminium/PE, 50 mm wide",m
473,carrot production,kg
6511,"nutrient supply from poultry manure, fresh",kg
8071,"treatment of municipal solid waste, open dump, moist infiltration class (300mm)",kg
3885,"market for leachate, SLF, waste polyethylene",m3
1486,"gas power plant construction, 100MW electrical",unit
2141,"maize grain production, first crop",kg
8911,"treatment of waste polyurethane, open dump, moist infiltration class (300mm)",kg
9067,"uranium production, centrifuge, enriched 3.0%",unit
4703,"market for rape oil, crude",kg
7011,railway track construction,m*year
3118,market for cryolite,kg
426,butyl acetate production,kg
117,"aluminium alloy production, AlLi",kg
6665,"patagonian grenadier, capture by trawler and landing in fish blocks, frozen",kg
1544,"grass production, permanent grassland, Swiss integrated production, intensive",kg
5643,"market for transport, freight, lorry 7.5-16 metric ton, EURO4",metric ton*km
6633,"palm date production, conditioned and dried, organic",MJ
8370,"treatment of sewage sludge, 70% water, WWT, WW from potato starch production, municipal incineration",MJ
7079,"rutile production, synthetic, 95% titanium dioxide, Benelite process",kg
8917,"treatment of waste polyurethane, unsanitary landfill, moist infiltration class (300mm)",kg
7673,"transport, passenger car, medium size, natural gas, EURO 4",km
8906,"treatment of waste polyurethane, municipal incineration",kg
8230,"treatment of residues, MSWI[F], copper in car shredder residue, residual material landfill",kg
2846,market for carbon black,kg
2052,"lithium iron phosphate production, solid state process",kg
6633,"palm date production, conditioned and dried, organic",kg
8602,"treatment of used capacitor, to hazardous waste incineration, with energy recovery",kWh
1044,"electricity voltage transformation from high to medium voltage, renewable energy products",kWh
7087,"rye seed production, for sowing",kg
7744,"treatment of blast furnace sludge, residual material landfill",kg
6993,"purification of wet-process phosphoric acid to industrial grade, product in 85% solution state",kg
5647,"market for transport, freight, lorry >32 metric ton, EURO1",metric ton*km
7615,"transport, freight, lorry, all sizes, EURO3 to generic market for transport, freight, lorry, unspecified",metric ton*km
7502,"toner module production, laser printer, black/white",unit
3687,market for horn meal,kg
6114,"market for wind power plant, 2MW, offshore, fixed parts",unit
8679,"treatment of used vegetable cooking oil, purification",kg
1941,"land already in use, forest, intensive to perennial crop",kg
6298,methanol to generic market for solvent for chromatography analysis,kg
8952,"treatment of waste sealing sheet, polyvinylchloride, municipal incineration FAE",kg
2271,market for adipic acid,kg
7693,"transport, passenger, bicycle",person*km
1313,"extrusion, plastic film",kg
7696,"transport, passenger, electric scooter",km
2725,"market for bottom ash, MSWI[F]-WWT, WW from grass refinery",kg
7297,"start-up, heat and power co-generation unit, 160kW electrical",unit
5385,market for spent solvent mixture,kg
6543,"oil power plant construction, 500MW",unit
6461,nitrous dioxide production,kg
8501,"treatment of sewage sludge, 97% water, WWT-SLF, lignite ash, landfarming",kg
4575,market for portachrom,kg
2925,"market for cement, ZN/D, new alternative constituents 36-50%, in conformity with SIA 2049",kg
3076,"market for converter, for electric passenger car",kg
4059,market for mancozeb,kg
8093,"treatment of refinery sludge, hazardous waste incineration, with energy recovery",kWh
3164,"market for diesel, burned in agricultural machinery",MJ
635,clay pit operation,kg
8995,"treatment of wastewater from liquid crystal display production, wastewater treatment",MJ
5023,"market for sawnwood, beam, hardwood, dried (u=10%), planed",m3
1498,"glass cullet, for Saint-Gobain ISOVER SA, Recycled Content cut-off",kg
4187,market for mulberry leaves,kg
4821,"market for residues, MSWI-WWT, WW from ceramic production",kg
3961,"market for lorry, 28 metric ton",unit
7743,"treatment of blast furnace gas, in power plant",MJ
884,"diesel production, petroleum refinery operation",kg
1090,"electricity, high voltage, import from CN-ECGC",kWh
1420,"fodder beet production, Swiss integrated production, intensive",kg
891,"diesel, import from Europe",kg
7644,"transport, freight, train with reefer, cooling",metric ton*km
781,"concrete production, 50MPa, with cement, CEM II/B-V",m3
1054,"electricity, high voltage, hydro, import from CA-ON",kWh
1490,"gas turbine construction, 80MW electrical, for compressed air energy storage",unit
1299,"excavation, hydraulic digger",m3
1510,"glass wool mat production, without cullet",kg
8857,"treatment of waste polyethylene, for recycling, unsorted, sorting",kg
4108,"market for metallization paste, back side, aluminium",kg
4929,"market for residues, MSWI[F]-WWT, WW from grass refinery",kg
4495,"market for planting with starter fertiliser or amendment, by drill",ha
2750,"market for bottom ash, MSWI[F]-WWT-SLF, waste paperboard",kg
5399,"market for steam generation system, solar tower power plant, 20 MW",unit
7535,"transport, freight, aircraft, belly-freight, very short haul",metric ton*km
8117,"treatment of residue from shredder fraction from manual dismantling, municipal incineration FAE",MJ
3598,market for hard coal preparation plant,unit
4693,"market for pyrolysis gas, containing benzene, toluene and xylene",kg
9047,tungsten mine operation and beneficiation,kg
7600,"transport, freight, lorry with refrigeration machine, 7.5-16 ton, EURO3, carbon dioxide, liquid refrigerant, freezing",metric ton*km
2964,market for chloroform,kg
1037,"electricity production, wind, <1MW turbine, onshore, renewable energy products",kWh
4440,"market for photovoltaic flat-roof installation, 3kWp, single-Si, on roof",unit
2132,"maintenance, train, passenger, regional",unit
8429,"treatment of sewage sludge, 70% water, WWT-SLF, waste polystyrene, municipal incineration FAE",kWh
4584,"market for potassium nitrate, agricultural grade",kg
7909,"treatment of bottom ash, MSWI[F], waste polyvinylfluoride, slag compartment",kg
8056,"treatment of lignite ash, opencast refill",kg
8336,"treatment of scrap tin sheet, municipal incineration FAE",kg
1516,glucose production,kg
7841,"treatment of bottom ash, MSWI-WWT-SLF, waste asphalt, slag compartment",kg
3433,"market for fluorescent whitening agent, DAS1, triazinylaminostilben type",kg
6210,"market group for cement, unspecified",kg
3441,market for foam glass,kg
3995,"market for magnesium-alloy, AZ91",kg
1817,"impact extrusion of aluminium, 1 stroke",kg
4702,market for rape meal,kg
322,"beverage carton production, 1 L, for juice (ambient)",unit
8469,"treatment of sewage sludge, 75% water, WWT, rainwater mineral oil storage, sanitary landfill",kg
7085,"rye production, organic",kg
529,cement cast plaster floor production,kg
465,carbon black production,kg
527,celery675 production,kg
7432,tetrahydrofuran production,kg
2396,market for apricot,kg
137,"aluminium milling, small parts",kg
2652,"market for bottom ash, MSWI-WWT-SLF, waste polystyrene",kg
6728,"photovoltaic laminate production, CIS",m2
7883,"treatment of bottom ash, MSWI[F], scrap steel, slag compartment",kg
7017,"rape seed production, Swiss integrated production, extensive",kg
9108,"ventilation of dwellings, decentralized, 6 x 120 m3/h, steel ducts, with earth tube heat exchanger",m2*year
7787,"treatment of bottom ash, MSWI, waste plastic, mixture, slag compartment",kg
5459,"market for sulfidic tailing, off-site, high gold content",kg
1604,"hardwood forestry, beech, sustainable forest management",m3
2443,market for basalt,kg
8588,"treatment of used air filter, in exhaust air valve",unit
333,"biomethane production, medium pressure, vehicle grade",kg
2913,"market for cement, CEM V/A",kg
2376,market for anode factory,unit
1546,"grass production, permanent grassland, organic, intensive",kg
3013,market for cobalt oxide,kg
4199,market for natural gas liquids,kg
9157,"water pump operation, diesel",MJ
2968,market for chlorosulfonic acid,kg
4737,"market for refractory, high aluminium oxide, packed",kg
3942,market for liquid manure tank trailer,kg
1128,"electricity, high voltage, import from LU",kWh
5024,"market for sawnwood, beam, hardwood, dried (u=20%), planed",m3
6818,platinum to generic market for metal catalyst for catalytic converter,kg
4948,"market for residues, MSWI[F]-WWT-SLF, waste bitumen",kg
1632,"heat and power co-generation unit construction, 1MWel",unit
214,"argon production, liquid",kg
947,"drying of bread grain, seed and legumes",l
1820,"impact extrusion of aluminium, 4 strokes",kg
7074,rolling mill production,unit
3651,"market for heat pump, brine-water, 10kW",unit
1780,"high voltage system production, for Li-ion battery",kg
8970,"treatment of waste wood, untreated, sanitary landfill",kg
3968,market for m-nitrotoluene,kg
5259,"market for silicon, metallurgical grade",kg
6419,"natural gas, high pressure, import from NO",m3
3634,"market for heat and power co-generation unit, 500kW electrical, components for heat only",unit
3793,"market for iron ore, crude ore, 46% Fe",kg
1121,"electricity, high voltage, import from IN-Southern grid",kWh
4776,"market for residues, MSWI, residue from mechanical treatment, industrial device",kg
5252,"market for silencer, steel, DN 315, 50 mm",unit
6801,"planting, by ridge planter",ha
8535,"treatment of sludge from pulp and paper production, sanitary landfill",kWh
5527,"market for thermal energy storage, for adiabatic compressed air energy storage",unit
4783,"market for residues, MSWI, steel in car shredder residue",kg
3624,"market for heat and power co-generation unit, 1MW electrical, components for heat only",unit
1787,"hot water tank production, 600l",unit
5665,"market for transport, freight, lorry with refrigeration machine, 3.5-7.5 ton, EURO5, R134a refrigerant, freezing",metric ton*km
1891,ion-exchanger production for water treatment,unit
5985,market for waste newspaper,kg
4253,market for nylon 6,kg
8824,"treatment of waste plastic, consumer electronics, sanitary landfill, wet infiltration class (500mm)",kg
4207,"market for natural gas, low pressure, vehicle grade",kg
7872,"treatment of bottom ash, MSWI[F], raw sewage sludge, slag compartment",kg
4539,"market for polyethylene terephthalate, granulate, bottle grade",kg
2908,"market for cement, CEM III/A",kg
5704,"market for transport, passenger aircraft, medium haul",person*km
1579,hard coal briquettes production,MJ
6574,"operation, dried roughage store, cold-air dried, conventional",kg
5602,"market for transistor, wired, small size, through-hole mounting",kg
8108,"treatment of residue from mechanical treatment, industrial device, municipal incineration FAE",kg
2737,"market for bottom ash, MSWI[F]-WWT, rainwater mineral oil storage",kg
6009,"market for waste polyethylene terephthalate, for recycling, unsorted",kg
7156,"sheet rolling, aluminium",kg
8569,"treatment of sulfidic tailings, from gold mine operation, tailings impoundment",kg
4044,"market for maize grain, organic",kg
9256,"wood preservative production, water-based, outdoor use, no ground contact",kg
8960,"treatment of waste wood pole, chrome preserved, municipal incineration FAE",kg
6542,oil mill construction,unit
6308,methylchloride production,kg
2149,"maize grain, feed to generic market for energy feed",MJ
6686,"petrol production, 4% ETBE additive by volume, with ethanol from biomass",kg
1606,"hardwood forestry, eucalyptus ssp., planted forest management",kg
2962,market for chloroacetyl chloride,kg
8136,"treatment of residues, MSWI, scrap tin sheet, residual material landfill",kg
2762,"market for bottom ash, MSWI[F]-WWT[U], WW from lorry production",kg
7716,"treatment of aluminium in car shredder residue, municipal incineration FAE",kg
6187,"market for yogurt, from cow milk",kg
1794,hydrazine production,kg
8403,"treatment of sewage sludge, 70% water, WWT-SLF, waste bitumen, municipal incineration",kg
8420,"treatment of sewage sludge, 70% water, WWT-SLF, waste plastic, mixture, municipal incineration",kWh
1668,"heat and power co-generation, natural gas, mini-plant 2KW electrical",kWh
587,chilli production,kg
2579,"market for bottom ash, MSWI, waste packaging paper",kg
2178,manual dismantling of used electric passenger car,unit
4289,"market for operation, computer, desktop, with cathode ray tube display, standby mode",hour
8276,"treatment of residues, MSWI[F], zinc in car shredder residue, residual material landfill",kg
6375,"naphtha production, petroleum refinery operation",kg
843,"cucumber production, in heated greenhouse",kg
2788,"market for building, budget hotel",unit
4422,"market for phosphate rock, beneficiated",kg
2734,"market for bottom ash, MSWI[F]-WWT, WW, average",kg
7579,"transport, freight, lorry with reefer, cooling",metric ton*km
2935,market for ceramic factory,unit
1961,"laser machining, metal, with CO2-laser, 2700W power",hour
9078,"uranium production, in yellowcake",kg
2658,"market for bottom ash, MSWI-WWT[R], WW from anaerobic digestion of whey",kg
8386,"treatment of sewage sludge, 70% water, WWT, rainwater mineral oil storage, municipal incineration FAE",MJ
3091,market for copper oxide,kg
1637,"heat and power co-generation unit construction, 200kW electrical, diesel SCR, common components for heat+electricity",unit
2905,"market for cement, CEM II/B-L",kg
9006,"treatment of wastewater from vegetable oil refinery, wastewater treatment",MJ
1153,"electricity, high voltage, import from RS",kWh
3922,"market for lime, from liquid packaging board production",kg
1602,"hard disk drive production, for laptop computer",unit
6305,methyl t-butyl ether production,kg
2384,"market for anodising, aluminium sheet",m2
9144,"waste polyethylene, for recycling, unsorted, Recycled Content cut-off",kg
6163,"market for wood preservation, spray tunnel/deluging, water-based, indoor use, occasionally wet",kg
2163,maleic unsaturated polyester resin production,kg
6038,market for waste zeolite,kg
8040,"treatment of leachate, SLF, waste plastic plaster, wastewater treatment",m3
8999,"treatment of wastewater from medium density board production, wastewater treatment",m3
4492,"market for planning, heat and power co-generation unit, 160kW electrical",unit
5018,"market for sawlog and veneer log, paraná pine, measured as solid wood under bark",m3
6779,"planing, beam, hardwood, u=20%",kg
696,"compressed air production, 600 kPa gauge, >30kW, best generation",m3
9259,"wooden board factory construction, cement bonded boards",unit
3937,"market for liquid crystal display, minor components, auxilliaries and assembly effort",kg
6350,"mischmetal production, primary",kg
5398,"market for start-up, heat and power co-generation unit, 160kW electrical",unit
2467,"market for battery, Li-ion, NMC111, rechargeable, prismatic",kg
1393,"fishmeal and fish oil production, 63-65% protein, from fresh anchovy and fish residues",kg
6908,"potato production, organic",kg
7565,"transport, freight, lorry 7.5-16 metric ton, EURO1",metric ton*km
4668,"market for protein pea, Swiss integrated production",kg
7228,"sodium percarbonate production, powder",kg
4358,"market for palm date, conditioned and dried",kg
3490,"market for furnace, wood chips, hardwood storage area, 1000kW",unit
2173,manganese(III) oxide production,kg
5141,"market for sewage sludge, 75% water, WWT, WW from GGBFS production",kg
4159,"market for mini CHP plant, common components for heat+electricity",unit
1600,"hard coal, run-of-mine to market for hard coal",kg
6810,"plastic granulate production, unspecified, recycled, formal sector",kg
9183,"wheat grain, feed production",kg
3852,"market for laser machining, metal, with YAG-laser, 200W power",hour
621,"chromium steel milling, small parts",kg
16,"2-butanol production by hydration of butene",kg
6408,"natural gas, high pressure, import from GB",m3
353,"blast furnace slag, Recycled Content cut-off",kg
8285,"treatment of residues, MSWI[F]-WWT, WW from grass refinery, residual material landfill",kg
8829,"treatment of waste plastic, mixture, municipal incineration FAE",kg
3606,"market for harvesting, by sweet corn picker",ha
5845,"market for used door, outer, wood-glass",m2
3644,"market for heat and power co-generation unit, organic Rankine cycle, 1400kW thermal, components for electricity only",unit
957,"dust collector production, electrostatic precipitator, for domestic use",unit
1902,iron(II) chloride production,kg
8691,"treatment of waste bitumen, sanitary landfill",kg
490,"cast iron turning, primarily roughing, computer numerical controlled",kg
5671,"market for transport, freight, lorry with refrigeration machine, 3.5-7.5 ton, EURO6, carbon dioxide, liquid refri(...)_5",metric ton*km
859,"deep drawing, steel, 10000 kN press, single stroke",kg
5229,"market for sewer grid, 1.1E10l/year, 242 km",km
1567,"greenhouse construction, plastic walls and roof, plastic tubes",m2*year
1442,"fuel cell production, solid oxide, 125kW electrical, future",unit
4382,market for passenger car maintenance,unit
4383,"market for passenger car, diesel",kg
5181,"market for sewage sludge, 97% water, WWT, WW from liquid crystal production",kg
9201,"wind turbine construction, 2.3MW, precast concrete tower, onshore",unit
8343,"treatment of sewage sludge, 70% water, WWT, WW from LCD backlight production, municipal incineration FAE",MJ
6575,"operation, dried roughage store, non ventilated",kg
4784,"market for residues, MSWI, used LCD module",kg
339,bisphenol A epoxy based vinyl ester resin production,kg
1871,"insulation spiral-seam duct production, rockwool, DN 400, 30 mm",m
278,"battery cell production, Li-ion, NCA",kg
6425,"natural gas, high pressure, import from TR",m3
8914,"treatment of waste polyurethane, sanitary landfill",MJ
2245,"market for absorption chiller, 100kW",unit
8977,"treatment of waste yarn and waste textile, unsanitary landfill",kg
8703,"treatment of waste cement-fibre slab, dismantled, municipal incineration FAE",kg
7606,"transport, freight, lorry with refrigeration machine, 7.5-16 ton, EURO5, R134a refrigerant, freezing",metric ton*km
4484,"market for pipeline, natural gas, low pressure distribution network",km
8963,"treatment of waste wood, untreated, municipal incineration FAE",kWh
372,"board, hardwood, raw, kiln drying to u=20%",m3
3300,"market for epoxy resin, liquid",kg
8168,"treatment of residues, MSWI, waste wood, untreated, residual material landfill",kg
3829,"market for laminating service, foil, with acrylic binder",m2
1405,floating collar net cage for aquaculture 25 m construction and maintenance,m
8957,"treatment of waste wire plastic, municipal incineration",MJ
1283,europium oxide to generic market for mischmetal,kg
1764,"heating and sanitary equipment production, heat and power co-generation unit, 160kW electrical",unit
8935,"treatment of waste polyvinylfluoride, municipal incineration",kWh
9037,triple superphosphate production,kg
5637,"market for transport, freight, lorry 3.5-7.5 metric ton, EURO5",metric ton*km
2148,"maize grain, feed production, organic",kg
5879,"market for used printer, laser",kg
6117,"market for wind power plant, 800kW, moving parts",unit
7436,"textile production, jute, weaving",kg
3081,"market for cooling energy, at -15 °C",MJ
7554,"transport, freight, lorry 16-32 metric ton, EURO5",metric ton*km
7497,"tomato production, fresh grade, in unheated greenhouse",kg
675,coke production,kg
222,"assembly of generator and motor, auxilliaries and energy use, for mini CHP plant",unit
8240,"treatment of residues, MSWI[F], residue from mechanical treatment, laptop computer, residual material landfill",kg
1808,"hydropower plant construction, reservoir",unit
7597,"transport, freight, lorry with refrigeration machine, 7.5-16 ton, EURO3, R134a refrigerant, cooling",metric ton*km
2030,linseed production,kg
8357,"treatment of sewage sludge, 70% water, WWT, WW from grass refinery, municipal incineration",kWh
6897,potassium nitrate production,kg
5560,"market for tillage, subsoiling, by subsoiler or v-ripper",ha
7838,"treatment of bottom ash, MSWI-WWT-SLF, scrap tin sheet, slag compartment",kg
3661,"market for heat, central or small-scale, natural gas, Jakobsberg",MJ
8014,"treatment of hazardous waste, underground deposit",kg
3924,"market for lime, hydrated, packed",kg
1696,"heat production, hardwood chips from forest, at furnace 300kW, state-of-the-art 2014",MJ
7847,"treatment of bottom ash, MSWI-WWT-SLF, waste packaging paper, slag compartment",kg
441,cable yarder with sled winch production,unit
7159,"sheet rolling, steel",kg
5227,"market for sewage sludge, 97% water, WWT[U], WW from lorry production",kg
3059,"market for concrete, medium strength",m3
4173,market for molybdenum trioxide,kg
1143,"electricity, high voltage, import from OM",kWh
576,"charger production, for electric passenger car",kg
1584,"hard coal mine operation, open cast, truck and shovel",kg
5177,"market for sewage sludge, 97% water, WWT, WW from concrete production",kg
6795,"planting with starter fertiliser or amendment, by row crop planter",ha
3666,"market for heat, from steam, in chemical industry",MJ
3200,market for dipropyl amine,kg
8662,"treatment of used refrigeration machine, carbon dioxide, liquid as refrigerant",unit
9258,wood wool production,m3
3750,"market for indium rich leaching residues, from zinc production stockpiling",kg
4319,"market for orange, fresh grade",kg
406,"building construction, luxury hotel",unit
9235,"wood preservation, dipping/immersion, water-based preservative, outdoor use, no ground contact",kg
8016,treatment of high level radioactive waste for final repository,m3
3880,"market for leachate, SLF, waste packaging paper",m3
269,"basic oxygen furnace slag, for recovery to generic market for supplementary cementitious materials",kg
4573,market for pomegranate,kg
8597,"treatment of used blower and heat exchange unit, central, 600-1200 m3/h",unit
8792,"treatment of waste paint, municipal incineration FAE",MJ
2945,"market for chemical factory, organics",unit
4831,"market for residues, MSWI-WWT, WW from plywood production",kg
1843,"impact extrusion of steel, warm, 3 strokes",kg
694,"compressed air production, 1200 kPa gauge, <30kW, optimized generation",m3
1802,hydrogen fluoride production,kg
4352,"market for packing, clay product",kg
5464,"market for sulfidic tailings, from silver mine operation",kg
2300,"market for alfalfa-grass mixture, Swiss integrated production",kg
3911,"market for lightweight concrete block, expanded vermiculite",kg
7438,"textile production, nonwoven polyester, needle-punched",kg
5219,"market for sewage sludge, 97% water, WWT-SLF, waste polypropylene",kg
456,"calendering, rigid sheets",kg
7991,"treatment of drilling waste, residual material landfill",kg
4655,market for prochloraz,kg
510,"catch crop growing, ryegrass-Egyptian&Persian clover-mixture, August-October, organic fertiliser 60 kg N, two cuts",kg
779,"concrete production, 45MPa, with cement, CEM II/B-V",m3
1229,enzymes production,kg
217,"asbestos production, chrysotile type",kg
232,"backlight production, for liquid crystal display",kg
8558,treatment of spent sawing slurry from Si-wafer cutting,l
104,"alfalfa-grass mixture production, Swiss integrated production",kg
5265,market for silicone product,kg
7938,"treatment of bottom ash, MSWI[F]-WWT, condensate from light oil boiler, slag compartment",kg
8968,"treatment of waste wood, untreated, open dump, very wet infiltration class (1000mm)",kg
2835,market for calcium chloride,kg
8578,"treatment of tyre wear emissions, passenger car",kg
6228,"market group for land use change, annual crop",ha
7814,"treatment of bottom ash, MSWI-WWT, WW from glass production, slag compartment",kg
8943,"treatment of waste reinforced plasterboard, sorting plant",kg
1311,"extrusion of plastic sheets and thermoforming, inline",kg
7702,"transport, pipeline, onshore, petroleum",metric ton*km
5172,"market for sewage sludge, 97% water, WWT, WW from LCD production",kg
6861,"polystyrene foam slab production, 100% recycled",kg
4442,"market for photovoltaic laminate, CdTe",m2
9088,"used toner module, laser printer, colour, Recycled Content cut-off",kg
1862,"infrastructure construction, for regional distribution of oil product",unit
188,"anaerobic digestion plant construction, for sewage sludge",unit
8228,"treatment of residues, MSWI[F], aluminium in car shredder residue, residual material landfill",kg
7985,"treatment of decommissioned pipeline, natural gas, inert material landfill",kg
113,"allyl chloride production, reaction of propylene and chlorine",kg
6630,palladium to generic market for metal catalyst for catalytic converter,kg
6373,mustard production,kg
4357,market for palm date,kg
410,"building operation, budget hotel",guest night
5443,market for styrene,kg
7430,"tetrafluoroethylene film production, on glass",kg
3633,"market for heat and power co-generation unit, 500kW electrical, components for electricity only",unit
3952,market for lithium iron phosphate,kg
4045,"market for maize seed, Swiss integrated production, at farm",kg
7759,"treatment of bottom ash, MSWI, residue from mechanical treatment, IT accessory, slag compartment",kg
698,"compressed air production, 700 kPa gauge, >30kW, average generation",m3
6587,"operation, printer, laser, black/white, per kg printed paper",kg
1878,"intermodal shipping container production, 40-foot",unit
2792,"market for building, hostel",unit
150,"aluminium scrap, post-consumer, prepared for melting, Recycled Content cut-off",kg
5899,"market for used train, passenger, regional",unit
2309,market for allyl chloride,kg
6386,"natural gas production, medium pressure, vehicle grade",kg
1558,"green manure growing, Swiss integrated production, until January",ha
477,"carton board box production service, with offset printing",kg
792,"containerboard production, fluting medium, recycled",kg
866,"deep well closure, for geothermal power, onshore, 6000m",m
1261,"ethoxylated alcohol (AE7) production, palm kernel oil",kg
3646,"market for heat and power co-generation unit, organic Rankine cycle, 200kW electrical",unit
6785,"planing, board, softwood, u=20%",m3
5191,"market for sewage sludge, 97% water, WWT, WW from wafer fabrication",kg
6069,"market for wastewater treatment facility, capacity 1.1E10l/year",unit
5414,"market for steel removed by turning, primarily roughing, computer numerical controlled",kg
2704,"market for bottom ash, MSWI[F], waste polyurethane",kg
6318,"milk production, from cow",kg
3247,market for electric kettle,unit
3406,market for fish canning plant,unit
1303,"exhaust air valve production, in-wall housing, plastic/steel, DN 125",unit
347,"bitumen seal production, polymer EP4 flame retardant",kg
3779,"market for intermodal shipping container, 45-foot, high-cube",unit
6926,"power saw production, with catalytic converter",unit
4479,"market for pipeline, liquid manure",km*year
2937,market for cerium oxide,kg
5880,"market for used purse seiner, steel",kg
7250,"softwood forestry, mixed species, sustainable forest management",m3
3249,"market for electric motor, for electric scooter",kg
5327,"market for sodium silicate, solid",kg
4122,market for methyl methacrylate,kg
3379,"market for fibre and fabric waste, polyester",kg
517,"cathode production, LFP, for Li-ion battery",kg
4730,market for refinery gas,kg
1215,"energy and auxilliary inputs, metal working machine, with process heat from heavy fuel oil",kg
1830,"impact extrusion of steel, cold, deformation stroke",kg
6359,motor scooter production,unit
7684,"transport, passenger car, small size, petrol, EURO 3",km
3402,market for filter dust from Al electrolysis,kg
507,"catch crop growing, ryegrass-Egyptian&Persian clover-mixture, August-October, not fertilised, one cut",kg
5201,"market for sewage sludge, 97% water, WWT-SLF, residue from cooling tower",kg
8342,"treatment of sewage sludge, 70% water, WWT, WW from LCD backlight production, municipal incineration",MJ
8948,"treatment of waste rubber, unspecified, municipal incineration FAE",kg
3594,market for hard coal briquettes,MJ
7366,"sulfate pulp production, from softwood, unbleached",MJ
3024,market for coke,MJ
7618,"transport, freight, lorry, all sizes, EURO6 to generic market for transport, freight, lorry, unspecified",metric ton*km
4531,"market for polyether polyols, long chain",kg
805,"cookstove production, gas or electric",unit
2138,"maize grain processing, dry milling",MJ
7777,"treatment of bottom ash, MSWI, waste emulsion paint, slag compartment",kg
7435,"textile production, cotton, weaving",kg
360,"bleaching, textile",kg
6184,"market for yarn, jute",kg
4594,"market for potato seed, Swiss integrated production, at farm",kg
5017,"market for sawlog and veneer log, meranti, measured as solid wood under bark",m3
2682,"market for bottom ash, MSWI[F], spent anion exchange resin from potable water production",kg
6879,"polyvinylchloride production, bulk polymerisation",kg
4323,"market for organic phosphorus fertiliser, as P2O5",kg
754,"concrete production, 35MPa, for building construction, with cement, CP III",m3
8415,"treatment of sewage sludge, 70% water, WWT-SLF, waste paint, municipal incineration FAE",kWh
6059,market for wastewater from medium density board production,m3
386,"brass turning, average, conventional",kg
770,"concrete production, 40MPa, for building construction, with cement, CP-II-F",m3
7805,"treatment of bottom ash, MSWI-WWT, WW from CRT production, slag compartment",kg
3740,"market for impact extrusion of steel, hot, tempering",kg
6068,market for wastewater from wafer fabrication,m3
8097,"treatment of residue from Na-dichromate production, residual material landfill",kg
2105,"maintenance, goods wagon",unit
7164,silicon carbide production,kg
2347,"market for aluminium, cast alloy",kg
7110,"sawnwood production, hardwood, dried (u=10%), planed",m3
2900,"market for cement, CEM II/A",kg
4726,market for redmud from bauxite digestion,kg
1012,"electricity production, photovoltaic, 3kWp facade installation, single-Si, laminated, integrated",kWh
6225,"market group for inorganic phosphorus fertiliser, as P2O5",kg
2911,"market for cement, CEM IV/A",kg
5767,market for triclopyr,kg
5286,market for soap,kg
1716,"heat production, natural gas, at boiler atmospheric non-modulating <100kW",MJ
5623,"market for transport, freight, light commercial vehicle, EURO2",metric ton*km
2712,"market for bottom ash, MSWI[F], waste wire plastic",kg
5149,"market for sewage sludge, 75% water, WWT, WW from glass production",kg
8881,"treatment of waste polypropylene, sanitary landfill",kg
8420,"treatment of sewage sludge, 70% water, WWT-SLF, waste plastic, mixture, municipal incineration",MJ
2662,"market for bottom ash, MSWI[F], coating from waste CRT display",kg
3657,"market for heat, central or small-scale, Jakobsberg",MJ
6787,"planing, lath, hardwood, u=20%",kg
516,"catch crop growing, sunflower, August-October, organic fertiliser 30 kg N",kg
5736,"market for transport, passenger car, small size, natural gas, EURO 3",km
8466,"treatment of sewage sludge, 75% water, WWT, WW, average, sanitary landfill",MJ
7123,"seal production, natural rubber based",kg
8838,"treatment of waste plastic, mixture, unsanitary landfill, hyperarid infiltration class (-250mm)",kg
4251,"market for nuclear waste storage, interim, for high level radioactive waste before final repository",unit
1243,ethanol production from grass,kg
2559,"market for bottom ash, MSWI, residue from mechanical treatment, industrial device",kg
2918,"market for cement, CP III",kg
2371,market for anhydrite floor,kg
8827,"treatment of waste plastic, industrial electronics, municipal incineration FAE",kWh
6387,natural gas service station construction,unit
2114,"maintenance, lorry 28 metric ton",unit
3236,market for dysprosium oxide,kg
5688,"market for transport, freight, lorry with refrigeration machine, cooling",metric ton*km
2635,"market for bottom ash, MSWI-WWT-SLF, scrap tin sheet",kg
7140,"sewer grid construction, 1.1E10l/year, 242 km",km
2671,"market for bottom ash, MSWI[F], residue from mechanical treatment, IT accessory",kg
6890,potash salt production,kg
5279,market for slaughterhouse waste,kg
3329,market for ethylene oxide,kg
2530,"market for blower and heat exchange unit, KWL 250",unit
5994,"market for waste paper, unsorted",kg
5080,market for sewage sludge,m3
815,"cooling energy, from natural gas, at cogen unit with absorption chiller 100kW",MJ
7954,"treatment of bottom ash, MSWI[F]-WWT-SLF, waste plastic plaster, slag compartment",kg
3436,"market for fluorspar, 97% purity",kg
2670,"market for bottom ash, MSWI[F], residue from mechanical treatment, CRT display",kg
8738,"treatment of waste glass, open dump, hyperarid infiltration class (-250mm)",kg
855,"debarking, hardwood, meranti",m3
945,"dried roughage store construction, non ventilated",m3
8102,"treatment of residue from mechanical treatment, IT accessory, municipal incineration FAE",kWh
6684,petrol blending for two-stroke engines,kg
5421,market for stibnite concentrate,kg
8167,"treatment of residues, MSWI, waste wood pole, chrome preserved, residual material landfill",kg
8469,"treatment of sewage sludge, 75% water, WWT, rainwater mineral oil storage, sanitary landfill",kWh
5134,"market for sewage sludge, 70% water, WWT-SLF, waste polyvinylchloride",kg
5636,"market for transport, freight, lorry 3.5-7.5 metric ton, EURO4",metric ton*km
6273,mepiquat chloride production,kg
6888,portachrom production,kg
1800,"hydrogen compression, from low to medium pressure",kg
6701,"petroleum slack wax production, petroleum refinery operation",kg
8110,"treatment of residue from mechanical treatment, laptop computer, municipal incineration FAE",kWh
1193,"electrolysis of magnesium chloride, from titanium sponge production",kg
8889,"treatment of waste polystyrene, municipal incineration FAE",MJ
6920,"powder coating, steel",m2
385,"brass turning, average, computer numerical controlled",kg
8314,"treatment of residues, MSWI[F]-WWT-SLF, waste polyethylene, residual material landfill",kg
8924,"treatment of waste polyvinylchloride, open dump, dry infiltration class (100mm)",kg
8049,"treatment of leachate, SLF, wood ash mixture, pure, wastewater treatment",m3
1976,"lath, hardwood, raw, air drying to u=20%",m3
734,"concrete production, 25MPa, for building construction, with cement, CP III",m3
1518,"glued laminated timber production, PUR-glue",m3
8791,"treatment of waste paint, municipal incineration",kWh
2415,market for avocado,kg
6428,"natural gas, high pressure, import from UZ",m3
2062,"lorry production, with refrigeration machine, R134a as refrigerant, 16 metric ton",unit
7003,pyridine-compound production,kg
5353,market for solid bleached and unbleached board carton,kg
1531,gold refinery operation,kg
645,"clear-cutting, primary forest to arable land, annual crop",kg
5326,market for sodium pyrophosphate,kg
6651,"paper production, woodfree, uncoated, 100% recycled content, at non-integrated mill",kg
7636,"transport, freight, small lorry with refrigeration machine, EURO5, CO2 refrigerant, cooling to generic market",metric ton*km
2000,"light fuel oil, import from Europe",kg
8466,"treatment of sewage sludge, 75% water, WWT, WW, average, sanitary landfill",kWh
5341,market for solar collector factory,unit
4878,"market for residues, MSWI[F], raw sewage sludge",kg
7075,"room-connecting overflow element production, steel, approx. 40 m3/h",unit
6612,packaging glass factory construction,unit
2600,"market for bottom ash, MSWI, wood ash mixture, pure",kg
2844,"market for capacitor, tantalum-, for through-hole mounting",kg
8217,"treatment of residues, MSWI-WWT-SLF, waste polyethylene terephthalate, residual material landfill",kg
6839,"polyethylene pipe production, DN 200, SDR 41",m
6941,"printed wiring board production, for power supply unit, desktop computer, Pb containing",kg
3654,"market for heat pump, heat and power co-generation unit, 160kW electrical",unit
41,"NMC811 oxide production, for Li-ion battery",kg
2207,market for 2-methyl-2-butanol,kg
7978,"treatment of copper slag, residual material landfill",kg
5670,"market for transport, freight, lorry with refrigeration machine, 3.5-7.5 ton, EURO6, carbon dioxide, liquid refr(...)_13",metric ton*km
3543,"market for glued laminated timber, MUF-glue",m3
2473,"market for beet seed, Swiss integrated production, for sowing",kg
8581,"treatment of used Li-ion battery, hydrometallurgical treatment",kg
2500,"market for biomethane, low pressure, vehicle grade",kg
5540,market for tilapia,kg
7968,"treatment of coal gas, in power plant",MJ
8941,"treatment of waste reinforced plasterboard, collection for final disposal",kg
1182,"electricity, high voltage, wind power, import from Germany, renewable energy products",kWh
4971,market for resorcinol,kg
2382,"market for anode, prebake, for aluminium electrolysis",kg
5595,market for tram,unit
417,bus production,unit
6279,"metal working, average for aluminium product manufacturing",kg
6759,"phthalic anhydride production, o-xylene oxidation",kg
2435,"market for barley grain, Swiss integrated production",kg
3498,"market for furnace, wood chips, with silo, 5000kW",unit
3966,market for lubricating oil,kg
2943,market for chemi-thermomechanical pulp,kg
3877,"market for leachate, SLF, waste graphical paper",m3
3320,market for ethylene,kg
2140,"maize grain production, Swiss integrated production",kg
5104,"market for sewage sludge, 70% water, WWT, WW, average",kg
161,"aluminium, ingot, primary, import from Asia (excluding China)",kg
6102,"market for wheat grain, feed",kg
3268,"market for electrode, negative, Ni",kg
944,"dried roughage store construction, cold-air dried, conventional",m3
5216,"market for sewage sludge, 97% water, WWT-SLF, waste plastic, mixture",kg
1272,ethylene dichloride production,kg
3576,"market for green manure, Swiss integrated production, until January",ha
8414,"treatment of sewage sludge, 70% water, WWT-SLF, waste paint, municipal incineration",kWh
7653,"transport, passenger car",km
588,chimney production,m
5370,"market for soybean, feed",kg
4532,"market for polyether polyols, long chain, ISOPA",kg
5122,"market for sewage sludge, 70% water, WWT-SLF, waste gypsum",kg
6936,primary lead production from concentrate,kg
3170,"market for diesel, low-sulfur",kg
3214,"market for door, inner, wood",m2
7619,"transport, freight, lorry, all sizes, unregulated to generic market for transport, freight, lorry, unspecified",metric ton*km
8561,"treatment of spoil from hard coal mining, in surface landfill",kg
186,"anaerobic digestion plant construction, agriculture, with methane recovery",unit
972,electric kettle production,unit
8458,"treatment of sewage sludge, 75% water, WWT, WW from particle board production, sanitary landfill",MJ
1852,"inductor production, auxilliaries and energy use",kg
6911,"potato seed production, at farm",kg
7698,"transport, pipeline, long distance, natural gas",metric ton*km
2726,"market for bottom ash, MSWI[F]-WWT, WW from liquid crystal production",kg
1049,"electricity, from municipal waste incineration to generic market for electricity, medium voltage",kWh
9227,"wood preservation facility construction, hot/cold dipping tank",unit
5491,"market for switch, toggle type",kg
7570,"transport, freight, lorry 7.5-16 metric ton, EURO6",metric ton*km
893,"diesel, low-sulfur, import from Europe",kg
2294,"market for aircraft, dedicated freight, very short haul",unit
2775,market for breadcrumbs,kg
5759,"market for trawler, steel",kg
2563,"market for bottom ash, MSWI, scrap aluminium",kg
3371,"market for ferroniobium, 66% Nb",kg
2479,market for benzaldehyde-2-sulfonic acid,kg
6227,market group for irrigation,m3
8339,"treatment of sewage sludge, 70% water, WWT, WW from CRT production, municipal incineration",MJ
8809,"treatment of waste paperboard, unsanitary landfill, very wet infiltration class (1000mm)",kg
6403,"natural gas, high pressure, import from DZ",m3
495,"casting, steel, lost-wax",kg
684,"combine harvesting, maize",ha
6171,"market for wood preservative, organic, indoor use, occasionally wet",kg
7755,"treatment of bottom ash, MSWI, lignite ash, slag compartment",kg
2235,market for NMC811 hydroxide,kg
4727,"market for reefer, intermodal shipping container, 40-foot, high-cube, R134a as refrigerant",unit
5304,market for sodium ethyl xanthate,kg
7931,"treatment of bottom ash, MSWI[F]-WWT, WW from pig iron production, slag compartment",kg
2797,market for bulk lead-zinc concentrate,kg
3948,market for lithium chloride,kg
7932,"treatment of bottom ash, MSWI[F]-WWT, WW from plywood production, slag compartment",kg
3186,market for dimethylacetamide,kg
6159,"market for wood preservation, spray tunnel/deluging, organic solvent-based, indoor use, dry",kg
1278,ethylene vinyl acetate copolymer production,kg
8445,"treatment of sewage sludge, 75% water, WWT, WW from LCD backlight production, sanitary landfill",MJ
5446,market for sugar beet,kg
688,"composting facility construction, open",unit
558,"cement production, Portland Slag",kg
5692,"market for transport, freight, sea, container ship",metric ton*km
8465,"treatment of sewage sludge, 75% water, WWT, WW from wafer fabrication, sanitary landfill",kWh
374,"board, softwood, raw, kiln drying to u=10%",m3
7864,"treatment of bottom ash, MSWI[F], biowaste, slag compartment",kg
4124,market for methyl-3-methoxypropionate,kg
3814,market for isopropyl acetate,kg
5465,"market for sulfidic tailings, from zinc-lead mine operation",kg
7252,"softwood forestry, pine, sustainable forest management",kg
3998,"market for maintenance, barge",unit
5033,"market for sawnwood, board, hardwood, raw, dried (u=10%)",m3
4912,"market for residues, MSWI[F], waste rubber, unspecified",kg
3456,"market for forwarding, forwarder",hour
950,drying of lentils,l
5894,market for used tablet,kg
2969,market for chlorothalonil,kg
9004,"treatment of wastewater from soft fibreboard production, wastewater treatment",MJ
7933,"treatment of bottom ash, MSWI[F]-WWT, WW from potato starch production, slag compartment",kg
5162,"market for sewage sludge, 75% water, WWT, WW from wafer fabrication",kg
6023,market for waste refinery gas,MJ
2104,"maintenance, ferry",unit
6974,propyl acetate production,kg
7332,"storage production, 650 l mini CHP plant",unit
3608,"market for harvesting, sugarcane",ha
4939,"market for residues, MSWI[F]-WWT, condensate from light oil boiler",kg
3667,"market for heat, future",MJ
5096,"market for sewage sludge, 70% water, WWT, WW from particle board production",kg
128,aluminium fluoride production,kg
8958,"treatment of waste wire plastic, municipal incineration FAE",kg
8212,"treatment of residues, MSWI-WWT-SLF, waste packaging paper, residual material landfill",kg
8747,"treatment of waste glass, unsanitary landfill, wet infiltration class (500mm)",kg
2480,market for benzene,kg
7614,"transport, freight, lorry, all sizes, EURO2 to generic market for transport, freight, lorry, unspecified",metric ton*km
250,"barley grain production, Swiss integrated production, intensive",kg
2058,"long liner maintenance, steel",kg
9271,"yarn production, kenaf",kg
8956,"treatment of waste vapour barrier, flame-retarded, municipal incineration FAE",kWh
5874,"market for used outside air intake stainless steel, DN 370",unit
7447,"thermal storage system construction, solar tower power plant, 20 MW",kg
1958,lanthanum oxide to generic market for mischmetal,kg
3325,market for ethylene glycol,kg
6495,nutrient supply from diammonium phosphate,kg
7948,"treatment of bottom ash, MSWI[F]-WWT-SLF, waste emulsion paint, slag compartment",kg
2923,"market for cement, Portland Slag",kg
1905,"iron(III) chloride production, without water, in 14% iron solution state",kg
2803,market for butane,kg
7373,"sulfur production, petroleum refinery operation",kg
448,calcareous marl production,kg
8107,"treatment of residue from mechanical treatment, industrial device, municipal incineration",kg
3063,"market for construction work, heat and power co-generation unit, 160kW electrical",unit
8374,"treatment of sewage sludge, 70% water, WWT, WW from tube collector production, municipal incineration",kg
2502,market for biowaste,kg
841,cryolite production,kg
2810,market for butyrolactone,kg
2113,"maintenance, lorry 16 metric ton",unit
7987,treatment of decommissioned tram track,m*year
7672,"transport, passenger car, medium size, natural gas, EURO 3",km
304,"bell pepper production, in heated greenhouse",kg
1339,fennel production,kg
5027,"market for sawnwood, beam, softwood, dried (u=10%), planed",m3
6892,potassium chloride production,kg
6246,"market group for transport, freight, lorry 28 metric ton, fatty acid methyl ester 100%",metric ton*km
1806,"hydrogen production, steam methane reforming",kg
662,"cocoa bean production, sun-dried",kg
3621,"market for heat and power co-generation unit, 160kW electrical, components for heat only",unit
9003,"treatment of wastewater from potato starch production, wastewater treatment",m3
1267,ethylamine production,kg
3407,"market for fish canning, large fish",kg
760,"concrete production, 37MPa, for building construction, for exterior use, with cement ZN/D",m3
5223,"market for sewage sludge, 97% water, WWT-SLF, waste wood, untreated",kg
5277,market for slag from metallurgical grade silicon production,kg
6319,milk spray-drying,kg
2938,market for charcoal,kg
5140,"market for sewage sludge, 75% water, WWT, WW from CRT production",kg
6817,"platinum group metal, mine and concentration operations",kg
4559,"market for polystyrene, high impact",kg
1861,inert material landfill construction,unit
6876,"polyurethane production, flexible foam, TDI-based, high density",kg
3047,market for concrete roof tile,kg
3369,"market for ferromanganese, high-coal, 74.5% Mn",kg
3629,"market for heat and power co-generation unit, 200kW electrical, diesel SCR, common components for heat+electricity",unit
5417,"market for steel, chromium steel 18/8, hot rolled",kg
3759,"market for industrial furnace, natural gas",unit
8322,"treatment of residues, MSWI[F]-WWT[U], WW from lorry production, residual material landfill",kg
3792,market for iron ore concentrate,kg
8174,"treatment of residues, MSWI-WWT, WW from PV cell production, residual material landfill",kg
5178,"market for sewage sludge, 97% water, WWT, WW from glass production",kg
1318,"fattening of heifers for beef cattle production, on pasture",kg
8043,"treatment of leachate, SLF, waste polyethylene, wastewater treatment",m3
4618,"market for powertrain, for electric passenger car",kg
4302,"market for operation, computer, laptop, video mode, electricity from renewable energy products",hour
6864,"polystyrene production, expandable",kg
4201,market for natural gas service station,unit
3913,"market for lightweight concrete block, pumice",kg
9170,"weaned calves production on native pasture, Pantanal",kg
1320,"fatty acid production, from coconut oil",kg
3368,"market for ferrochromium, high-carbon, 68% Cr",kg
8765,"treatment of waste gypsum, inert material landfill",kg
5574,market for titanium dioxide,kg
6464,"non-ionic surfactant production, ethylene oxide derivate",kg
6544,"oil storage production, 3000l",unit
991,"electricity production, hydro, reservoir, alpine region",kWh
341,"bitumen adhesive compound production, cold",kg
6490,"nutrient supply from ash, from combustion of straw",kg
1803,"hydrogen peroxide production, product in 50% solution state",kg
5987,market for waste packaging paper,kg
7261,solder factory construction,unit
6469,"nuclear fuel element production, for pressure water reactor, UO2 4.0% & MOX",kg
8630,"treatment of used internal combustion engine, passenger car, shredding",kg
4769,"market for residues, MSWI, lead in car shredder residue",kg
7549,"transport, freight, light commercial vehicle, unregulated",metric ton*km
6456,nitric oxide production,kg
6667,"pea seed production, organic, for sowing",kg
915,dinitrogen tetroxide production,kg
6857,"polypropylene production, granulate",kg
6025,market for waste reinforced plasterboard,kg
1863,injection moulding,kg
4341,market for packaging box factory,unit
1421,"fodder beet seed production, for sowing",kg
7361,"sugarcane vinasse application, by wheel reel irrigation equipment",ha
8557,"treatment of spent pot liner from Al electrolysis, carbon fraction, residual material landfill",kg
2297,"market for aircraft, passenger, short haul",unit
228,autoclaved aerated concrete block production,kg
8456,"treatment of sewage sludge, 75% water, WWT, WW from maize starch production, sanitary landfill",kWh
1030,"electricity production, solar tower power plant, 20 MW",kWh
6122,"market for wind turbine, 2.3MW, onshore",unit
7016,rape seed production,kg
1451,"furnace production, logs, average storage area, 6kW",unit
7761,"treatment of bottom ash, MSWI, residue from mechanical treatment, desktop computer, slag compartment",kg
9252,"wood preservative production, organic, indoor use, occasionally wet",kg
7223,sodium nitrite production,kg
7711,"treatment of LDPE in waste fresh milk carton (chilled), post-industrial, municipal incineration",kg
5452,market for sugarcane,kg
5996,"market for waste paperboard, sorted",kg
7717,"treatment of aluminium scrap, new, at refiner",kg
7313,"steel production, electric, low-alloyed",kg
5142,"market for sewage sludge, 75% water, WWT, WW from LCD backlight production",kg
8482,"treatment of sewage sludge, 97% water, WWT, WW from grass refinery, landfarming",kg
7262,"solder production, bar, Sn63Pb37, for electronics industry",kg
6653,"paper production, woodfree, uncoated, 50% recycled content, at non-integrated mill",kg
1400,flax husks to generic market for energy feed,kg
4344,market for packaging glass sorting facility,unit
1113,"electricity, high voltage, import from HN",kWh
6790,"planning, cogen unit mini CHP plant",unit
1896,"iron ore mine operation, 63% Fe",kg
2560,"market for bottom ash, MSWI, residue from mechanical treatment, laptop computer",kg
1336,"fava bean seed production, organic, for sowing",kg
8799,"treatment of waste paperboard, open burning",kg
6844,"polyethylene production, low density, granulate",kg
19,"2-methylpentane to generic market for solvent, organic",kg
5242,market for shed,m2
5078,market for selenium,kg
7763,"treatment of bottom ash, MSWI, residue from mechanical treatment, laptop computer, slag compartment",kg
1427,"forging, steel, large open die",kg
1488,"gas power plant construction, combined cycle, 400MW electrical",unit
3665,"market for heat, for reuse in municipal waste incineration only",MJ
5683,"market for transport, freight, lorry with refrigeration machine, 7.5-16 ton, EURO5, carbon dioxide, liquid refrig(...)_8",metric ton*km
8554,"treatment of spent oxychlor catalyst, hazardous waste incineration, with energy recovery",MJ
1796,"hydrocarbons purification, molecular sieve separation of naphtha ",kg
726,"concrete production, 25MPa, for building construction, for interior use, with cement ZN/D",m3
3558,market for grape,kg
8236,"treatment of residues, MSWI[F], residue from mechanical treatment, IT accessory, residual material landfill",kg
3155,"market for demersal fish, fresh",kg
8987,"treatment of wastewater from cathode ray tube production, wastewater treatment",m3
9207,"wind turbine network connection construction, 4.5MW, onshore",unit
8455,"treatment of sewage sludge, 75% water, WWT, WW from liquid crystal production, sanitary landfill",kg
7640,"transport, freight, small lorry with refrigeration machine, EURO6, CO2 refrigerant, cooling to generic market",metric ton*km
5737,"market for transport, passenger car, small size, natural gas, EURO 4",km
5682,"market for transport, freight, lorry with refrigeration machine, 7.5-16 ton, EURO5, carbon dioxide, liquid refri(...)_16",metric ton*km
1009,"electricity production, peat",kWh
7125,"seawater reverse osmosis module production, 8-inch spiral wound, baseline",m2
3596,market for hard coal coke factory,unit
3264,"market for electricity, medium voltage, aluminium industry",kWh
8532,"treatment of slag from metallurgical grade silicon production, inert material landfill",kg
750,"concrete production, 30MPa, for drilled piles, with cement, Portland",m3
1671,"heat and power co-generation, wood chips, 2000 kW, state-of-the-art 2014",kWh
4202,"market for natural gas, burned in gas turbine",MJ
6017,market for waste polyurethane foam,kg
2161,maleic anhydride production by direct oxidation of n-butane,kg
3244,"market for electric connector, peripheral component interconnect buss",kg
5,"1-methoxy-2-propanol production",kg
3393,"market for fibre, silk, short",kg
2906,"market for cement, CEM II/B-S",kg
8175,"treatment of residues, MSWI-WWT, WW from ammonium paratungstate production, residual material landfill",kg
2250,market for acetic anhydride,kg
9143,"waste polyethylene, for recycling, sorted, Recycled Content cut-off",kg
7647,"transport, helicopter, LTO cycle",unit
1563,"green manure growing, organic, until March",ha
7984,treatment of decommissioned chemical production facilities,kg
533,"cement plaster production, hand-mixed on site",m3
5923,"market for ventilation of dwellings, central, 1 x 720 m3/h",m2*year
2817,"market for cable, network cable, category 5, without plugs",m
771,"concrete production, 40MPa, for civil engineering, with cement, ART",m3
7786,"treatment of bottom ash, MSWI, waste plastic, industrial electronics, slag compartment",kg
1062,"electricity, high voltage, import from AO",kWh
8843,"treatment of waste polyethylene terephthalate, municipal incineration",kWh
8046,"treatment of leachate, SLF, waste polyurethane, wastewater treatment",m3
4812,"market for residues, MSWI, waste wood, untreated",kg
3636,"market for heat and power co-generation unit, 50kW electrical, components for electricity only",unit
8929,"treatment of waste polyvinylchloride, sanitary landfill",kg
5810,"market for uranium, enriched 4.2%, per separative work unit",unit
5460,"market for sulfidic tailings, from cinnabar mine operation",kg
3597,market for hard coal power plant,unit
8721,"treatment of waste emulsion paint, municipal incineration FAE",kWh
4295,"market for operation, computer, laptop, 68% active work with internet access 0.2 Mbit/s",hour
6501,"nutrient supply from manure, solid, cattle",kg
8101,"treatment of residue from mechanical treatment, IT accessory, municipal incineration",kg
1031,"electricity production, wind, 1-3MW turbine, offshore",kWh
1295,"evaporation of natural gas, import from QA",m3
6815,"platinum group metal mine operation, ore with high palladium content",kg
2511,"market for bitumen seal, Alu80",kg
3851,"market for laser machining, metal, with YAG-laser, 120W power",hour
8316,"treatment of residues, MSWI[F]-WWT-SLF, waste polystyrene, residual material landfill",kg
8359,"treatment of sewage sludge, 70% water, WWT, WW from hard fibreboard production, municipal incineration",kg
2150,"maize seed production, Swiss integrated production, at farm",kg
8154,"treatment of residues, MSWI, waste polyethylene terephthalate, residual material landfill",kg
7884,"treatment of bottom ash, MSWI[F], scrap tin sheet, slag compartment",kg
4263,market for o-nitrotoluene,kg
6176,market for wood wool,kg
2156,maize silage production,kg
1519,"glued laminated timber production, average glue mix",m3
4885,"market for residues, MSWI[F], residue from mechanical treatment, laser printer",kg
5294,market for sodium borates,kg
8392,"treatment of sewage sludge, 70% water, WWT-SLF, refinery sludge, municipal incineration",kg
1685,"heat production, at solar+gas heating, tube collector, one-family house, combined system",MJ
782,"concrete production, 50MPa, with cement, Portland",kg
7440,"textile production, silk",kg
2558,"market for bottom ash, MSWI, residue from mechanical treatment, desktop computer",kg
3339,"market for exhaust air roof hood, steel, DN 400",unit
7188,"smelting and refining of nickel concentrate, 7% Ni",kg
5884,market for used refrigerant R12,kg
7531,"transport, freight, aircraft, all distances to generic market for transport, freight, aircraft, unspecified",metric ton*km
3535,"market for glass wool mat, uncoated, Saint-Gobain ISOVER SA",kg
8465,"treatment of sewage sludge, 75% water, WWT, WW from wafer fabrication, sanitary landfill",MJ
2404,"market for ash, from combustion of bagasse from sugarcane",kg
8806,"treatment of waste paperboard, unsanitary landfill, dry infiltration class (100mm)",kg
2805,"market for butter, from cow milk",kg
2830,market for calcined clay,kg
2282,"market for air filter, decentralized unit, 250 m3/h",unit
2334,"market for aluminium removed by milling, large parts",kg
7736,"treatment of bilge oil, hazardous waste incineration, with energy recovery",MJ
6632,"palm date production, conditioned and dried",kg
4621,market for praseodymium-neodymium oxide,kg
8742,"treatment of waste glass, sanitary landfill",kWh
7632,"transport, freight, small lorry with refrigeration machine, EURO4, CO2 refrigerant, cooling to generic market",metric ton*km
9149,"wastewater treatment facility construction, lagoon, capacity 1.0E9l/year",unit
4433,"market for photovoltaic cell, ribbon-Si",m2
193,"anhydrite production, burned",kg
767,"concrete production, 40MPa, for building construction, with cement, CEM III/A",m3
30,"C3 hydrocarbon production, mixture, petroleum refinery operation",kg
8696,"treatment of waste building wood, chrome preserved, municipal incineration FAE",kg
151,"aluminium sulfate production, powder",kg
3239,market for electric arc furnace secondary metallurgy slag,kg
1011,"electricity production, photovoltaic, 3kWp facade installation, multi-Si, panel, mounted",kWh
5121,"market for sewage sludge, 70% water, WWT-SLF, waste graphical paper",kg
8340,"treatment of sewage sludge, 70% water, WWT, WW from CRT production, municipal incineration FAE",MJ
4593,market for potato planting,ha
2192,market for 1-methoxy-2-propanol,kg
2489,market for beverage carton converting,m2
7339,stretch blow moulding,kg
3248,"market for electric motor, electric passenger car",kg
8412,"treatment of sewage sludge, 70% water, WWT-SLF, waste newspaper, municipal incineration FAE",MJ
937,dolomite quarry construction,unit
1541,"grass production, Swiss integrated production, intensive",kg
3361,"market for fava bean, feed, Swiss integrated production",kg
8003,"treatment of glass cullet, from used cathode ray tube panels, 0% water, inert material landfill",kg
83,"air distribution terminal panel production, steel, 120 m3/h",unit
538,"cement production, CEM II/A-V",kg
1913,isophorondiisocyanate production,kg
9004,"treatment of wastewater from soft fibreboard production, wastewater treatment",m3
8467,"treatment of sewage sludge, 75% water, WWT, condensate from light oil boiler, sanitary landfill",kWh
7166,"silicon production, metallurgical grade",kg
6112,market for white spirit,kg
5444,market for styrene-acrylonitrile copolymer,kg
1572,gypsum quarry operation,kg
1624,"haying, by rotary tedder",ha
4185,"market for mowing, by rotary mower",ha
8668,"treatment of used tablet, mechanical treatment",kg
5074,"market for selective coat, copper sheet, black majic",m2
4951,"market for residues, MSWI[F]-WWT-SLF, waste gypsum",kg
8147,"treatment of residues, MSWI, waste newspaper, residual material landfill",kg
648,"clear-cutting, primary forest to arable land, perennial crop",kg
4716,"market for recultivation, bentonite mine",m2
4078,"market for manure, solid, cattle",kg
74,"adhesive production, for metal",kg
5393,market for spray-drying of milk,kg
89,air separation facility construction,unit
4633,"market for printed wiring board, for through-hole mounting, Pb containing surface",m2
6284,metaldehyde production,kg
8484,"treatment of sewage sludge, 97% water, WWT, WW from liquid crystal production, landfarming",kg
48,"acetaldehyde production, ethylene oxidation",kg
6958,"printing ink production, offset, product in 47.5% solution state",kg
7350,sugar beet production,kg
7275,soybean beverage production,kg
3973,"market for machine operation, diesel, < 18.64 kW, underground mining",hour
8470,"treatment of sewage sludge, 75% water, WWT[R], WW from anaerobic digestion of whey, sanitary landfill",kg
1026,"electricity production, photovoltaic, 3kWp slanted-roof installation, single-Si, panel, mounted",kWh
5355,market for solvent for chromatography analysis,kg
8433,"treatment of sewage sludge, 70% water, WWT-SLF, waste polyvinylchloride, municipal incineration FAE",MJ
6443,"natural stone plate production, cut",kg
5199,"market for sewage sludge, 97% water, WWT-SLF, municipal solid waste",kg
2413,"market for auxiliary heating unit, electric, 5kW",unit
5059,market for scrap aluminium,kg
8826,"treatment of waste plastic, industrial electronics, municipal incineration",kWh
8114,"treatment of residue from mechanical treatment, liquid crystal display, municipal incineration FAE",kg
7445,"thermal spraying, high velocity oxyfuel, tungsten carbide-cobalt, on carbon steel substrate",m2
8535,"treatment of sludge from pulp and paper production, sanitary landfill",kg
1538,"graphic paper production, 100% recycled",kg
8360,"treatment of sewage sludge, 70% water, WWT, WW from liquid crystal production, municipal incineration",kg
656,coating powder production,kg
8467,"treatment of sewage sludge, 75% water, WWT, condensate from light oil boiler, sanitary landfill",MJ
8179,"treatment of residues, MSWI-WWT, WW from glass production, residual material landfill",kg
3335,market for evaporation of milk,kg
7138,selenium production,kg
2984,"market for chromium steel removed by turning, primarily dressing, computer numerical controlled",kg
7356,"sugarcane processing, modern autonomous plant",kg
3288,"market for energy and auxilliary inputs, metal working machine",kg
7198,"sodium bicarbonate, to generic market for neutralising agent",kg
2544,"market for bottom ash, MSWI, LDPE/Alu in waste juice carton (ambient), post-industrial",kg
896,"diesel-electric generating set production, 10MW",unit
2288,"market for aircraft, belly freight, medium haul",unit
5610,"market for transport, freight, aircraft with reefer, freezing",metric ton*km
6962,"process-specific burdens, inert material landfill",kg
7298,"steam generation system construction, solar tower power plant, 20 MW",unit
6206,"market for zirconium sponge, nuclear-grade",kg
1382,"fish canning, large fish",kg
6688,"petrol production, 85% ethanol by volume from biomass",kg
4385,"market for passenger car, petrol/natural gas",kg
4320,"market for orange, processing grade",kg
23,"3-methylpyridine production",kg
7573,"transport, freight, lorry >32 metric ton, EURO2",metric ton*km
1136,"electricity, high voltage, import from MX",kWh
8615,"treatment of used double glazing, U<1.1W/m2K, laminated safety glass, collection for final disposal",m2
2006,"lightweight concrete block production, expanded perlite",kg
5274,"market for skimmed milk, from cow milk",kg
6700,petroleum refinery operation,kg
5397,market for stalk shredding,ha
5674,"market for transport, freight, lorry with refrigeration machine, 7.5-16 ton, EURO3, carbon dioxide, liquid refri(...)_14",metric ton*km
4031,"market for maintenance, train, passenger, long distance",unit
1678,"heat production, at coal coke industrial furnace 1-10MW",MJ
2821,"market for cable, unspecified",kg
2222,market for EUR-flat pallet,unit
5383,"market for spent pot liner from Al electrolysis, carbon fraction",kg
8793,"treatment of waste paint, sanitary landfill",kg
4425,"market for phosphoric acid, industrial grade, without water, in 85% solution state",kg
6535,octabenzone production,kg
8089,"treatment of raw sewage sludge, municipal incineration",MJ
6989,"pump production, 40W",unit
8225,"treatment of residues, MSWI-WWT-SLF[W], waste plastic, consumer electronics, residual material landfill, wet class",kg
2276,market for agricultural trailer,kg
7743,"treatment of blast furnace gas, in power plant",kWh
1832,"impact extrusion of steel, cold, tempering",kg
1519,"glued laminated timber production, average glue mix",kg
7562,"transport, freight, lorry 3.5-7.5 metric ton, EURO5",metric ton*km
2501,"market for biomethane, medium pressure, vehicle grade",kg
7176,silver-gold mine operation with refinery,kg
8611,"treatment of used door, inner, wood, collection for final disposal",m2
7346,succinic acid production,kg
2195,market for 1-pentanol,kg
6647,"paper production, woodcontaining, lightweight coated",kg
5999,market for waste plastic plaster,kg
8363,"treatment of sewage sludge, 70% water, WWT, WW from maize starch production, municipal incineration FAE",kWh
4111,market for metazachlor,kg
3718,"market for impact extrusion of aluminium, 2 strokes",kg
1523,"glycerine production, from epichlorohydrin",kg
2978,"market for chromium steel removed by milling, average",kg
394,broccoli production,kg
5702,"market for transport, helicopter, LTO cycle",unit
2183,"manure, liquid, swine, Recycled Content cut-off",kg
4918,"market for residues, MSWI[F], waste wood pole, chrome preserved",kg
2829,market for calcareous marl,kg
7509,"train production, passenger, long-distance",unit
8383,"treatment of sewage sludge, 70% water, WWT, heat carrier liquid, 40% C3H8O2, municipal incineration",kg
605,chloroform production,kg
887,"diesel, burned in diesel-electric generating set, 10MW",MJ
4277,"market for oil power plant, 500MW",unit
666,"cocoon production, silkworm rearing",kg
324,biogas production from grass,m3
5503,"market for tantalum concentrate, 30% Ta2O5",kg
3028,"market for combine harvesting, maize",ha
2691,"market for bottom ash, MSWI[F], waste glass",kg
3795,market for iron pellet,kg
4324,"market for organic potassium fertiliser, as K2O",kg
8546,"treatment of spent catalyst base from ethyleneoxide production, residual material landfill",kg
3905,market for light commercial vehicle,unit
742,"concrete production, 30MPa, for building construction, for interior use, with cement ZN/D, with 50% RC-C aggregates",m3
182,ammonium sulfate production,kg
8424,"treatment of sewage sludge, 70% water, WWT-SLF, waste polyethylene, municipal incineration",kWh
8343,"treatment of sewage sludge, 70% water, WWT, WW from LCD backlight production, municipal incineration FAE",kWh
5031,"market for sawnwood, board, hardwood, dried (u=10%), planed",m3
3509,"market for gas motor, mini CHP plant",unit
3613,"market for hay, Swiss integrated production, intensive",kg
1483,gas boiler production,unit
174,ammonium bicarbonate production,kg
1434,"fraction 1 from naphtha separation to generic market for chemical, organic",kg
6351,"mixed natural gas and biomethane production, high pressure",m3
58,acetonitrile to generic market for solvent for chromatography analysis,kg
910,dimethylamine borane production,kg
7651,"transport, passenger aircraft, short haul",person*km
7342,structural timber production,m3
5827,market for used blower and heat exchange unit Avent E 97,unit
8361,"treatment of sewage sludge, 70% water, WWT, WW from liquid crystal production, municipal incineration FAE",kg
1713,"heat production, mixed logs, at wood heater 6kW, state-of-the-art 2014",MJ
532,"cement mortar production, hand-mixed, on-site",kg
6498,nutrient supply from glycerin distillate bottom,kg
3104,market for corrugated board box,kg
3619,"market for heat and power co-generation unit, 160kW electrical, common components for heat+electricity",unit
3567,"market for grass, Swiss integrated production",kg
1970,"laser machining, metal, with YAG-laser, 40W power",hour
4278,"market for oil storage, 3000l",unit
5501,"market for tanker, for liquid goods other than petroleum and liquefied natural gas",unit
5407,"market for steel removed by milling, dressing",kg
2809,market for butyldiglycol acetate,kg
3389,"market for fibre, flax, short, scutched",kg
4554,"market for polystyrene foam slab, 10% recycled",kg
8690,"treatment of waste bitumen sheet, municipal incineration FAE",MJ
3549,market for glycerine,kg
4465,"market for photovoltaic slanted-roof installation, 3kWp, multi-Si, panel, mounted, on roof",unit
7033,"recultivation, ilmenite mine",m2
7086,"rye seed production, Swiss integrated production, for sowing",kg
7874,"treatment of bottom ash, MSWI[F], residue from mechanical treatment, IT accessory, slag compartment",kg
1797,"hydrocarbons, aromatic, cyclic (C9+) to generic market for residual hydrocarbon mix, from steam cracking operations",kg
4943,"market for residues, MSWI[F]-WWT-SLF, refinery sludge",kg
7725,"treatment of ash from paper production sludge, residual material landfill",kg
6433,"natural gas, liquefied, import from ID",m3
8988,"treatment of wastewater from ceramic production, wastewater treatment",m3
1016,"electricity production, photovoltaic, 3kWp slanted-roof installation, CIS, panel, mounted",kWh
7336,"strawberry production, open field, macro tunnel",kg
856,"debarking, softwood, in forest",m3
7631,"transport, freight, small lorry with refrigeration machine, EURO3, R134a refrigerant, freezing to generic market",metric ton*km
1676,"heat production, air-water heat pump 10kW",MJ
158,"aluminium turning, primarily roughing, conventional",kg
8939,"treatment of waste reinforced concrete, recycling",kg
1982,lauric diethanolamide production,kg
3257,"market for electricity, high voltage, cobalt industry",kWh
3296,market for enzymes,kg
126,"aluminium drilling, conventional",kg
1264,ethyl acetate production,kg
6472,nuclear fuel factory construction,unit
6708,phosphane production,kg
1801,hydrogen cyanide production,kg
737,"concrete production, 30-32MPa, with cement, Portland",kg
235,"bamboo forestry, sustainable forest management",kg
414,"bulk carrier production, for dry goods",unit
4475,market for pig iron,kg
7889,"treatment of bottom ash, MSWI[F], waste bitumen sheet, slag compartment",kg
3046,market for concrete mixing factory,unit
9285,"zinc scrap, post-consumer to generic market for zinc",kg
3743,"market for impact extrusion of steel, warm, 3 strokes",kg
5429,"market for stone wool, packed",kg
5287,"market for soda ash, dense",kg
1190,"electrode production, negative, Ni",kg
1943,"land already in use, pasture, man made to forest, intensive",kg
3178,market for dimethyl carbonate,kg
7363,"sulfate pulp production, from eucalyptus, bleached",kg
8626,"treatment of used intermodal shipping container, 20-foot",unit
413,"building operation, upmarket hotel",guest night
8819,"treatment of waste plastic, consumer electronics, dismantling, sorting and cleaning, formal sector",kg
1327,"fatty alcohol production, petrochemical",kg
6707,"phosgene production, liquid",kg
4892,"market for residues, MSWI[F], waste bitumen sheet",kg
6552,"operation, computer, desktop, with cathode ray tube display, home use",hour
8104,"treatment of residue from mechanical treatment, cathode ray tube display, municipal incineration FAE",kg
936,dolomite production,kg
2601,"market for bottom ash, MSWI, zinc in car shredder residue",kg
4847,"market for residues, MSWI-WWT-SLF, scrap tin sheet",kg
7590,"transport, freight, lorry with refrigeration machine, 3.5-7.5 ton, EURO5, R134a refrigerant, freezing",metric ton*km
6896,potassium mining and benefication,kg
6796,"planting with starter fertiliser or amendment, by subsoiler/v-ripper planter",ha
4642,"market for printed wiring board, through-hole mounted, unspecified, Pb containing",kg
6513,nutrient supply from thomas meal,kg
3528,market for glass fibre,kg
1807,hydrogen sulfide production,kg
3724,"market for impact extrusion of aluminium, deformation stroke",kg
4981,"market for road wear emissions, passenger car",kg
3284,market for electrostatic paint,kg
5182,"market for sewage sludge, 97% water, WWT, WW from maize starch production",kg
6733,"photovoltaic laminate production, single-Si wafer",m2
4447,"market for photovoltaic module, building-integrated, for facade installation",m2
2053,lithium manganese oxide production,kg
3565,"market for grass silage, Swiss integrated production",kg
1362,"fibre production, flax, retting",kg
9288,zineb production,kg
5522,"market for textile, knit cotton",kg
3559,"market for graphic paper, 100% recycled",kg
7290,"spiral-seam duct production, steel, DN 125",m
7639,"transport, freight, small lorry with refrigeration machine, EURO5, R134a refrigerant, freezing to generic market",metric ton*km
1501,glass fibre production,kg
4038,market for maize flour,kg
3518,"market for geothermal power plant, 5.5MWel",unit
5869,"market for used lorry, 16 metric ton",unit
8102,"treatment of residue from mechanical treatment, IT accessory, municipal incineration FAE",MJ
2625,"market for bottom ash, MSWI-WWT, WW, average",kg
4366,"market for panel glass, for cathode ray tube display",kg
1387,"fish freezing, small fish",kg
1135,"electricity, high voltage, import from MT",kWh
6655,"paper production, woodfree, uncoated, at non-integrated mill",kg
7765,"treatment of bottom ash, MSWI, residue from shredder fraction from manual dismantling, slag compartment",kg
3309,"market for ethanol, without water, in 99.7% solution state, from fermentation",kg
5580,market for toluene diisocyanate,kg
897,diethyl ether production,kg
257,"barley seed production, for sowing",kg
8440,"treatment of sewage sludge, 70% water, WWT[R], WW from anaerobic digestion of whey, municipal incineration FAE",MJ
3040,"market for compressed air, 800 kPa gauge",m3
6764,pinto bean production,kg
572,ceramic factory construction,unit
7151,shed construction,m2
5128,"market for sewage sludge, 70% water, WWT-SLF, waste plastic, mixture",kg
5039,"market for sawnwood, hardwood, dried (u=10%), planed",m3
3595,market for hard coal briquettes factory,unit
8972,"treatment of waste wood, untreated, unsanitary landfill, hyperarid infiltration class (-250mm)",kg
8000,"treatment of fly ash and scrubber sludge, hazardous waste incineration, with energy recovery",kWh
3850,"market for laser machining, metal, with CO2-laser, 6000W power",hour
8704,"treatment of waste cement-fibre slab, recycling",kg
8853,"treatment of waste polyethylene terephthalate, unsanitary landfill, hyperarid infiltration class (-250mm)",kg
7855,"treatment of bottom ash, MSWI-WWT-SLF, waste polystyrene, slag compartment",kg
4933,"market for residues, MSWI[F]-WWT, WW from plywood production",kg
7507,"tractor production, 4-wheel, agricultural",kg
1454,"furnace production, logs, hardwood storage area, 6kW",unit
7850,"treatment of bottom ash, MSWI-WWT-SLF, waste plastic plaster, slag compartment",kg
8480,"treatment of sewage sludge, 97% water, WWT, WW from concrete production, landfarming",kg
3936,market for liquefied petroleum gas,kg
8817,"treatment of waste plastic plaster, sanitary landfill",MJ
839,"cover plaster production, organic",kg
4785,"market for residues, MSWI, waste bitumen sheet",kg
5937,"market for vinasse, from fermentation of sweet sorghum",kg
551,"cement production, CP II-F",kg
1170,"electricity, high voltage, import from UZ",kWh
5849,"market for used exhaust air roof hood steel, DN 400",unit
6170,"market for wood preservative, organic, indoor use, dry",kg
2066,lutetium oxide to generic market for mischmetal,kg
2373,"market for anhydrite, burned",kg
8701,"treatment of waste cement-fibre slab, collection for final disposal",kg
4608,"market for power adapter, for laptop",unit
3834,"market for land use change, annual crop",ha
8432,"treatment of sewage sludge, 70% water, WWT-SLF, waste polyvinylchloride, municipal incineration",kWh
7387,sweet sorghum production,kg
5523,"market for textile, nonwoven polyester",kg
1084,"electricity, high voltage, import from CA-SK",kWh
3032,market for compost,kg
149,"aluminium scrap, post-consumer, Recycled Content cut-off",kg
8292,"treatment of residues, MSWI[F]-WWT, WW from tube collector production, residual material landfill",kg
8460,"treatment of sewage sludge, 75% water, WWT, WW from plywood production, sanitary landfill",kWh
8376,"treatment of sewage sludge, 70% water, WWT, WW from vegetable oil refinery, municipal incineration",kg
3058,"market for concrete, 50MPa",m3
6945,"printed wiring board production, for through-hole mounting, Pb containing surface",m2
2255,market for acetyl chloride,kg
8108,"treatment of residue from mechanical treatment, industrial device, municipal incineration FAE",MJ
256,"barley seed production, Swiss integrated production, for sowing",kg
444,"cadmium production, semiconductor-grade",kg
3071,"market for continuous dyeing, fibre, cotton",kg
7642,"transport, freight, small lorry with refrigeration machine, EURO6, R134a refrigerant, cooling to generic market",metric ton*km
4048,"market for maize seed, for sowing",kg
2343,"market for aluminium scrap, post-consumer",kg
3972,"market for machine operation, diesel, < 18.64 kW, steady-state",hour
2079,"machine operation, diesel, >= 74.57 kW, high load factor",hour
168,"aluminium, ingot, primary, import from unspecified",kg
7612,"transport, freight, lorry with refrigeration machine, 7.5-16 ton, EURO6, carbon dioxide, liquid refrigerant, freezing",metric ton*km
2654,"market for bottom ash, MSWI-WWT-SLF, waste polyvinylchloride",kg
2977,"market for chromium steel removed by drilling, conventional",kg
3520,"market for geothermal power plant, undefined type",unit
5597,"market for transformer, high voltage use",kg
6233,market group for liquefied petroleum gas,kg
376,"borax production, anhydrous, powder",kg
8427,"treatment of sewage sludge, 70% water, WWT-SLF, waste polypropylene, municipal incineration FAE",kWh
701,"compressed air production, 800 kPa gauge, <30kW, average generation",m3
9255,"wood preservative production, water-based, indoor use, occasionally wet",kg
4014,"market for maintenance, lorry 16 metric ton",unit
985,"electricity production, hard coal, at coal mine power plant",kWh
9249,"wood preservative production, inorganic salt, containing Cr, outdoor use, ground contact",kg
3385,"market for fibre, cotton",kg
6536,"offset printing, per kg printed paper",kg
5839,market for used desktop computer,kg
3737,"market for impact extrusion of steel, hot, 5 strokes",kg
3888,"market for leachate, SLF, waste polystyrene",m3
6374,n-olefins production,kg
794,"containerboard production, fluting medium, semichemical, 40% recycled content",kg
5536,"market for thermoforming, with calendering",kg
2099,"maintenance, bulk carrier, for dry goods",unit
6756,"photovoltaic slanted-roof installation, 3kWp, single-Si, panel, mounted, on roof",unit
1614,"harvesting, by potato harvester",ha
3342,market for expanded perlite,kg
4651,"market for process-specific burdens, municipal waste incineration",kg
7498,"tomato production, fresh grade, open field",kg
4024,"market for maintenance, solid oxide fuel cell, 125kW electrical, future",unit
3473,"market for furnace, logs, average storage area, 100kW",unit
8224,"treatment of residues, MSWI-WWT-SLF, wood ash mixture, pure, residual material landfill",kg
8481,"treatment of sewage sludge, 97% water, WWT, WW from glass production, landfarming",kg
5632,"market for transport, freight, lorry 28 metric ton, fatty acid methyl ester 100%",metric ton*km
1772,helicopter production,unit
7375,sulfur trioxide production,kg
5940,market for vinyl chloride,kg
3891,"market for leachate, SLF, waste wood, untreated",m3
969,"electric connector production, peripheral component interconnect buss",kg
3678,market for hexafluoroethane,kg
8862,"treatment of waste polyethylene, open dump, hyperarid infiltration class (-250mm)",kg
2349,"market for aluminium, primary, cast alloy slab from continuous casting",kg
5705,"market for transport, passenger aircraft, short haul",person*km
699,"compressed air production, 700 kPa gauge, >30kW, best generation",m3
1248,ethanol production from sugar beet molasses,kg
5381,market for spent cation exchange resin from potable water production,kg
8093,"treatment of refinery sludge, hazardous waste incineration, with energy recovery",kg
8728,"treatment of waste glass from unsorted public collection, sorting",kg
